{
"type": "FeatureCollection",
"name": "AralSeaBasin",
"crs": { "type": "name", "properties": { "name": "urn:ogc:def:crs:OGC:1.3:CRS84" } },
"features": [
{ "type": "Feature", "properties": { "HYBAS_ID": 4030050220, "NEXT_DOWN": 0, "NEXT_SINK": 4030050220, "MAIN_BAS": 4030050220, "DIST_SINK": 0.0, "DIST_MAIN": 0.0, "SUB_AREA": 804988.2, "UP_AREA": 804988.2, "PFAF_ID": 461, "ENDO": 2, "COAST": 0, "ORDER": 1, "SORT": 34 }, "geometry": { "type": "MultiPolygon", "coordinates": [ [ [ [ 67.4375, 34.6625 ], [ 67.436649237738749, 34.65918409559464 ], [ 67.431122843424504, 34.657766045464435 ], [ 67.427210489908887, 34.654733954535615 ], [ 67.418622843424501, 34.653599378797765 ], [ 67.413246663411485, 34.649432712131102 ], [ 67.410289510091175, 34.650567287868945 ], [ 67.406377156575545, 34.653599378797765 ], [ 67.395833333333357, 34.65416666666669 ], [ 67.394916110568602, 34.650592719184054 ], [ 67.370833333333366, 34.65 ], [ 67.3625, 34.65 ], [ 67.360075547960093, 34.649646674262179 ], [ 67.356591118706618, 34.646186659071205 ], [ 67.348286946614607, 34.645480007595509 ], [ 67.344091118706629, 34.649646674262179 ], [ 67.339242214626765, 34.650353325737868 ], [ 67.335757785373289, 34.653813340928842 ], [ 67.323286946614616, 34.654519992404538 ], [ 67.319091118706623, 34.650353325737868 ], [ 67.314242214626759, 34.649646674262179 ], [ 67.310757785373283, 34.646186659071205 ], [ 67.301742214626756, 34.645480007595509 ], [ 67.298257785373295, 34.642019992404535 ], [ 67.295833333333363, 34.641666666666694 ], [ 67.295172119140645, 34.634232923719644 ], [ 67.286932712131104, 34.632118394639782 ], [ 67.28812154134117, 34.609243096245685 ], [ 67.291666666666686, 34.608333333333356 ], [ 67.291666666666686, 34.59583333333336 ], [ 67.289242214626768, 34.595480007595512 ], [ 67.277424452039952, 34.583686659071205 ], [ 67.270833333333357, 34.583333333333357 ], [ 67.260075547960099, 34.583686659071205 ], [ 67.256591118706623, 34.587146674262179 ], [ 67.24411892361114, 34.587853325737868 ], [ 67.237858072916694, 34.581623670789952 ], [ 67.237146674262178, 34.576742214626762 ], [ 67.231623670789958, 34.571191406250023 ], [ 67.226742214626768, 34.570480007595506 ], [ 67.219091118706615, 34.562853325737869 ], [ 67.216666666666697, 34.5625 ], [ 67.210289510091172, 34.563067287868947 ], [ 67.202210489908879, 34.570266045464436 ], [ 67.195086669921906, 34.57140062120228 ], [ 67.189710489908876, 34.567233954535617 ], [ 67.16757575141061, 34.566043090820337 ], [ 67.166666666666686, 34.5625 ], [ 67.15833333333336, 34.5625 ], [ 67.157445949978325, 34.56595831976999 ], [ 67.147789510091172, 34.567233954535617 ], [ 67.139710489908879, 34.574432712131099 ], [ 67.13528951009117, 34.57556728786895 ], [ 67.131377156575539, 34.578599378797769 ], [ 67.125, 34.579166666666687 ], [ 67.124646674262181, 34.581591118706619 ], [ 67.119123670789961, 34.587141927083358 ], [ 67.116666666666688, 34.5875 ], [ 67.116005452473985, 34.580066257052977 ], [ 67.1125, 34.579166666666687 ], [ 67.111600409613743, 34.575661214192735 ], [ 67.097789510091175, 34.574432712131099 ], [ 67.09375, 34.571301947699673 ], [ 67.089710489908882, 34.574432712131099 ], [ 67.079166666666694, 34.575 ], [ 67.058333333333351, 34.575 ], [ 67.051742214626756, 34.575353325737872 ], [ 67.044091118706618, 34.582980007595509 ], [ 67.041666666666686, 34.583333333333357 ], [ 67.035075547960091, 34.582980007595509 ], [ 67.031591118706615, 34.579519992404535 ], [ 67.026742214626765, 34.578813340928846 ], [ 67.023257785373289, 34.575353325737872 ], [ 67.018408881293425, 34.574646674262176 ], [ 67.014924452039949, 34.571186659071202 ], [ 67.0125, 34.570833333333354 ], [ 67.000909084743952, 34.570209757487 ], [ 66.999432712131096, 34.564456176757837 ], [ 66.995655992296037, 34.559583197699673 ], [ 66.990920003255226, 34.557766045464433 ], [ 66.98554382324221, 34.561932712131096 ], [ 66.976956176757838, 34.563067287868947 ], [ 66.973043823242207, 34.566099378797766 ], [ 66.956122843424495, 34.567233954535617 ], [ 66.952210489908879, 34.570266045464436 ], [ 66.945833333333354, 34.570833333333354 ], [ 66.939242214626759, 34.570480007595506 ], [ 66.935757785373283, 34.567019992404539 ], [ 66.926742214626756, 34.566313340928843 ], [ 66.923257785373281, 34.562853325737869 ], [ 66.918408881293431, 34.562146674262173 ], [ 66.914924452039955, 34.558686659071206 ], [ 66.901742214626765, 34.557980007595511 ], [ 66.889924452039949, 34.546186659071203 ], [ 66.880908881293422, 34.545480007595508 ], [ 66.877424452039946, 34.542019992404533 ], [ 66.851742214626753, 34.541313340928845 ], [ 66.848257785373292, 34.537853325737871 ], [ 66.843408881293428, 34.537146674262175 ], [ 66.835757785373289, 34.529519992404538 ], [ 66.833333333333357, 34.52916666666669 ], [ 66.826742214626762, 34.528813340928842 ], [ 66.823257785373286, 34.525353325737868 ], [ 66.820833333333354, 34.525 ], [ 66.818622843424507, 34.524432712131102 ], [ 66.79804382324221, 34.50473395453561 ], [ 66.789456176757838, 34.503599378797766 ], [ 66.785543823242207, 34.500567287868947 ], [ 66.780017598470067, 34.499149237738735 ], [ 66.778315734863298, 34.492517428927975 ], [ 66.771684265136741, 34.490815904405402 ], [ 66.770833333333357, 34.4875 ], [ 66.768408881293425, 34.487146674262178 ], [ 66.764924452039949, 34.483686659071203 ], [ 66.7625, 34.483333333333356 ], [ 66.758333333333354, 34.483333333333356 ], [ 66.755130852593339, 34.484297688802108 ], [ 66.753523932562956, 34.489634874131966 ], [ 66.742309400770424, 34.502031792534744 ], [ 66.740620930989607, 34.507639906141513 ], [ 66.713277859158012, 34.509040323893252 ], [ 66.711857265896285, 34.522968207465297 ], [ 66.708976067437092, 34.527031792534743 ], [ 66.707690599229622, 34.533967081705754 ], [ 66.716063944498714, 34.543745252821203 ], [ 66.713142734103755, 34.547865125868078 ], [ 66.7125, 34.55 ], [ 66.7125, 34.554166666666688 ], [ 66.708333333333357, 34.554166666666688 ], [ 66.697575547960085, 34.554519992404536 ], [ 66.69202473958336, 34.560042995876756 ], [ 66.691666666666691, 34.5625 ], [ 66.69223395453561, 34.568877156575546 ], [ 66.695266045464436, 34.57278951009117 ], [ 66.696400621202272, 34.581377156575542 ], [ 66.711932712131102, 34.597789510091168 ], [ 66.713067287868938, 34.606377156575547 ], [ 66.72443271213109, 34.618622843424504 ], [ 66.725567287868941, 34.638246663411479 ], [ 66.72043745252823, 34.644865587022593 ], [ 66.713208516438826, 34.646720716688392 ], [ 66.711932712131102, 34.656377156575545 ], [ 66.700459798177107, 34.668738471137175 ], [ 66.703599378797762, 34.672789510091171 ], [ 66.70416666666668, 34.675 ], [ 66.689506530761733, 34.675617472330757 ], [ 66.685493469238295, 34.678549194335965 ], [ 66.677006530761744, 34.67978413899742 ], [ 66.672993469238307, 34.682715861002627 ], [ 66.649530877007393, 34.68395080566409 ], [ 66.643826802571638, 34.67978413899742 ], [ 66.641197543674068, 34.678549194335965 ], [ 66.63419477674698, 34.683664279513913 ], [ 66.632523769802532, 34.695145331488739 ], [ 66.620833333333351, 34.695833333333354 ], [ 66.620480007595503, 34.698257785373286 ], [ 66.617019992404536, 34.701742214626762 ], [ 66.616666666666688, 34.7125 ], [ 66.614242214626756, 34.712853325737875 ], [ 66.610757785373281, 34.716313340928842 ], [ 66.59583333333336, 34.71666666666669 ], [ 66.595145331488737, 34.728357272677975 ], [ 66.585339864095076, 34.729784138997424 ], [ 66.57663726806642, 34.737336222330754 ], [ 66.574382358127195, 34.742135959201413 ], [ 66.578549024793858, 34.747839694552979 ], [ 66.579784308539516, 34.75216030544707 ], [ 66.582715691460521, 34.756173027886312 ], [ 66.583950975206179, 34.768826972113743 ], [ 66.586882358127184, 34.772839694552978 ], [ 66.5875, 34.775 ], [ 66.586932712131102, 34.777210489908882 ], [ 66.583900621202275, 34.781122843424505 ], [ 66.582672119140639, 34.794933742947073 ], [ 66.57916666666668, 34.795833333333356 ], [ 66.578279283311645, 34.799291653103325 ], [ 66.568622843424492, 34.800567287868951 ], [ 66.564710489908876, 34.80359937879777 ], [ 66.547789510091164, 34.804733954535614 ], [ 66.53971048990887, 34.811932712131103 ], [ 66.535289510091161, 34.813067287868947 ], [ 66.529870944552968, 34.817586263020857 ], [ 66.528458150227877, 34.828279283311659 ], [ 66.521494547526061, 34.830066257052977 ], [ 66.520833333333357, 34.8375 ], [ 66.520833333333357, 34.84583333333336 ], [ 66.518408881293425, 34.846186659071208 ], [ 66.514924452039949, 34.849646674262175 ], [ 66.505908881293422, 34.850353325737871 ], [ 66.502424452039946, 34.853813340928845 ], [ 66.497575547960082, 34.854519992404541 ], [ 66.494091118706621, 34.857980007595515 ], [ 66.485075547960093, 34.858686659071203 ], [ 66.481591118706618, 34.862146674262178 ], [ 66.479166666666686, 34.8625 ], [ 66.476742214626753, 34.862853325737873 ], [ 66.471187506781703, 34.868380059136314 ], [ 66.470833333333346, 34.879166666666691 ], [ 66.468622843424498, 34.879733954535617 ], [ 66.464710489908867, 34.882766045464436 ], [ 66.456122843424495, 34.88390062120228 ], [ 66.452210489908879, 34.886932712131099 ], [ 66.44778951009117, 34.88806728786895 ], [ 66.443877156575539, 34.891099378797769 ], [ 66.43945617675783, 34.892233954535619 ], [ 66.430086432562959, 34.90058288574221 ], [ 66.428279283311653, 34.907624986436659 ], [ 66.418622843424501, 34.908900621202285 ], [ 66.41471048990887, 34.911932712131104 ], [ 66.4125, 34.9125 ], [ 66.41160040961374, 34.908994547526071 ], [ 66.404166666666683, 34.90833333333336 ], [ 66.39166666666668, 34.90833333333336 ], [ 66.391313340928832, 34.914924452039955 ], [ 66.385790167914507, 34.920475260416694 ], [ 66.383333333333354, 34.920833333333363 ], [ 66.382196214463988, 34.925264485677111 ], [ 66.377210489908876, 34.921400621202281 ], [ 66.371684265136736, 34.919982571072076 ], [ 66.369982401529967, 34.91335076226131 ], [ 66.364456176757827, 34.911932712131104 ], [ 66.36041666666668, 34.908801947699679 ], [ 66.356377156575533, 34.911932712131104 ], [ 66.345833333333346, 34.9125 ], [ 66.344982401529961, 34.909184095594647 ], [ 66.339456176757835, 34.907766045464435 ], [ 66.330103895399319, 34.899432712131102 ], [ 66.31445617675783, 34.900567287868952 ], [ 66.310543823242199, 34.903599378797772 ], [ 66.306122843424504, 34.904733954535615 ], [ 66.300746663411473, 34.908900621202285 ], [ 66.293622843424501, 34.907766045464435 ], [ 66.288246663411471, 34.903599378797772 ], [ 66.276956176757835, 34.904733954535615 ], [ 66.273043823242205, 34.907766045464435 ], [ 66.26724955240887, 34.909252929687526 ], [ 66.258900621202272, 34.918622843424508 ], [ 66.257433742947072, 34.924338785807315 ], [ 66.25, 34.925 ], [ 66.242566257052971, 34.924338785807315 ], [ 66.241099378797756, 34.918622843424508 ], [ 66.238067287868944, 34.914710489908877 ], [ 66.236932712131093, 34.906122843424505 ], [ 66.233900621202281, 34.902210489908882 ], [ 66.23276604546443, 34.899253336588565 ], [ 66.236932712131093, 34.893877156575549 ], [ 66.238067287868944, 34.884548272026933 ], [ 66.231122843424501, 34.882766045464436 ], [ 66.22721048990887, 34.879733954535617 ], [ 66.220086669921898, 34.878599378797766 ], [ 66.214583333333351, 34.882864718967042 ], [ 66.210543823242205, 34.879733954535617 ], [ 66.205017598470064, 34.878315904405405 ], [ 66.203599378797762, 34.872789510091174 ], [ 66.200567287868935, 34.86887715657555 ], [ 66.199432712131099, 34.864456176757841 ], [ 66.194830322265645, 34.85893724229603 ], [ 66.179166666666688, 34.858333333333363 ], [ 66.179166666666688, 34.866666666666696 ], [ 66.178279283311653, 34.870124986436657 ], [ 66.168622843424501, 34.871400621202284 ], [ 66.16471048990887, 34.874432712131103 ], [ 66.160289510091161, 34.875567287868947 ], [ 66.15637715657553, 34.878599378797766 ], [ 66.151956176757835, 34.879733954535617 ], [ 66.148043823242205, 34.882766045464436 ], [ 66.139456176757832, 34.88390062120228 ], [ 66.134301079644118, 34.887896050347251 ], [ 66.13248240152997, 34.894982571072077 ], [ 66.125673760308175, 34.896729871961831 ], [ 66.124432712131096, 34.909079996744815 ], [ 66.12869788275826, 34.914583333333361 ], [ 66.125567287868932, 34.918622843424508 ], [ 66.124432712131096, 34.92721048990888 ], [ 66.12140062120227, 34.931122843424504 ], [ 66.120833333333351, 34.941666666666691 ], [ 66.124362352159309, 34.942572360568604 ], [ 66.125637647840733, 34.961594306098114 ], [ 66.13248240152997, 34.963350762261314 ], [ 66.133900621202272, 34.968877156575545 ], [ 66.136932712131099, 34.972789510091175 ], [ 66.138067287868935, 34.977210489908884 ], [ 66.141099378797762, 34.981122843424508 ], [ 66.142233954535612, 34.992603895399334 ], [ 66.132750447591164, 35.003247070312526 ], [ 66.125673760308175, 35.005063205295166 ], [ 66.124432712131096, 35.017413330078149 ], [ 66.128599378797759, 35.022789510091172 ], [ 66.12973395453561, 35.025746663411482 ], [ 66.125567287868932, 35.031122843424505 ], [ 66.12414906819663, 35.036649237738743 ], [ 66.11862284342449, 35.038067287868948 ], [ 66.114710489908873, 35.041099378797767 ], [ 66.109007093641509, 35.042563205295167 ], [ 66.10776604546443, 35.054913330078151 ], [ 66.111932712131093, 35.060289510091174 ], [ 66.113067287868944, 35.067413330078153 ], [ 66.108900621202267, 35.07278951009117 ], [ 66.10776604546443, 35.080154758029543 ], [ 66.120266045464419, 35.093622843424505 ], [ 66.120833333333351, 35.1 ], [ 66.119982401529967, 35.103315904405406 ], [ 66.116666666666688, 35.104166666666693 ], [ 66.116666666666688, 35.108333333333363 ], [ 66.105908881293416, 35.107980007595515 ], [ 66.102424452039941, 35.104519992404541 ], [ 66.1, 35.104166666666693 ], [ 66.099149068196624, 35.10085076226131 ], [ 66.095833333333346, 35.1 ], [ 66.089242214626751, 35.099646674262182 ], [ 66.085757785373275, 35.096186659071208 ], [ 66.064242214626745, 35.095480007595512 ], [ 66.060416666666683, 35.091681247287354 ], [ 66.056591118706606, 35.095480007595512 ], [ 66.054166666666688, 35.09583333333336 ], [ 66.053511216905392, 35.097955661349857 ], [ 66.046488783094631, 35.106211005316865 ], [ 66.045177883572066, 35.114622328016523 ], [ 66.042322116427968, 35.118711005316868 ], [ 66.041011216905403, 35.127122328016519 ], [ 66.038155449761305, 35.131211005316871 ], [ 66.036844550238726, 35.139622328016522 ], [ 66.033988783094628, 35.143711005316867 ], [ 66.032677883572063, 35.147955661349854 ], [ 66.025655449761302, 35.156211005316869 ], [ 66.024283175998278, 35.178101433648031 ], [ 66.017425367567284, 35.180219014485708 ], [ 66.016011216905397, 35.193788994683189 ], [ 66.013128153483095, 35.197916666666693 ], [ 66.016934712727874, 35.203366258409318 ], [ 65.992731899685339, 35.204883490668429 ], [ 65.991666666666703, 35.208333333333364 ], [ 65.992019992404522, 35.235757785373295 ], [ 65.995480007595503, 35.239242214626763 ], [ 65.995833333333351, 35.241666666666696 ], [ 65.998257785373283, 35.242019992404543 ], [ 66.010075547960085, 35.253813340928851 ], [ 66.019121127658437, 35.25452236599395 ], [ 66.024646674262172, 35.260075547960099 ], [ 66.025355699327278, 35.269121127658451 ], [ 66.031249660915819, 35.274985758463572 ], [ 66.035787116156698, 35.270480007595516 ], [ 66.039924452039941, 35.271186659071212 ], [ 66.043408881293416, 35.274646674262179 ], [ 66.056591118706606, 35.275353325737875 ], [ 66.060075547960082, 35.278813340928849 ], [ 66.0625, 35.279166666666697 ], [ 66.061341179741774, 35.283219401041698 ], [ 66.056326802571633, 35.286882358127201 ], [ 66.045215691460513, 35.288499620225721 ], [ 66.06033986409507, 35.303549024793867 ], [ 66.066306389702703, 35.305254957411051 ], [ 66.078549024793858, 35.318673197428417 ], [ 66.079784308539516, 35.322993469238313 ], [ 66.086882358127184, 35.331173197428413 ], [ 66.088426378038207, 35.336573621961833 ], [ 66.093826802571627, 35.338117641872856 ], [ 66.102006530761741, 35.345215691460531 ], [ 66.110493469238293, 35.346450975206196 ], [ 66.11450653076173, 35.349382358127201 ], [ 66.120833333333351, 35.35 ], [ 66.120266045464419, 35.356377156575547 ], [ 66.117233954535607, 35.360289510091178 ], [ 66.115815734863304, 35.365815734863311 ], [ 66.109184265136733, 35.36751759847008 ], [ 66.10776604546443, 35.37304382324222 ], [ 66.104733954535604, 35.376956176757844 ], [ 66.103599378797753, 35.393877156575549 ], [ 66.100567287868941, 35.397789510091172 ], [ 66.1, 35.4 ], [ 66.085075547960102, 35.400353325737875 ], [ 66.073257785373301, 35.412146674262182 ], [ 66.070833333333368, 35.4125 ], [ 66.066666666666691, 35.4125 ], [ 66.066666666666691, 35.4166666666667 ], [ 66.0625, 35.4166666666667 ], [ 66.060075547960096, 35.416313340928852 ], [ 66.056591118706635, 35.412853325737878 ], [ 66.051742214626771, 35.412146674262182 ], [ 66.044091118706632, 35.404519992404545 ], [ 66.039242214626768, 35.403813340928849 ], [ 66.033691406250028, 35.398290167914524 ], [ 66.032980007595512, 35.393408881293432 ], [ 66.025353325737882, 35.385757785373293 ], [ 66.024646674262186, 35.380908881293436 ], [ 66.019123670789966, 35.375358072916697 ], [ 66.014242214626762, 35.374646674262181 ], [ 66.010757785373301, 35.371186659071213 ], [ 66.001742214626773, 35.370480007595518 ], [ 65.998257785373298, 35.367019992404543 ], [ 65.981620279947947, 35.366313340928848 ], [ 65.977082655164963, 35.370819600423204 ], [ 65.967024400499156, 35.360788472493518 ], [ 65.966666666666697, 35.358333333333363 ], [ 65.955908881293439, 35.357980007595515 ], [ 65.952424452039963, 35.354519992404541 ], [ 65.93162027994795, 35.353813340928852 ], [ 65.927424452039958, 35.357980007595515 ], [ 65.90833333333336, 35.358333333333363 ], [ 65.905017428927977, 35.357482401529978 ], [ 65.903029378255241, 35.349735344780846 ], [ 65.898043823242219, 35.353599378797774 ], [ 65.879166666666691, 35.3541666666667 ], [ 65.876742214626759, 35.354519992404541 ], [ 65.873257785373298, 35.357980007595515 ], [ 65.858333333333363, 35.358333333333363 ], [ 65.855908881293431, 35.357980007595515 ], [ 65.852424452039955, 35.354519992404541 ], [ 65.8375, 35.3541666666667 ], [ 65.83536512586808, 35.354809400770428 ], [ 65.831301540798634, 35.357690599229628 ], [ 65.817696804470515, 35.359078301323812 ], [ 65.81562093098961, 35.365973409016959 ], [ 65.789531792534746, 35.367309400770431 ], [ 65.784208848741343, 35.371083577473989 ], [ 65.782554456922767, 35.354864501953152 ], [ 65.766666666666694, 35.3541666666667 ], [ 65.755908881293436, 35.353813340928852 ], [ 65.752424452039961, 35.350353325737878 ], [ 65.718408881293428, 35.349646674262182 ], [ 65.714924452039952, 35.346186659071208 ], [ 65.705908881293425, 35.345480007595512 ], [ 65.7003580729167, 35.339956834581194 ], [ 65.699646674262183, 35.335075547960102 ], [ 65.694119940863743, 35.329520840115045 ], [ 65.672575547960093, 35.328813340928846 ], [ 65.669091118706632, 35.325353325737879 ], [ 65.664242214626768, 35.324646674262183 ], [ 65.660757785373292, 35.321186659071209 ], [ 65.654166666666697, 35.320833333333361 ], [ 65.654524739583366, 35.318376498752201 ], [ 65.660075547960105, 35.312853325737876 ], [ 65.6625, 35.3125 ], [ 65.666043090820338, 35.311590745714007 ], [ 65.6666666666667, 35.3 ], [ 65.666313340928852, 35.289242214626768 ], [ 65.662853325737871, 35.285757785373292 ], [ 65.6625, 35.28333333333336 ], [ 65.647575547960102, 35.282980007595512 ], [ 65.644091118706626, 35.279519992404545 ], [ 65.639242214626762, 35.278813340928849 ], [ 65.6354166666667, 35.275014580620692 ], [ 65.63125, 35.279152086046039 ], [ 65.627424452039961, 35.275353325737875 ], [ 65.622575547960096, 35.274646674262179 ], [ 65.606591118706632, 35.258686659071209 ], [ 65.593408881293428, 35.257980007595513 ], [ 65.58369106716583, 35.24828847249352 ], [ 65.583333333333357, 35.245833333333366 ], [ 65.576956176757847, 35.24526604546444 ], [ 65.573043823242216, 35.242233954535621 ], [ 65.570086669921906, 35.24109937879777 ], [ 65.564710489908876, 35.24526604546444 ], [ 65.547789510091178, 35.246400621202284 ], [ 65.542634412977463, 35.250395880805151 ], [ 65.540503607855925, 35.258699205186659 ], [ 65.531377156575545, 35.250567287868954 ], [ 65.518622843424509, 35.249432712131103 ], [ 65.514710489908879, 35.246400621202284 ], [ 65.501956176757844, 35.24526604546444 ], [ 65.496801079644129, 35.241270785861573 ], [ 65.495833333333366, 35.2375 ], [ 65.485289510091178, 35.236932712131107 ], [ 65.481377156575547, 35.233900621202288 ], [ 65.478229437934061, 35.232766045464437 ], [ 65.467586263020863, 35.242249552408886 ], [ 65.466099378797765, 35.248043823242213 ], [ 65.463067287868952, 35.251956176757844 ], [ 65.46164923773874, 35.257482401529977 ], [ 65.458333333333357, 35.258333333333361 ], [ 65.457980007595509, 35.281591118706629 ], [ 65.446186659071202, 35.293408881293431 ], [ 65.445833333333354, 35.295833333333363 ], [ 65.435339694552979, 35.296450975206191 ], [ 65.431326972113737, 35.299382358127197 ], [ 65.425926378038227, 35.300926378038227 ], [ 65.424382527669295, 35.306326802571647 ], [ 65.421450805664094, 35.310339864095084 ], [ 65.420215861002632, 35.322993469238313 ], [ 65.417284138997417, 35.32700653076175 ], [ 65.416049194335969, 35.331326802571645 ], [ 65.395768568250901, 35.352726745605501 ], [ 65.402006361219648, 35.357715691460534 ], [ 65.411764865451417, 35.359135945638052 ], [ 65.413117472330754, 35.37299346923831 ], [ 65.41663275824655, 35.377805582682321 ], [ 65.410493638780409, 35.382715691460533 ], [ 65.402006361219648, 35.38395097520619 ], [ 65.393826972113743, 35.391049024793865 ], [ 65.3868825276693, 35.393034532335101 ], [ 65.388175116644987, 35.415668402777811 ], [ 65.391666666666694, 35.4166666666667 ], [ 65.391313340928846, 35.419091118706625 ], [ 65.385432603624153, 35.425001356336836 ], [ 65.38125, 35.42084791395402 ], [ 65.377424452039961, 35.424646674262185 ], [ 65.35, 35.425 ], [ 65.349432712131104, 35.427210489908887 ], [ 65.34073757595489, 35.436797078450553 ], [ 65.331122843424509, 35.438067287868954 ], [ 65.323043823242216, 35.445266045464443 ], [ 65.301956176757841, 35.446400621202287 ], [ 65.293877156575547, 35.453599378797776 ], [ 65.289456176757838, 35.454733954535619 ], [ 65.285543823242207, 35.457766045464439 ], [ 65.280017428927977, 35.459184265136749 ], [ 65.279166666666697, 35.4625 ], [ 65.264242214626762, 35.462853325737875 ], [ 65.260757785373286, 35.466313340928849 ], [ 65.256620279947938, 35.467019992404545 ], [ 65.252424452039961, 35.462853325737875 ], [ 65.25, 35.4625 ], [ 65.249382527669297, 35.460339864095083 ], [ 65.246450805664082, 35.456326802571645 ], [ 65.245215861002634, 35.45200653076175 ], [ 65.24228413899742, 35.447993469238313 ], [ 65.241049194335957, 35.443673197428417 ], [ 65.238117472330757, 35.43966013590498 ], [ 65.236697387695344, 35.429901801215308 ], [ 65.229166666666686, 35.429166666666696 ], [ 65.222575547960091, 35.429519992404543 ], [ 65.219091118706615, 35.432980007595518 ], [ 65.216666666666697, 35.433333333333366 ], [ 65.210075547960088, 35.433686659071213 ], [ 65.202424452039949, 35.441313340928851 ], [ 65.193408881293422, 35.442019992404546 ], [ 65.189924452039961, 35.445480007595513 ], [ 65.155908881293428, 35.446186659071209 ], [ 65.143750678168431, 35.458319600423209 ], [ 65.139924452039949, 35.454519992404542 ], [ 65.129166666666691, 35.454166666666694 ], [ 65.128505452473988, 35.446732923719651 ], [ 65.125, 35.445833333333361 ], [ 65.118408881293433, 35.445480007595513 ], [ 65.114583333333357, 35.441681247287356 ], [ 65.110757785373295, 35.445480007595513 ], [ 65.1, 35.445833333333361 ], [ 65.09910040961374, 35.449338785807321 ], [ 65.085289510091172, 35.450567287868957 ], [ 65.081377156575542, 35.453599378797776 ], [ 65.056122843424504, 35.454733954535619 ], [ 65.052210489908873, 35.457766045464439 ], [ 65.043622843424501, 35.458900621202289 ], [ 65.039710489908884, 35.461932712131109 ], [ 65.031122843424498, 35.463067287868952 ], [ 65.027210489908882, 35.466099378797772 ], [ 65.021447414822077, 35.467578294542129 ], [ 65.020219251844637, 35.494921705457926 ], [ 65.014456176757832, 35.496400621202291 ], [ 65.010543823242216, 35.49943271213111 ], [ 64.997789510091167, 35.500567287868954 ], [ 64.99375, 35.503697882758274 ], [ 64.989583333333357, 35.500468783908453 ], [ 64.98554382324221, 35.503599378797773 ], [ 64.975887383355058, 35.504875183105497 ], [ 64.974432712131104, 35.510543823242216 ], [ 64.970655992296031, 35.515416971842477 ], [ 64.965920003255235, 35.517233954535619 ], [ 64.960543823242205, 35.513067287868957 ], [ 64.958333333333357, 35.5125 ], [ 64.952006361219645, 35.51311764187286 ], [ 64.947993638780403, 35.516049024793865 ], [ 64.945364040798637, 35.51728430853953 ], [ 64.939660305447077, 35.51311764187286 ], [ 64.935339694552979, 35.511882358127203 ], [ 64.931326972113737, 35.508950975206197 ], [ 64.917469278971382, 35.507598198784756 ], [ 64.916049194335955, 35.497839864095084 ], [ 64.900617472330751, 35.481326802571644 ], [ 64.899382527669289, 35.478697543674073 ], [ 64.90424126519099, 35.472045898437528 ], [ 64.897839694552971, 35.470215691460531 ], [ 64.893826972113743, 35.467284308539526 ], [ 64.8875, 35.466666666666697 ], [ 64.886733330620686, 35.469921366373725 ], [ 64.882392713758705, 35.471362813313831 ], [ 64.877248128255232, 35.467196146647169 ], [ 64.843585205078142, 35.466137186686225 ], [ 64.839748297797328, 35.463029479980499 ], [ 64.835251702202711, 35.461970520019563 ], [ 64.823081631130663, 35.450529479980503 ], [ 64.814418368869383, 35.44947052001956 ], [ 64.81058163113066, 35.446362813313833 ], [ 64.807250298394123, 35.445303853352897 ], [ 64.798081631130657, 35.45363718668623 ], [ 64.768585035536049, 35.454696146647166 ], [ 64.764583333333348, 35.457937452528242 ], [ 64.760581631130663, 35.454696146647166 ], [ 64.751918368869383, 35.45363718668623 ], [ 64.74808163113066, 35.450529479980503 ], [ 64.743585035536043, 35.44947052001956 ], [ 64.739748297797334, 35.446362813313833 ], [ 64.73108503553604, 35.445303853352897 ], [ 64.727248297797331, 35.442196146647163 ], [ 64.725, 35.441666666666698 ], [ 64.706122843424495, 35.441099378797773 ], [ 64.702210489908879, 35.438067287868954 ], [ 64.68945617675783, 35.43693271213111 ], [ 64.685543823242213, 35.433900621202284 ], [ 64.676956176757827, 35.43276604546444 ], [ 64.67304382324221, 35.429733954535621 ], [ 64.668622843424501, 35.42859937879777 ], [ 64.66471048990887, 35.425567287868951 ], [ 64.659548272026925, 35.424432712131107 ], [ 64.657427639431447, 35.432695685492654 ], [ 64.63840569390193, 35.433970981174078 ], [ 64.6375, 35.4375 ], [ 64.635075547960085, 35.437146674262181 ], [ 64.62952473958336, 35.431623501247863 ], [ 64.629166666666691, 35.429166666666696 ], [ 64.617443339029961, 35.428446790907145 ], [ 64.616666666666688, 35.420833333333363 ], [ 64.601956176757838, 35.421400621202288 ], [ 64.593877156575545, 35.42859937879777 ], [ 64.584220716688392, 35.429875183105501 ], [ 64.583333333333357, 35.433333333333366 ], [ 64.580017598470079, 35.43418426513675 ], [ 64.57916666666668, 35.4375 ], [ 64.566666666666691, 35.4375 ], [ 64.547575547960093, 35.437146674262181 ], [ 64.544091118706618, 35.433686659071213 ], [ 64.530908881293428, 35.432980007595518 ], [ 64.525354851616768, 35.427453782823378 ], [ 64.525, 35.420833333333363 ], [ 64.520833333333357, 35.420833333333363 ], [ 64.4875, 35.420833333333363 ], [ 64.487146674262178, 35.423257785373295 ], [ 64.483686659071196, 35.426742214626763 ], [ 64.483333333333348, 35.45 ], [ 64.48001759847007, 35.450850931803416 ], [ 64.479166666666686, 35.454166666666694 ], [ 64.476956176757838, 35.453599378797776 ], [ 64.468877156575545, 35.446400621202287 ], [ 64.464456176757835, 35.445266045464443 ], [ 64.460543823242205, 35.442233954535624 ], [ 64.456122843424495, 35.441099378797773 ], [ 64.452210489908879, 35.438067287868954 ], [ 64.44778951009117, 35.43693271213111 ], [ 64.439710489908876, 35.429733954535621 ], [ 64.430054050021724, 35.428458150227897 ], [ 64.428599378797756, 35.422789510091178 ], [ 64.425567287868944, 35.418877156575547 ], [ 64.425, 35.4125 ], [ 64.418622843424501, 35.413067287868955 ], [ 64.41471048990887, 35.416099378797774 ], [ 64.386753336588555, 35.417233954535618 ], [ 64.381377156575539, 35.413067287868955 ], [ 64.375850931803399, 35.411649068196645 ], [ 64.374432712131096, 35.406122843424512 ], [ 64.357656182183177, 35.388395521375898 ], [ 64.351956176757824, 35.386932712131106 ], [ 64.348043823242207, 35.383900621202287 ], [ 64.345833333333346, 35.383333333333361 ], [ 64.345480007595498, 35.385757785373293 ], [ 64.342019992404531, 35.389242214626769 ], [ 64.341666666666683, 35.391666666666694 ], [ 64.341313340928835, 35.394091118706626 ], [ 64.3357877943251, 35.399644300672776 ], [ 64.326742214626748, 35.400353325737875 ], [ 64.323257785373286, 35.403813340928849 ], [ 64.310075547960082, 35.404519992404545 ], [ 64.30625, 35.408318752712702 ], [ 64.302424452039944, 35.404519992404545 ], [ 64.291666666666686, 35.404166666666697 ], [ 64.2875, 35.404166666666697 ], [ 64.287146674262175, 35.406591118706629 ], [ 64.28162350124785, 35.412141927083361 ], [ 64.276742214626751, 35.412853325737878 ], [ 64.273257785373275, 35.416313340928852 ], [ 64.268408881293425, 35.417019992404548 ], [ 64.262858072916686, 35.422543165418865 ], [ 64.262146674262169, 35.427424452039958 ], [ 64.258686659071202, 35.430908881293433 ], [ 64.258333333333354, 35.433333333333366 ], [ 64.2625, 35.433333333333366 ], [ 64.262853325737865, 35.435757785373298 ], [ 64.270480007595509, 35.443408881293436 ], [ 64.271186659071191, 35.448257785373293 ], [ 64.274646674262172, 35.451742214626769 ], [ 64.275, 35.454166666666694 ], [ 64.274646674262172, 35.456591118706626 ], [ 64.271186659071191, 35.460075547960102 ], [ 64.270480007595509, 35.464924452039959 ], [ 64.262853325737865, 35.472575547960098 ], [ 64.2625, 35.475 ], [ 64.26993374294706, 35.475661214192741 ], [ 64.271400621202275, 35.481377156575554 ], [ 64.275395880805135, 35.486532253689269 ], [ 64.281377156575545, 35.488067287868958 ], [ 64.289456176757824, 35.49526604546444 ], [ 64.294982401529964, 35.49668426513675 ], [ 64.296400621202281, 35.502210489908883 ], [ 64.299432712131093, 35.506122843424507 ], [ 64.300567287868944, 35.518877156575549 ], [ 64.304562547471804, 35.524032253689271 ], [ 64.310543823242199, 35.525567287868952 ], [ 64.319913567437084, 35.53391621907555 ], [ 64.321400621202272, 35.539710489908884 ], [ 64.328599378797762, 35.547789510091178 ], [ 64.329733954535612, 35.56054382324222 ], [ 64.332766045464425, 35.564456176757844 ], [ 64.333900621202275, 35.573043823242216 ], [ 64.336932712131087, 35.576956176757847 ], [ 64.338067287868938, 35.581377156575556 ], [ 64.341099378797765, 35.585289510091179 ], [ 64.342233954535601, 35.589710489908889 ], [ 64.345266045464427, 35.593622843424512 ], [ 64.345833333333346, 35.595833333333367 ], [ 64.345266045464427, 35.598043823242222 ], [ 64.342233954535601, 35.601956176757845 ], [ 64.341099378797765, 35.606377156575554 ], [ 64.333900621202275, 35.614456176757841 ], [ 64.332482401529973, 35.619982401529981 ], [ 64.325607469346807, 35.621746656629803 ], [ 64.324432712131099, 35.652210489908889 ], [ 64.321400621202272, 35.656122843424512 ], [ 64.320266045464422, 35.660543823242222 ], [ 64.30890062120227, 35.672789510091178 ], [ 64.308333333333351, 35.675 ], [ 64.3, 35.675 ], [ 64.299646674262164, 35.677424452039965 ], [ 64.277453782823372, 35.69964243570967 ], [ 64.275, 35.7 ], [ 64.271684265136741, 35.700850931803416 ], [ 64.270833333333357, 35.704166666666701 ], [ 64.268408881293425, 35.704519992404549 ], [ 64.256591118706609, 35.716313340928849 ], [ 64.251742214626759, 35.717019992404545 ], [ 64.248257785373283, 35.720480007595519 ], [ 64.245833333333351, 35.720833333333367 ], [ 64.24478759765627, 35.724306742350294 ], [ 64.218698289659301, 35.725642734103765 ], [ 64.214635043674065, 35.728523932562965 ], [ 64.206198289659298, 35.729809400770435 ], [ 64.202135043674062, 35.732690599229635 ], [ 64.196631198459215, 35.734347534179719 ], [ 64.195006815592464, 35.745006815592482 ], [ 64.185364956325969, 35.746476067437101 ], [ 64.181301710340733, 35.7493572658963 ], [ 64.177031622992644, 35.750642734103764 ], [ 64.172968377007393, 35.75352393256297 ], [ 64.164531622992641, 35.754809400770434 ], [ 64.152135043674065, 35.766023932562966 ], [ 64.149678209092897, 35.767309400770429 ], [ 64.143801710340725, 35.763142734103766 ], [ 64.121748860677101, 35.761857265896303 ], [ 64.120190599229616, 35.777135043674079 ], [ 64.117309400770409, 35.781198289659322 ], [ 64.116023932562953, 35.785468377007412 ], [ 64.113142734103747, 35.789531622992655 ], [ 64.111765882704006, 35.807492743598125 ], [ 64.102031622992641, 35.808976067437101 ], [ 64.096553887261294, 35.813266160753074 ], [ 64.095129733615465, 35.836457316080761 ], [ 64.089531622992638, 35.838142734103769 ], [ 64.075085957845062, 35.851349555121558 ], [ 64.078523932562945, 35.856198289659325 ], [ 64.07916666666668, 35.8625 ], [ 64.075708516438823, 35.863387383355068 ], [ 64.074432712131085, 35.87304382324222 ], [ 64.063067287868932, 35.885289510091177 ], [ 64.06164906819663, 35.890815734863317 ], [ 64.05612284342449, 35.892233954535627 ], [ 64.048043823242196, 35.899432712131109 ], [ 64.043622843424501, 35.900567287868959 ], [ 64.038467746310772, 35.904562547471819 ], [ 64.0375, 35.908333333333367 ], [ 64.03693271213109, 35.910543823242222 ], [ 64.033900621202278, 35.914456176757845 ], [ 64.032482401529961, 35.919982401529985 ], [ 64.029166666666697, 35.92083333333337 ], [ 64.029784308539519, 35.922993469238314 ], [ 64.032715691460524, 35.927006530761751 ], [ 64.034038967556441, 35.945026312934061 ], [ 64.04382680257163, 35.946450975206197 ], [ 64.047839864095067, 35.949382358127203 ], [ 64.05, 35.95 ], [ 64.049411010742205, 35.978248596191442 ], [ 64.042327880859389, 35.980066257052982 ], [ 64.0416666666667, 35.9875 ], [ 64.052424452039944, 35.987853325737881 ], [ 64.055908881293419, 35.991313340928855 ], [ 64.060757785373283, 35.992019992404551 ], [ 64.070475599500881, 36.001711527506544 ], [ 64.070833333333354, 36.004166666666698 ], [ 64.071400621202272, 36.014710489908886 ], [ 64.074432712131085, 36.018622843424517 ], [ 64.075567287868935, 36.027951727973125 ], [ 64.067517598470062, 36.030017598470089 ], [ 64.066099378797759, 36.035543823242222 ], [ 64.063067287868932, 36.039456176757845 ], [ 64.0625, 36.0875 ], [ 64.063123575846376, 36.099090745714008 ], [ 64.068877156575539, 36.100567287868962 ], [ 64.072789510091155, 36.103599378797782 ], [ 64.083333333333343, 36.1041666666667 ], [ 64.083686659071191, 36.106591118706632 ], [ 64.087146674262172, 36.110075547960108 ], [ 64.087853325737868, 36.114924452039965 ], [ 64.091313340928835, 36.118408881293441 ], [ 64.091666666666683, 36.120833333333366 ], [ 64.091666666666683, 36.125 ], [ 64.091099378797765, 36.127210489908876 ], [ 64.083900621202275, 36.13528951009117 ], [ 64.082766045464425, 36.142413330078142 ], [ 64.086932712131087, 36.147789510091165 ], [ 64.088067287868938, 36.152210489908875 ], [ 64.091868082682311, 36.157114664713561 ], [ 64.090820990668419, 36.161785888671893 ], [ 64.081122843424495, 36.163067287868941 ], [ 64.077210489908865, 36.16609937879776 ], [ 64.071494547526058, 36.167566257052968 ], [ 64.070833333333354, 36.175 ], [ 64.06445617675783, 36.174432712131093 ], [ 64.060543823242199, 36.171400621202274 ], [ 64.05121493869359, 36.17026604546443 ], [ 64.049432712131093, 36.177210489908873 ], [ 64.044842868381096, 36.182714165581615 ], [ 64.022789510091158, 36.183900621202277 ], [ 64.018877156575542, 36.186932712131096 ], [ 64.014456176757832, 36.188067287868947 ], [ 64.002210489908876, 36.199432712131099 ], [ 63.99654184977215, 36.200887383355052 ], [ 63.995124816894545, 36.211612616644985 ], [ 63.989456176757827, 36.213067287868945 ], [ 63.981258816189253, 36.220371500651062 ], [ 63.97721048990887, 36.217233954535608 ], [ 63.959548272026922, 36.216099378797765 ], [ 63.95833333333335, 36.220833333333353 ], [ 63.954166666666694, 36.220833333333353 ], [ 63.951742214626748, 36.221186659071201 ], [ 63.948257785373279, 36.224646674262175 ], [ 63.945833333333361, 36.225 ], [ 63.945833333333361, 36.270833333333357 ], [ 63.952424452039942, 36.271186659071205 ], [ 63.960075547960081, 36.278813340928842 ], [ 63.969091118706615, 36.279519992404538 ], [ 63.97880893283422, 36.289211697048636 ], [ 63.979519992404526, 36.294091118706618 ], [ 63.987146674262171, 36.301742214626756 ], [ 63.9875, 36.320833333333354 ], [ 63.989924452039944, 36.321186659071202 ], [ 63.993408881293419, 36.324646674262176 ], [ 64.020833333333343, 36.325 ], [ 64.021684265136727, 36.3283159044054 ], [ 64.027210489908867, 36.329733954535612 ], [ 64.032365587022582, 36.333729383680577 ], [ 64.033333333333346, 36.3375 ], [ 64.060757785373283, 36.337146674262172 ], [ 64.064953782823366, 36.332980007595509 ], [ 64.069091118706609, 36.333686659071205 ], [ 64.072575547960085, 36.337146674262172 ], [ 64.077424452039949, 36.337853325737868 ], [ 64.094116550021724, 36.354519992404533 ], [ 64.102424452039941, 36.353813340928838 ], [ 64.110075547960079, 36.346186659071201 ], [ 64.116666666666688, 36.345833333333353 ], [ 64.117019992404536, 36.348257785373285 ], [ 64.124646674262166, 36.355908881293423 ], [ 64.125354851616763, 36.369120279947936 ], [ 64.131618923611128, 36.375353325737869 ], [ 64.139924452039949, 36.374646674262173 ], [ 64.143750678168416, 36.370847235785611 ], [ 64.151742214626751, 36.378813340928843 ], [ 64.158333333333346, 36.379166666666691 ], [ 64.158688184950108, 36.385786946614608 ], [ 64.164242214626753, 36.391313340928839 ], [ 64.166666666666686, 36.391666666666687 ], [ 64.168877156575533, 36.392233954535612 ], [ 64.174032253689248, 36.396229383680577 ], [ 64.175567287868944, 36.402210489908875 ], [ 64.18005913628474, 36.407596503363735 ], [ 64.188246663411476, 36.408900621202278 ], [ 64.193622843424492, 36.404733954535615 ], [ 64.206377156575542, 36.403599378797765 ], [ 64.211362881130654, 36.399735514322941 ], [ 64.213350931803404, 36.407482571072073 ], [ 64.220159573025185, 36.409229871961827 ], [ 64.221400621202278, 36.421579996744811 ], [ 64.217233954535601, 36.426956176757834 ], [ 64.216666666666683, 36.445833333333354 ], [ 64.21887715657553, 36.44640062120228 ], [ 64.226956176757824, 36.453599378797769 ], [ 64.232937452528233, 36.455134412977451 ], [ 64.236932712131093, 36.460289510091165 ], [ 64.238399590386308, 36.466005452473979 ], [ 64.245833333333351, 36.46666666666669 ], [ 64.245480007595503, 36.485757785373288 ], [ 64.237853325737859, 36.493408881293426 ], [ 64.237146674262164, 36.51004638671877 ], [ 64.241313340928841, 36.514242214626762 ], [ 64.241666666666688, 36.52916666666669 ], [ 64.244982401529967, 36.530017428927977 ], [ 64.24640062120227, 36.535543823242207 ], [ 64.249432712131096, 36.539456176757838 ], [ 64.25070851643882, 36.54911261664499 ], [ 64.254166666666677, 36.55 ], [ 64.254166666666677, 36.570833333333354 ], [ 64.254166666666677, 36.575 ], [ 64.254519992404525, 36.577424452039956 ], [ 64.257980007595506, 36.580908881293425 ], [ 64.258686659071202, 36.585757785373289 ], [ 64.262146674262169, 36.589242214626758 ], [ 64.262853325737865, 36.593379720052106 ], [ 64.258347066243502, 36.597917344835096 ], [ 64.270480007595509, 36.610075547960093 ], [ 64.271186659071191, 36.618379720052104 ], [ 64.267019992404528, 36.622575547960096 ], [ 64.266313340928832, 36.627424452039953 ], [ 64.262853325737865, 36.630908881293429 ], [ 64.2625, 36.6375 ], [ 64.262853325737865, 36.639924452039956 ], [ 64.272544860839858, 36.649642266167561 ], [ 64.277424452039952, 36.650353325737868 ], [ 64.291312493218328, 36.664215766059051 ], [ 64.291666666666686, 36.675 ], [ 64.294091118706618, 36.675353325737873 ], [ 64.299641927083357, 36.680876329210093 ], [ 64.3, 36.683333333333358 ], [ 64.314924452039946, 36.682980007595511 ], [ 64.318408881293422, 36.679519992404536 ], [ 64.323257785373286, 36.678813340928841 ], [ 64.327453782823369, 36.674646674262178 ], [ 64.331591118706612, 36.675353325737873 ], [ 64.335075547960088, 36.678813340928841 ], [ 64.344091118706615, 36.679519992404536 ], [ 64.347916666666691, 36.683318752712701 ], [ 64.352083333333354, 36.679181247287353 ], [ 64.355908881293416, 36.682980007595511 ], [ 64.370833333333351, 36.683333333333358 ], [ 64.373257785373283, 36.683686659071206 ], [ 64.378812154134138, 36.68921339246964 ], [ 64.379519992404539, 36.70587972005211 ], [ 64.375353325737862, 36.710075547960095 ], [ 64.374646674262166, 36.714924452039952 ], [ 64.367019992404536, 36.722575547960091 ], [ 64.366313340928841, 36.727424452039955 ], [ 64.356619432237437, 36.73714463975697 ], [ 64.347575547960091, 36.737853325737873 ], [ 64.344091118706615, 36.741313340928841 ], [ 64.310075547960082, 36.742019992404536 ], [ 64.296187845865902, 36.755882093641517 ], [ 64.295480007595501, 36.772549099392386 ], [ 64.303813340928841, 36.780908881293428 ], [ 64.304166666666688, 36.78333333333336 ], [ 64.303279283311653, 36.786791653103322 ], [ 64.293622843424501, 36.788067287868948 ], [ 64.28971048990887, 36.791099378797767 ], [ 64.285289510091161, 36.792233954535618 ], [ 64.281377156575545, 36.795266045464437 ], [ 64.271720716688378, 36.796541680230057 ], [ 64.270266045464425, 36.80221048990888 ], [ 64.261917114257827, 36.811580403645856 ], [ 64.256122843424492, 36.813067287868947 ], [ 64.252210489908876, 36.816099378797766 ], [ 64.231122843424501, 36.817233954535617 ], [ 64.225967746310786, 36.821229383680581 ], [ 64.22443271213109, 36.827210489908879 ], [ 64.221400621202278, 36.831122843424502 ], [ 64.220833333333346, 36.833333333333357 ], [ 64.220833333333346, 36.84166666666669 ], [ 64.225264655219206, 36.842803955078153 ], [ 64.220266045464427, 36.849253336588568 ], [ 64.221400621202278, 36.856377156575547 ], [ 64.22443271213109, 36.860289510091171 ], [ 64.225567287868941, 36.86471048990888 ], [ 64.241099378797756, 36.881122843424507 ], [ 64.242554050021724, 36.886791653103323 ], [ 64.253279283311656, 36.888208346896725 ], [ 64.255017598470076, 36.894982571072077 ], [ 64.258333333333354, 36.895833333333357 ], [ 64.273257785373275, 36.895480007595509 ], [ 64.276742214626751, 36.892019992404542 ], [ 64.294091118706618, 36.891313340928846 ], [ 64.2982871161567, 36.887146674262176 ], [ 64.302424452039944, 36.887853325737872 ], [ 64.305908881293419, 36.891313340928846 ], [ 64.316666666666691, 36.891666666666694 ], [ 64.317290242513039, 36.903257581922766 ], [ 64.324149068196633, 36.905017428927977 ], [ 64.325567287868935, 36.910543823242215 ], [ 64.332766045464425, 36.918622843424508 ], [ 64.333900621202275, 36.92304382324221 ], [ 64.336932712131087, 36.926956176757841 ], [ 64.338067287868938, 36.93137715657555 ], [ 64.341099378797765, 36.935289510091174 ], [ 64.342233954535601, 36.939710489908883 ], [ 64.346836344401055, 36.945229424370687 ], [ 64.377210489908876, 36.946400621202287 ], [ 64.382365587022591, 36.950396050347251 ], [ 64.383900621202272, 36.956377156575549 ], [ 64.386932712131099, 36.960289510091172 ], [ 64.388067287868935, 36.963246663411482 ], [ 64.383795166015645, 36.968758816189265 ], [ 64.391099378797762, 36.976956176757838 ], [ 64.392233954535612, 36.98971048990888 ], [ 64.395266045464425, 36.993622843424504 ], [ 64.396400621202275, 37.002210489908883 ], [ 64.399432712131102, 37.006122843424507 ], [ 64.400567287868938, 37.014710489908879 ], [ 64.403599378797765, 37.018622843424509 ], [ 64.404733954535615, 37.027210489908882 ], [ 64.407766045464427, 37.031122843424505 ], [ 64.408900621202278, 37.035543823242215 ], [ 64.42026604546443, 37.047789510091171 ], [ 64.421400621202281, 37.05221048990888 ], [ 64.424432712131093, 37.056122843424504 ], [ 64.425567287868944, 37.059079996744821 ], [ 64.421302117241765, 37.06458333333336 ], [ 64.424432712131093, 37.068622843424507 ], [ 64.42585093180341, 37.074149237738744 ], [ 64.431377156575536, 37.07556728786895 ], [ 64.43945617675783, 37.082766045464439 ], [ 64.443877156575539, 37.083900621202282 ], [ 64.44778951009117, 37.086932712131102 ], [ 64.456377156575542, 37.088067287868952 ], [ 64.460289510091158, 37.091099378797772 ], [ 64.468877156575545, 37.092233954535615 ], [ 64.474344041612426, 37.096793280707494 ], [ 64.475, 37.104166666666693 ], [ 64.47443271213109, 37.110543823242217 ], [ 64.471400621202278, 37.114456176757841 ], [ 64.470266045464427, 37.11887715657555 ], [ 64.467233954535615, 37.122789510091174 ], [ 64.466099378797765, 37.127210489908883 ], [ 64.454733954535612, 37.13945617675784 ], [ 64.453599378797762, 37.143877156575549 ], [ 64.450567287868935, 37.147789510091172 ], [ 64.449100409613735, 37.153505452473986 ], [ 64.441666666666691, 37.154166666666697 ], [ 64.44223395453561, 37.173043823242217 ], [ 64.445266045464422, 37.176956176757841 ], [ 64.446400621202272, 37.182118394639787 ], [ 64.43945617675783, 37.183900621202284 ], [ 64.435543823242199, 37.186932712131103 ], [ 64.431122843424504, 37.188067287868954 ], [ 64.427210489908873, 37.191099378797773 ], [ 64.421684265136733, 37.192517598470083 ], [ 64.42026604546443, 37.198043823242216 ], [ 64.413067287868941, 37.206122843424509 ], [ 64.4125, 37.2125 ], [ 64.411649068196638, 37.215815734863313 ], [ 64.406122843424498, 37.217233954535615 ], [ 64.402210489908867, 37.220266045464442 ], [ 64.393622843424495, 37.221400621202285 ], [ 64.384253099229625, 37.229749552408883 ], [ 64.382433742947072, 37.236838785807322 ], [ 64.367566257052971, 37.238161214192736 ], [ 64.365767076280406, 37.245172119140655 ], [ 64.358333333333348, 37.245833333333366 ], [ 64.356122843424501, 37.246400621202284 ], [ 64.35221048990887, 37.249432712131103 ], [ 64.343622843424498, 37.250567287868954 ], [ 64.335543823242205, 37.257766045464436 ], [ 64.321732923719637, 37.258994547526072 ], [ 64.319933742947072, 37.266005452473991 ], [ 64.306122843424504, 37.267233954535619 ], [ 64.300967746310775, 37.271229214138486 ], [ 64.299432712131093, 37.277210489908882 ], [ 64.294873555501326, 37.282677374945777 ], [ 64.280066257052965, 37.283994547526071 ], [ 64.279166666666683, 37.2875 ], [ 64.278543090820335, 37.299090745714004 ], [ 64.275, 37.3 ], [ 64.274227396647149, 37.296719699435791 ], [ 64.269681633843334, 37.295303853352891 ], [ 64.263046603732661, 37.301712205674946 ], [ 64.2625, 37.308333333333366 ], [ 64.255066257052974, 37.308994547526069 ], [ 64.253315734863293, 37.315815734863314 ], [ 64.247789510091167, 37.317233954535617 ], [ 64.242634412977452, 37.321229214138484 ], [ 64.240815734863304, 37.32831573486331 ], [ 64.2375, 37.329166666666694 ], [ 64.236528354220937, 37.332565138075118 ], [ 64.225781419542116, 37.334129333496122 ], [ 64.224382358127187, 37.344465467664961 ], [ 64.232177395290819, 37.346694098578588 ], [ 64.233950975206184, 37.350469122992649 ], [ 64.229784308539507, 37.356173197428419 ], [ 64.22854902479385, 37.368826802571647 ], [ 64.225617641872844, 37.372839864095084 ], [ 64.224382358127187, 37.37716013590498 ], [ 64.221450975206182, 37.381173197428417 ], [ 64.220215691460524, 37.385493469238313 ], [ 64.211964925130218, 37.395001559787353 ], [ 64.202006530761736, 37.396450975206193 ], [ 64.197993469238298, 37.399382358127198 ], [ 64.193673197428396, 37.400617641872863 ], [ 64.189660135904958, 37.403549024793868 ], [ 64.181173197428407, 37.404784308539526 ], [ 64.17716013590497, 37.407715691460531 ], [ 64.164506530761741, 37.408950975206196 ], [ 64.160493469238304, 37.411882358127201 ], [ 64.156173197428402, 37.413117641872859 ], [ 64.146665106879354, 37.421368408203158 ], [ 64.145215691460521, 37.431326802571647 ], [ 64.142284308539516, 37.435339864095084 ], [ 64.14066399468318, 37.441006808810798 ], [ 64.110339864095067, 37.442284308539527 ], [ 64.102160135904967, 37.449382358127203 ], [ 64.1, 37.45 ], [ 64.09943271213109, 37.456377156575549 ], [ 64.09543745252823, 37.461532253689263 ], [ 64.089456176757835, 37.463067287868952 ], [ 64.085543823242205, 37.466099378797772 ], [ 64.079827880859398, 37.467566257052979 ], [ 64.07916666666668, 37.475 ], [ 64.082482401529958, 37.475850931803414 ], [ 64.083333333333343, 37.4791666666667 ], [ 64.079827880859412, 37.480066257052982 ], [ 64.078599378797776, 37.49387715657555 ], [ 64.075468614366343, 37.497916666666697 ], [ 64.078599378797776, 37.501956176757844 ], [ 64.079875013563395, 37.511612616644996 ], [ 64.087764485677113, 37.51363711886939 ], [ 64.083900621202289, 37.518622843424509 ], [ 64.082766045464439, 37.527210489908882 ], [ 64.079733954535627, 37.531122843424512 ], [ 64.078315904405414, 37.536649068196645 ], [ 64.072789510091184, 37.538067287868955 ], [ 64.058987765842048, 37.55097808837894 ], [ 64.057766045464447, 37.564710489908883 ], [ 64.050567287868958, 37.572789510091177 ], [ 64.049432712131107, 37.577210489908886 ], [ 64.038067287868955, 37.589456176757842 ], [ 64.036932712131104, 37.602210489908884 ], [ 64.033900621202292, 37.606122843424508 ], [ 64.032766045464442, 37.610543823242217 ], [ 64.029733954535615, 37.614456176757841 ], [ 64.028315904405417, 37.619982401529981 ], [ 64.021684095594651, 37.62168426513675 ], [ 64.019982571072077, 37.628315734863314 ], [ 64.013350762261311, 37.630017598470083 ], [ 64.011649237738752, 37.636649068196647 ], [ 64.005017428927985, 37.638350931803416 ], [ 64.004166666666691, 37.641666666666701 ], [ 64.0, 37.641666666666701 ], [ 63.996684095594645, 37.642517598470086 ], [ 63.995833333333366, 37.645833333333364 ], [ 63.994982571072079, 37.64914906819665 ], [ 63.991666666666696, 37.65 ], [ 63.989531792534756, 37.649357265896299 ], [ 63.98546820746531, 37.646476067437099 ], [ 63.980131022135446, 37.644869147406716 ], [ 63.978182983398469, 37.638399420844216 ], [ 63.971883816189269, 37.636857265896296 ], [ 63.970190429687534, 37.647968377007409 ], [ 63.961165364583366, 37.658258056640655 ], [ 63.955042182074685, 37.653916422526073 ], [ 63.953390163845519, 37.670113457573819 ], [ 63.941666666666698, 37.670833333333363 ], [ 63.935075547960096, 37.670480007595515 ], [ 63.927424452039958, 37.662853325737878 ], [ 63.923282877604194, 37.662146674262182 ], [ 63.898257785373296, 37.687146674262188 ], [ 63.889242214626769, 37.687853325737876 ], [ 63.885757785373293, 37.691313340928851 ], [ 63.877453613281283, 37.692019992404546 ], [ 63.872915988498292, 37.68751373291019 ], [ 63.860757785373295, 37.699646674262183 ], [ 63.852453613281277, 37.700353325737879 ], [ 63.848257785373292, 37.696186659071216 ], [ 63.844117567274338, 37.695480007595521 ], [ 63.835757785373296, 37.703813340928853 ], [ 63.829166666666694, 37.704166666666701 ], [ 63.828813340928846, 37.714924452039966 ], [ 63.821186659071209, 37.722575547960105 ], [ 63.820480007595513, 37.731591118706632 ], [ 63.814957004123293, 37.737141927083364 ], [ 63.8125, 37.7375 ], [ 63.796746826171905, 37.738107638888906 ], [ 63.794921535915826, 37.745219251844631 ], [ 63.768622843424509, 37.746400621202277 ], [ 63.752210489908883, 37.761932712131092 ], [ 63.747789510091174, 37.763067287868942 ], [ 63.742634412977459, 37.767062717013907 ], [ 63.74109937879777, 37.773043823242205 ], [ 63.738067287868951, 37.776956176757828 ], [ 63.736932712131107, 37.786285061306444 ], [ 63.746097819010444, 37.788637288411479 ], [ 63.742233954535621, 37.793622843424494 ], [ 63.74109937879777, 37.798043823242203 ], [ 63.737961832682323, 37.802092149522586 ], [ 63.74526604546444, 37.810289510091167 ], [ 63.746400621202284, 37.813246663411476 ], [ 63.742135281033015, 37.81875 ], [ 63.74526604546444, 37.822789510091162 ], [ 63.745833333333366, 37.8375 ], [ 63.74526604546444, 37.85221048990887 ], [ 63.742233954535621, 37.856122843424494 ], [ 63.74109937879777, 37.859079996744811 ], [ 63.745364718967039, 37.86458333333335 ], [ 63.742233954535621, 37.868622843424497 ], [ 63.74109937879777, 37.873043823242206 ], [ 63.738067287868951, 37.87695617675783 ], [ 63.736932712131107, 37.881377156575539 ], [ 63.733900621202288, 37.885289510091162 ], [ 63.732766045464437, 37.893877156575542 ], [ 63.721400621202285, 37.906122843424498 ], [ 63.720172119140656, 37.919933742947066 ], [ 63.716666666666697, 37.920833333333348 ], [ 63.7125, 37.920833333333348 ], [ 63.710289510091172, 37.921400621202274 ], [ 63.706377156575549, 37.924432712131093 ], [ 63.692566257052981, 37.925661214192729 ], [ 63.691099378797773, 37.931377156575536 ], [ 63.687968614366348, 37.935416666666683 ], [ 63.691198052300379, 37.939583333333353 ], [ 63.688067287868954, 37.9436228434245 ], [ 63.686688910590306, 37.948993259006095 ], [ 63.682586669921903, 37.950567287868942 ], [ 63.67721048990888, 37.946400621202272 ], [ 63.670086669921901, 37.945266045464429 ], [ 63.664710489908884, 37.949432712131099 ], [ 63.659184095594647, 37.950850762261304 ], [ 63.657453748914961, 37.957594468858524 ], [ 63.649253336588572, 37.958900621202275 ], [ 63.643877156575549, 37.954733954535612 ], [ 63.624149915907147, 37.953599378797762 ], [ 63.617403496636314, 37.959225802951408 ], [ 63.61609937879777, 37.967413330078145 ], [ 63.62026604546444, 37.972789510091161 ], [ 63.621400621202284, 37.985543823242203 ], [ 63.625201416015656, 37.990447998046896 ], [ 63.624154324001765, 37.995119222005229 ], [ 63.614456176757841, 37.996400621202277 ], [ 63.610543823242217, 37.999432712131096 ], [ 63.606122843424508, 38.00056728786894 ], [ 63.593752712673641, 38.012048339843766 ], [ 63.58425292968753, 38.003583780924501 ], [ 63.582766045464439, 37.997789510091167 ], [ 63.579733954535619, 37.993877156575536 ], [ 63.578599378797769, 37.986753336588563 ], [ 63.582766045464439, 37.98137715657554 ], [ 63.583900621202282, 37.974062771267377 ], [ 63.574417114257841, 37.963419596354186 ], [ 63.568622843424507, 37.961932712131095 ], [ 63.564710489908883, 37.958900621202275 ], [ 63.558333333333358, 37.958333333333371 ], [ 63.557980007595511, 37.964924452039952 ], [ 63.554519992404543, 37.968408881293421 ], [ 63.553813340928848, 37.973257785373285 ], [ 63.550353325737873, 37.976742214626753 ], [ 63.549646674262178, 37.985757785373281 ], [ 63.544123670789958, 37.99130859375002 ], [ 63.541666666666693, 37.991666666666688 ], [ 63.541099378797767, 37.993877156575536 ], [ 63.538067287868948, 37.997789510091167 ], [ 63.536932712131104, 38.002210489908876 ], [ 63.533900621202285, 38.0061228434245 ], [ 63.532766045464435, 38.013437228732656 ], [ 63.542249552408883, 38.024080403645854 ], [ 63.548993259006103, 38.025811089409743 ], [ 63.550567287868951, 38.029913330078145 ], [ 63.546400621202281, 38.035289510091168 ], [ 63.545124986436662, 38.04494594997832 ], [ 63.539456176757838, 38.046400621202274 ], [ 63.535543823242215, 38.049432712131093 ], [ 63.530017428927977, 38.050850762261305 ], [ 63.528599378797772, 38.056377156575543 ], [ 63.521400621202282, 38.06445617675783 ], [ 63.520266045464439, 38.068877156575539 ], [ 63.50538160536027, 38.083900621202275 ], [ 63.504166666666691, 38.079166666666687 ], [ 63.502006361219642, 38.079784138997418 ], [ 63.497993638780407, 38.082715861002626 ], [ 63.49367302788631, 38.083950805664081 ], [ 63.489660305447075, 38.086882527669289 ], [ 63.471826850043428, 38.088192070855051 ], [ 63.470215861002629, 38.093826972113732 ], [ 63.467284138997421, 38.097839694552974 ], [ 63.465872531467042, 38.107539198133701 ], [ 63.456173027886308, 38.10895080566408 ], [ 63.452160305447073, 38.111882527669287 ], [ 63.441666666666691, 38.1125 ], [ 63.439418538411488, 38.113029649522588 ], [ 63.431259494357668, 38.12044508192276 ], [ 63.427248128255236, 38.117196316189258 ], [ 63.419892713758706, 38.116137017144119 ], [ 63.413499281141519, 38.121315511067728 ], [ 63.409105767144126, 38.119946967230923 ], [ 63.407803683810791, 38.114418538411478 ], [ 63.402529229058189, 38.108288574218768 ], [ 63.389748128255235, 38.120303683810782 ], [ 63.3625, 38.120833333333351 ], [ 63.361649237738739, 38.117517428927968 ], [ 63.354827880859403, 38.115767076280399 ], [ 63.353501722547769, 38.100856865776933 ], [ 63.348781331380238, 38.099798583984395 ], [ 63.343877156575545, 38.10359937879776 ], [ 63.331122843424502, 38.104733954535611 ], [ 63.325746663411486, 38.108900621202274 ], [ 63.32278951009117, 38.10776604546443 ], [ 63.317413330078153, 38.10359937879776 ], [ 63.314456176757837, 38.104733954535611 ], [ 63.31041666666669, 38.107864718967036 ], [ 63.30625, 38.104635281033005 ], [ 63.300746663411481, 38.108900621202274 ], [ 63.297789510091171, 38.10776604546443 ], [ 63.289710489908877, 38.100567287868941 ], [ 63.27916666666669, 38.1 ], [ 63.278549194335966, 38.106326972113735 ], [ 63.270536634657141, 38.115560234917552 ], [ 63.264506361219645, 38.117284138997412 ], [ 63.26049363878041, 38.12021586100262 ], [ 63.252006361219642, 38.121450805664082 ], [ 63.243826972113737, 38.12854919433596 ], [ 63.231173027886307, 38.129784138997415 ], [ 63.218826972113739, 38.141049194335956 ], [ 63.20906846788197, 38.142469278971376 ], [ 63.208333333333357, 38.15 ], [ 63.207766045464432, 38.156377156575545 ], [ 63.204733954535612, 38.160289510091168 ], [ 63.203599378797769, 38.17304382324221 ], [ 63.20056728786895, 38.176956176757834 ], [ 63.199432712131099, 38.189710489908876 ], [ 63.195437282986134, 38.194865587022591 ], [ 63.188161214192732, 38.196732923719637 ], [ 63.186932712131103, 38.210543823242205 ], [ 63.183801947699678, 38.214583333333351 ], [ 63.186932712131103, 38.218622843424498 ], [ 63.188067287868947, 38.221579996744815 ], [ 63.183900621202284, 38.226956176757831 ], [ 63.182766045464433, 38.23137715657554 ], [ 63.175567287868951, 38.239456176757834 ], [ 63.1744327121311, 38.243877156575543 ], [ 63.171400621202281, 38.247789510091167 ], [ 63.170833333333356, 38.25 ], [ 63.164456176757838, 38.250567287868947 ], [ 63.159301079644123, 38.254562717013911 ], [ 63.157766045464435, 38.260543823242209 ], [ 63.154733954535615, 38.264456176757832 ], [ 63.153599378797765, 38.271579996744812 ], [ 63.157766045464435, 38.276956176757835 ], [ 63.158900621202278, 38.282118394639781 ], [ 63.150850762261307, 38.28418409559464 ], [ 63.149432712131102, 38.289710489908877 ], [ 63.146400621202282, 38.293622843424501 ], [ 63.144696044921901, 38.300264485677104 ], [ 63.139710489908879, 38.296400621202281 ], [ 63.13528951009117, 38.29526604546443 ], [ 63.129870944552977, 38.29074707031252 ], [ 63.128599378797766, 38.281122843424498 ], [ 63.125567287868947, 38.277210489908875 ], [ 63.124432712131103, 38.272789510091165 ], [ 63.119869316948808, 38.267317369249156 ], [ 63.105381605360265, 38.266099378797762 ], [ 63.103599378797767, 38.273043823242212 ], [ 63.100567287868948, 38.276956176757835 ], [ 63.1, 38.27916666666669 ], [ 63.100567287868948, 38.285543823242207 ], [ 63.103599378797767, 38.289456176757831 ], [ 63.104733954535611, 38.29804382324221 ], [ 63.10776604546443, 38.301956176757834 ], [ 63.108900621202281, 38.306377156575543 ], [ 63.112031385633706, 38.31041666666669 ], [ 63.108900621202281, 38.314456176757837 ], [ 63.10776604546443, 38.317413330078146 ], [ 63.1119327121311, 38.32278951009117 ], [ 63.113067287868944, 38.338246663411482 ], [ 63.108900621202281, 38.343622843424498 ], [ 63.10776604546443, 38.348043823242207 ], [ 63.104733954535611, 38.351956176757831 ], [ 63.103599378797767, 38.359079996744811 ], [ 63.107871500651065, 38.364592149522593 ], [ 63.100567287868948, 38.372789510091167 ], [ 63.099338785807319, 38.386600409613735 ], [ 63.09583333333336, 38.3875 ], [ 63.08437601725263, 38.388203599717905 ], [ 63.082690429687524, 38.393801540798634 ], [ 63.07980957031252, 38.39786512586808 ], [ 63.078523763020854, 38.40630154079863 ], [ 63.075642903645857, 38.410365125868076 ], [ 63.074164157443597, 38.420068698459225 ], [ 63.060365125868081, 38.421476236979188 ], [ 63.052134874131966, 38.428523763020856 ], [ 63.03410814073353, 38.429905870225717 ], [ 63.03269042968752, 38.443801540798631 ], [ 63.029809570312523, 38.447865125868077 ], [ 63.028523763020857, 38.456301540798634 ], [ 63.02564290364586, 38.46036512586808 ], [ 63.024357096354187, 38.464634874131967 ], [ 63.020856730143251, 38.469571601019986 ], [ 63.016666666666687, 38.470833333333353 ], [ 63.016099378797769, 38.464456176757835 ], [ 63.01306728786895, 38.460543823242212 ], [ 63.011885918511311, 38.434245130750888 ], [ 63.008333333333354, 38.433333333333358 ], [ 63.007445949978319, 38.43679165310332 ], [ 62.996887885199676, 38.438186306423631 ], [ 62.995266045464433, 38.442413330078146 ], [ 62.999432712131096, 38.44778951009117 ], [ 63.000567287868947, 38.450850084092906 ], [ 62.994337632921031, 38.458320109049502 ], [ 62.989578586154536, 38.454631890190996 ], [ 62.983920288085962, 38.459350585937521 ], [ 62.983333333333356, 38.4875 ], [ 62.967580159505232, 38.486892361111131 ], [ 62.966099378797765, 38.481122843424501 ], [ 62.963067287868945, 38.477210489908877 ], [ 62.961932712131102, 38.465920003255228 ], [ 62.966198052300371, 38.460416666666688 ], [ 62.963067287868945, 38.456377156575542 ], [ 62.961932712131102, 38.44778951009117 ], [ 62.958900621202282, 38.443877156575546 ], [ 62.957766045464432, 38.435289510091167 ], [ 62.953339979383706, 38.42998216417103 ], [ 62.947048272026933, 38.428599378797763 ], [ 62.945266045464436, 38.435543823242213 ], [ 62.94223395453561, 38.439456176757837 ], [ 62.941099378797766, 38.443877156575546 ], [ 62.938067287868947, 38.44778951009117 ], [ 62.936932712131096, 38.450746663411479 ], [ 62.941099378797766, 38.456122843424502 ], [ 62.94223395453561, 38.463246663411482 ], [ 62.938067287868947, 38.468622843424498 ], [ 62.936932712131096, 38.473043823242207 ], [ 62.932937282986131, 38.478198920355922 ], [ 62.929166666666688, 38.479166666666686 ], [ 62.928599378797763, 38.493877156575543 ], [ 62.925567287868944, 38.497789510091167 ], [ 62.9244327121311, 38.502210489908876 ], [ 62.917233954535611, 38.51028951009117 ], [ 62.916099378797767, 38.521579996744812 ], [ 62.92026604546443, 38.526956176757835 ], [ 62.921400621202281, 38.543877156575547 ], [ 62.9244327121311, 38.547789510091171 ], [ 62.925567287868944, 38.564710489908876 ], [ 62.928599378797763, 38.5686228434245 ], [ 62.929733954535614, 38.573043823242209 ], [ 62.932766045464433, 38.576956176757832 ], [ 62.933900621202277, 38.582118394639778 ], [ 62.926956176757834, 38.583900621202282 ], [ 62.92304382324221, 38.586932712131102 ], [ 62.919896104600717, 38.588067287868945 ], [ 62.910543823242207, 38.579733954535612 ], [ 62.905017428927977, 38.578315904405407 ], [ 62.903315904405403, 38.571684095594641 ], [ 62.9, 38.570833333333354 ], [ 62.899357096354187, 38.552031792534748 ], [ 62.89647623697919, 38.547968207465303 ], [ 62.895124986436656, 38.521582370334222 ], [ 62.886223687065993, 38.520867241753493 ], [ 62.881301540798631, 38.524357096354187 ], [ 62.871597968207489, 38.525835842556447 ], [ 62.870058525933182, 38.540927463107664 ], [ 62.852031792534746, 38.542309570312526 ], [ 62.8479682074653, 38.545190429687523 ], [ 62.825, 38.545833333333356 ], [ 62.825353325737872, 38.556591118706621 ], [ 62.82915208604603, 38.56041666666669 ], [ 62.825014580620682, 38.56458333333336 ], [ 62.828813340928839, 38.568408881293429 ], [ 62.829519992404535, 38.585757785373289 ], [ 62.832980007595509, 38.589242214626758 ], [ 62.833686659071205, 38.593379720052106 ], [ 62.829519992404535, 38.597575547960091 ], [ 62.829166666666687, 38.6 ], [ 62.822877671983527, 38.600655449761305 ], [ 62.81875, 38.60353868272572 ], [ 62.814622328016512, 38.600655449761305 ], [ 62.80486534966365, 38.599134996202281 ], [ 62.803511216905406, 38.562254163954016 ], [ 62.808601379394553, 38.554966905381967 ], [ 62.784193589952281, 38.553436957465301 ], [ 62.782480875651061, 38.542446221245683 ], [ 62.775, 38.541666666666693 ], [ 62.773785061306441, 38.536932712131097 ], [ 62.771400621202275, 38.539456176757838 ], [ 62.770266045464432, 38.54804382324221 ], [ 62.762961832682315, 38.556241183810783 ], [ 62.767233954535612, 38.561753336588566 ], [ 62.766072930230052, 38.60315517849395 ], [ 62.760543823242209, 38.60776604546443 ], [ 62.7561228434245, 38.608900621202281 ], [ 62.752210489908876, 38.6119327121311 ], [ 62.746229214138474, 38.613467746310789 ], [ 62.742233954535614, 38.618622843424504 ], [ 62.740815734863304, 38.624149237738742 ], [ 62.7375, 38.625 ], [ 62.738067287868944, 38.664710489908877 ], [ 62.741099378797763, 38.668622843424501 ], [ 62.742233954535614, 38.67721048990888 ], [ 62.745266045464433, 38.681122843424504 ], [ 62.746400621202277, 38.698043823242209 ], [ 62.750567287868947, 38.703420003255232 ], [ 62.749432712131096, 38.706377156575542 ], [ 62.745266045464433, 38.711753336588565 ], [ 62.746400621202277, 38.723043823242215 ], [ 62.75473395453561, 38.732396104600717 ], [ 62.753599378797766, 38.781377156575545 ], [ 62.746400621202277, 38.789456176757838 ], [ 62.745266045464433, 38.793877156575547 ], [ 62.741099378797763, 38.799253336588563 ], [ 62.742233954535614, 38.80221048990888 ], [ 62.745266045464433, 38.806122843424504 ], [ 62.746447584364169, 38.832421535915827 ], [ 62.752210489908876, 38.833900621202282 ], [ 62.7561228434245, 38.836932712131102 ], [ 62.7625, 38.8375 ], [ 62.765992906358527, 38.838396538628501 ], [ 62.767233954535612, 38.850746663411485 ], [ 62.763067287868942, 38.856122843424508 ], [ 62.761932712131099, 38.86471048990888 ], [ 62.758802117241771, 38.86875 ], [ 62.761932712131099, 38.872789510091174 ], [ 62.7625, 38.879166666666691 ], [ 62.762853325737865, 38.881591118706623 ], [ 62.766313340928839, 38.885075547960099 ], [ 62.767019992404535, 38.898257785373289 ], [ 62.774646674262172, 38.905908881293428 ], [ 62.775353325737868, 38.931591118706621 ], [ 62.778813340928842, 38.935075547960096 ], [ 62.77916666666669, 38.9375 ], [ 62.778549024793861, 38.939660305447077 ], [ 62.775617641872849, 38.943673027886312 ], [ 62.774382358127191, 38.946302625868086 ], [ 62.778549024793861, 38.952006361219645 ], [ 62.779784308539519, 38.956326972113743 ], [ 62.786882358127194, 38.964506361219648 ], [ 62.788117641872851, 38.967473008897599 ], [ 62.775555250379796, 38.98124152289499 ], [ 62.778605143229186, 38.985416666666694 ], [ 62.775617641872849, 38.989506361219647 ], [ 62.774382358127191, 38.996302625868083 ], [ 62.778607686360701, 39.002086724175371 ], [ 62.774183485243078, 39.007618543836834 ], [ 62.757864210340735, 39.008950805664092 ], [ 62.751531473795595, 39.004325018988744 ], [ 62.746571180555577, 39.004942152235273 ], [ 62.745215691460523, 39.018826972113743 ], [ 62.74155273437502, 39.023841349283884 ], [ 62.735339864095074, 39.025617472330758 ], [ 62.727160135904967, 39.032715861002629 ], [ 62.718673197428409, 39.033950805664091 ], [ 62.710493469238301, 39.041049194335962 ], [ 62.703697543674068, 39.042284138997424 ], [ 62.696781921386737, 39.037232462565129 ], [ 62.695215691460525, 39.047993638780412 ], [ 62.69228430853952, 39.052006361219647 ], [ 62.691049024793855, 39.064660305447077 ], [ 62.68811764187285, 39.068673027886312 ], [ 62.6875, 39.075 ], [ 62.660075547960091, 39.074646674262183 ], [ 62.656591118706615, 39.071186659071209 ], [ 62.645833333333357, 39.070833333333361 ], [ 62.646400621202275, 39.093877156575552 ], [ 62.649432712131095, 39.097789510091175 ], [ 62.650567287868945, 39.100746663411485 ], [ 62.645437452528235, 39.107365587022599 ], [ 62.639456176757832, 39.108900621202281 ], [ 62.634301079644118, 39.112896050347253 ], [ 62.632445949978319, 39.120124986436657 ], [ 62.621720716688387, 39.12154168023006 ], [ 62.620266045464433, 39.127210489908883 ], [ 62.617233954535607, 39.131122843424507 ], [ 62.616666666666688, 39.133333333333361 ], [ 62.610075547960086, 39.132980007595513 ], [ 62.606591118706618, 39.129519992404539 ], [ 62.597575547960091, 39.128813340928851 ], [ 62.594091118706615, 39.125353325737876 ], [ 62.58333333333335, 39.125 ], [ 62.576742214626755, 39.124646674262181 ], [ 62.571191406250023, 39.119123670789961 ], [ 62.570480007595506, 39.114242214626763 ], [ 62.567019992404532, 39.110757785373295 ], [ 62.566313340928836, 39.105908881293431 ], [ 62.562853325737869, 39.102424452039955 ], [ 62.562146674262173, 39.097575547960098 ], [ 62.558686659071199, 39.094091118706622 ], [ 62.557980007595503, 39.089242214626765 ], [ 62.554519992404536, 39.085757785373289 ], [ 62.554166666666688, 39.083333333333364 ], [ 62.551956176757834, 39.083900621202282 ], [ 62.54804382324221, 39.086932712131102 ], [ 62.54251759847007, 39.088350762261314 ], [ 62.540815734863301, 39.094982571072073 ], [ 62.533994547526063, 39.096732923719642 ], [ 62.532766045464427, 39.110543823242217 ], [ 62.529733954535608, 39.114456176757841 ], [ 62.528458150227884, 39.124112616644993 ], [ 62.521840074327272, 39.125811089409751 ], [ 62.520266045464432, 39.129913330078153 ], [ 62.524432712131095, 39.135289510091177 ], [ 62.525567287868945, 39.13843722873267 ], [ 62.517233954535612, 39.147789510091172 ], [ 62.516099378797762, 39.159079996744822 ], [ 62.520266045464432, 39.164456176757838 ], [ 62.521400621202275, 39.179913330078151 ], [ 62.517233954535612, 39.185289510091174 ], [ 62.516099378797762, 39.198043823242216 ], [ 62.496400621202277, 39.218622843424505 ], [ 62.495833333333351, 39.22083333333336 ], [ 62.492517598470073, 39.221684265136744 ], [ 62.491666666666688, 39.225 ], [ 62.488350931803403, 39.224149068196645 ], [ 62.486932712131093, 39.218622843424505 ], [ 62.483900621202274, 39.214710489908882 ], [ 62.48276604546443, 39.210289510091172 ], [ 62.478770785861563, 39.205134412977458 ], [ 62.472789510091161, 39.203599378797769 ], [ 62.460543823242205, 39.192233954535617 ], [ 62.456122843424495, 39.191099378797773 ], [ 62.452210489908872, 39.188067287868954 ], [ 62.445833333333354, 39.1875 ], [ 62.442517598470069, 39.188350931803413 ], [ 62.441666666666684, 39.191666666666691 ], [ 62.441666666666684, 39.208333333333364 ], [ 62.441313340928836, 39.219091118706629 ], [ 62.437853325737862, 39.222575547960098 ], [ 62.437146674262173, 39.226712883843348 ], [ 62.441313340928836, 39.230908881293431 ], [ 62.442019992404532, 39.239924452039958 ], [ 62.445480007595506, 39.243408881293433 ], [ 62.446186659071202, 39.248257785373291 ], [ 62.449646674262169, 39.251742214626766 ], [ 62.450353325737865, 39.264924452039956 ], [ 62.453813340928839, 39.268408881293432 ], [ 62.454166666666687, 39.275 ], [ 62.454166666666687, 39.279166666666697 ], [ 62.447827317979616, 39.278561570909318 ], [ 62.443839348687085, 39.275605095757406 ], [ 62.439493984646283, 39.274394904242648 ], [ 62.430107794867638, 39.266195848253069 ], [ 62.421610175238733, 39.267451477050813 ], [ 62.420079888237865, 39.278216213650204 ], [ 62.416666666666686, 39.279166666666697 ], [ 62.414242214626753, 39.278813340928849 ], [ 62.410757785373285, 39.275353325737875 ], [ 62.401742214626751, 39.274646674262179 ], [ 62.394091118706612, 39.267019992404542 ], [ 62.391666666666687, 39.266666666666694 ], [ 62.391313340928839, 39.273257785373289 ], [ 62.387853325737865, 39.276742214626765 ], [ 62.387146674262169, 39.289215596516954 ], [ 62.395480007595502, 39.297575547960101 ], [ 62.396186659071198, 39.301712883843344 ], [ 62.392019992404535, 39.305908881293433 ], [ 62.391313340928839, 39.310046217176676 ], [ 62.395818752712692, 39.31458333333336 ], [ 62.392019992404535, 39.318408881293429 ], [ 62.391313340928839, 39.326712883843342 ], [ 62.395818752712692, 39.33125 ], [ 62.392019992404535, 39.335075547960102 ], [ 62.391313340928839, 39.344091118706629 ], [ 62.383686659071202, 39.351742214626768 ], [ 62.383333333333354, 39.3541666666667 ], [ 62.383333333333354, 39.358333333333363 ], [ 62.378599378797759, 39.359548272026942 ], [ 62.3811228434245, 39.361932712131107 ], [ 62.383333333333354, 39.3625 ], [ 62.383333333333354, 39.366666666666696 ], [ 62.382482401529963, 39.369982401529981 ], [ 62.375850931803406, 39.37168426513675 ], [ 62.374189080132396, 39.378159925672776 ], [ 62.370086669921889, 39.379733954535624 ], [ 62.364710489908873, 39.375567287868954 ], [ 62.3625, 39.375 ], [ 62.361932712131093, 39.364456176757841 ], [ 62.358900621202274, 39.360543823242217 ], [ 62.357482401529964, 39.355017598470084 ], [ 62.354166666666686, 39.3541666666667 ], [ 62.3508509318034, 39.355017598470084 ], [ 62.349149068196631, 39.361649068196641 ], [ 62.343622843424498, 39.363067287868951 ], [ 62.339710489908875, 39.36609937879777 ], [ 62.3375, 39.366666666666696 ], [ 62.335075547960088, 39.366313340928848 ], [ 62.323257785373279, 39.354519992404541 ], [ 62.320833333333354, 39.3541666666667 ], [ 62.319618394639775, 39.349432712131104 ], [ 62.310289510091167, 39.350567287868955 ], [ 62.302092149522586, 39.357871500651072 ], [ 62.296579996744811, 39.353599378797774 ], [ 62.29109937879776, 39.355702039930584 ], [ 62.292233954535604, 39.364710489908887 ], [ 62.29526604546443, 39.368622843424511 ], [ 62.295833333333348, 39.379166666666698 ], [ 62.299149068196634, 39.380017598470083 ], [ 62.300567287868944, 39.385543823242216 ], [ 62.30787929958769, 39.39375 ], [ 62.300567287868944, 39.401956176757842 ], [ 62.299432712131093, 39.404913330078152 ], [ 62.303599378797763, 39.410289510091175 ], [ 62.304733954535607, 39.418877156575547 ], [ 62.307766045464426, 39.422789510091178 ], [ 62.308900621202277, 39.43554382324222 ], [ 62.311932712131096, 39.439456176757844 ], [ 62.31306728786894, 39.452210489908886 ], [ 62.316099378797759, 39.456122843424509 ], [ 62.31723395453561, 39.481377156575554 ], [ 62.320266045464429, 39.485289510091178 ], [ 62.321470981174059, 39.503260972764785 ], [ 62.32943132188587, 39.505303785536057 ], [ 62.325567287868942, 39.510289510091177 ], [ 62.324432712131092, 39.517413330078156 ], [ 62.328599378797762, 39.522789510091179 ], [ 62.329733954535605, 39.543877156575554 ], [ 62.332766045464425, 39.547789510091178 ], [ 62.333900621202275, 39.55637715657555 ], [ 62.336932712131095, 39.560289510091181 ], [ 62.338067287868938, 39.573043823242216 ], [ 62.341099378797757, 39.576956176757847 ], [ 62.342233954535608, 39.589710489908889 ], [ 62.345266045464427, 39.593622843424512 ], [ 62.346400621202278, 39.602210489908884 ], [ 62.349432712131097, 39.606122843424508 ], [ 62.350567287868941, 39.610543823242217 ], [ 62.35359937879776, 39.614456176757841 ], [ 62.354733954535611, 39.61887715657555 ], [ 62.35776604546443, 39.622789510091181 ], [ 62.358900621202274, 39.631377156575553 ], [ 62.366099378797763, 39.639456176757847 ], [ 62.367233954535607, 39.648043823242219 ], [ 62.374432712131096, 39.656122843424512 ], [ 62.37556728786894, 39.673043823242217 ], [ 62.379562547471807, 39.678198920355932 ], [ 62.386493259006095, 39.679977586534321 ], [ 62.388067287868942, 39.684079996744828 ], [ 62.383900621202272, 39.689456176757844 ], [ 62.383333333333354, 39.695833333333368 ], [ 62.383686659071202, 39.702424452039963 ], [ 62.387146674262169, 39.705908881293432 ], [ 62.387853325737865, 39.710757785373296 ], [ 62.391313340928839, 39.714242214626772 ], [ 62.392019992404535, 39.731591118706632 ], [ 62.397545539008263, 39.737144300672774 ], [ 62.406591118706615, 39.737853325737881 ], [ 62.412501356336826, 39.743734063042567 ], [ 62.408686659071201, 39.747575547960103 ], [ 62.407980007595505, 39.760757785373301 ], [ 62.404519992404531, 39.764242214626769 ], [ 62.404166666666683, 39.7875 ], [ 62.3811228434245, 39.786932712131112 ], [ 62.371996561686217, 39.778800794813399 ], [ 62.36992407904733, 39.786876424153675 ], [ 62.358333333333348, 39.7875 ], [ 62.35722690158422, 39.783630032009583 ], [ 62.347993469238297, 39.775617641872863 ], [ 62.338235134548626, 39.774197387695345 ], [ 62.3375, 39.766666666666701 ], [ 62.335339864095069, 39.76728430853953 ], [ 62.327160135904968, 39.774382358127205 ], [ 62.320364210340728, 39.775617641872863 ], [ 62.314660135904965, 39.771450975206193 ], [ 62.31033986409507, 39.770215691460535 ], [ 62.306326802571633, 39.76728430853953 ], [ 62.30099962022571, 39.766049024793872 ], [ 62.299008178710956, 39.779730902777814 ], [ 62.288189697265643, 39.778385247124596 ], [ 62.286882358127187, 39.756173197428417 ], [ 62.283950975206182, 39.75216013590498 ], [ 62.282715691460524, 39.743673197428421 ], [ 62.279784308539512, 39.739660135904984 ], [ 62.278549024793854, 39.731173197428419 ], [ 62.271450975206179, 39.722993469238311 ], [ 62.270215691460521, 39.710339864095083 ], [ 62.267284308539516, 39.706326802571645 ], [ 62.265740288628493, 39.700926378038226 ], [ 62.259259711371541, 39.699073621961837 ], [ 62.257715691460518, 39.693673197428417 ], [ 62.254784308539513, 39.68966013590498 ], [ 62.253549024793855, 39.685339864095084 ], [ 62.24645097520618, 39.677160135904984 ], [ 62.245065138075105, 39.667638312445781 ], [ 62.238426378038213, 39.665740288628506 ], [ 62.23688235812719, 39.660339864095086 ], [ 62.228631591796891, 39.650831773546038 ], [ 62.217401801215296, 39.649197387695345 ], [ 62.215949503580745, 39.634319559733107 ], [ 62.2125, 39.633333333333368 ], [ 62.2125, 39.629166666666698 ], [ 62.210251702202704, 39.62969614664717 ], [ 62.206414964463995, 39.632803853352897 ], [ 62.197751702202709, 39.633862813313833 ], [ 62.192665947808173, 39.63798200819231 ], [ 62.188272603352878, 39.636613633897603 ], [ 62.18697052001955, 39.631085035536053 ], [ 62.173865593804273, 39.617235480414529 ], [ 62.1625, 39.616666666666696 ], [ 62.160075547960083, 39.616313340928855 ], [ 62.156591118706615, 39.612853325737881 ], [ 62.154166666666683, 39.6125 ], [ 62.153813340928835, 39.605908881293438 ], [ 62.150353325737861, 39.602424452039962 ], [ 62.149645826551662, 39.580880228678417 ], [ 62.144091118706612, 39.575353325737879 ], [ 62.139242214626755, 39.574646674262183 ], [ 62.135046217176665, 39.570480007595521 ], [ 62.126742214626752, 39.571186659071209 ], [ 62.123257785373283, 39.574646674262183 ], [ 62.116666666666681, 39.575 ], [ 62.117019992404529, 39.577424452039963 ], [ 62.120480007595503, 39.580908881293432 ], [ 62.120833333333351, 39.583333333333364 ], [ 62.11986168755427, 39.586731804741788 ], [ 62.109068467881961, 39.588302612304716 ], [ 62.108333333333348, 39.595833333333367 ], [ 62.106135389539944, 39.596413167317742 ], [ 62.098031277126751, 39.603586832682325 ], [ 62.084585571289075, 39.604746500651075 ], [ 62.082753499348975, 39.597802056206632 ], [ 62.078842163085952, 39.592680358886753 ], [ 62.07170308430991, 39.590796915690134 ], [ 62.069618564181873, 39.582895575629372 ], [ 62.063183254665816, 39.584167141384583 ], [ 62.0625, 39.591666666666697 ], [ 62.059078301323801, 39.592696804470521 ], [ 62.057561916775185, 39.607561916775204 ], [ 62.05, 39.608333333333363 ], [ 62.049470350477463, 39.601918368869391 ], [ 62.046362982855932, 39.598081631130675 ], [ 62.045303683810793, 39.581085035536056 ], [ 62.042196316189269, 39.57724829779734 ], [ 62.041137017144131, 39.56025170220272 ], [ 62.038029649522599, 39.556414964464004 ], [ 62.036727566189271, 39.550886366102461 ], [ 62.032181464301246, 39.549470520019561 ], [ 62.025587293836836, 39.555839369032149 ], [ 62.024227566189268, 39.561613633897601 ], [ 62.019834052191868, 39.562982008192307 ], [ 62.014583333333363, 39.558729214138488 ], [ 62.009930419921908, 39.562497965494821 ], [ 62.004696316189268, 39.556414964464004 ], [ 62.003637017144129, 39.539418368869391 ], [ 62.000529649522598, 39.535581631130675 ], [ 61.999470350477459, 39.522751702202726 ], [ 61.992196316189265, 39.51474829779734 ], [ 61.991666666666696, 39.5125 ], [ 61.988350762261312, 39.513350931803416 ], [ 61.9875, 39.516666666666694 ], [ 61.9875, 39.520833333333364 ], [ 61.9875, 39.529166666666697 ], [ 61.971572197808193, 39.529894849989184 ], [ 61.970165337456628, 39.556276448567743 ], [ 61.962499660915832, 39.565347629123295 ], [ 61.958333333333364, 39.566666666666698 ], [ 61.957419840494822, 39.563107469346818 ], [ 61.926956176757841, 39.56193271213111 ], [ 61.923043823242217, 39.558900621202291 ], [ 61.91706271701392, 39.557365587022602 ], [ 61.913067287868955, 39.552210489908887 ], [ 61.911932712131104, 39.543622843424508 ], [ 61.904628499348988, 39.535425482855935 ], [ 61.907766045464442, 39.531377156575552 ], [ 61.908900621202285, 39.518622843424509 ], [ 61.911932712131104, 39.514710489908886 ], [ 61.913467746310793, 39.508729214138484 ], [ 61.918622843424508, 39.504733954535624 ], [ 61.924362182617216, 39.503260972764785 ], [ 61.925567287868951, 39.485289510091178 ], [ 61.93276604546444, 39.477210489908884 ], [ 61.933333333333366, 39.458333333333364 ], [ 61.927031792534756, 39.458976067437099 ], [ 61.92296820746531, 39.461857265896299 ], [ 61.918698459201423, 39.463142734103762 ], [ 61.914634874131977, 39.466023932562962 ], [ 61.910365125868083, 39.467309400770432 ], [ 61.906301540798644, 39.470190599229632 ], [ 61.90203179253475, 39.471476067437095 ], [ 61.893801540798641, 39.478523932562965 ], [ 61.889531792534754, 39.479809400770428 ], [ 61.884153917100726, 39.483622572157145 ], [ 61.882560899522602, 39.499238077799511 ], [ 61.867717149522598, 39.500642734103764 ], [ 61.866023763020863, 39.489531622992651 ], [ 61.863142903645866, 39.485468377007408 ], [ 61.8625, 39.483333333333363 ], [ 61.850909084743954, 39.483956909179717 ], [ 61.849432712131104, 39.489710489908887 ], [ 61.841083780924507, 39.499080234103765 ], [ 61.8375, 39.5 ], [ 61.837146674262179, 39.497575547960103 ], [ 61.833686659071212, 39.494091118706628 ], [ 61.832980007595516, 39.489242214626771 ], [ 61.829519992404542, 39.485757785373295 ], [ 61.829166666666694, 39.4791666666667 ], [ 61.822789510091177, 39.478599378797774 ], [ 61.818877156575553, 39.475567287868955 ], [ 61.813350762261315, 39.474149068196645 ], [ 61.811932712131103, 39.468622843424512 ], [ 61.808900621202284, 39.464710489908882 ], [ 61.80776604546444, 39.451956176757847 ], [ 61.804733954535621, 39.448043823242216 ], [ 61.803505452473985, 39.434232923719648 ], [ 61.8, 39.433333333333366 ], [ 61.795833333333363, 39.433333333333366 ], [ 61.795833333333363, 39.4375 ], [ 61.795833333333363, 39.441666666666698 ], [ 61.791099378797774, 39.44288160536027 ], [ 61.793622843424508, 39.445266045464443 ], [ 61.795833333333363, 39.445833333333361 ], [ 61.795833333333363, 39.45 ], [ 61.784047105577287, 39.450738694932753 ], [ 61.78333333333336, 39.466666666666697 ], [ 61.78333333333336, 39.4875 ], [ 61.779935031467041, 39.488471645779114 ], [ 61.778372531467042, 39.499205864800381 ], [ 61.768673027886315, 39.500617641872864 ], [ 61.763361612955755, 39.50449778238935 ], [ 61.7618825276693, 39.514660135904975 ], [ 61.750617472330759, 39.527006530761753 ], [ 61.75, 39.55 ], [ 61.747751871744818, 39.549470520019561 ], [ 61.734462483723988, 39.536977471245692 ], [ 61.729939100477459, 39.538386366102465 ], [ 61.729166666666693, 39.5416666666667 ], [ 61.729827880859403, 39.549100409613743 ], [ 61.733333333333363, 39.55 ], [ 61.733333333333363, 39.558333333333366 ], [ 61.732980007595515, 39.560757785373298 ], [ 61.729519992404541, 39.564242214626766 ], [ 61.729166666666693, 39.575 ], [ 61.728599378797774, 39.589710489908889 ], [ 61.725567287868955, 39.593622843424512 ], [ 61.724432712131104, 39.602210489908884 ], [ 61.720266045464442, 39.607586669921908 ], [ 61.721400621202285, 39.627210489908883 ], [ 61.724432712131104, 39.631122843424514 ], [ 61.725567287868955, 39.656377156575552 ], [ 61.728599378797774, 39.660289510091175 ], [ 61.729733954535618, 39.677210489908887 ], [ 61.733900621202288, 39.682586669921911 ], [ 61.732766045464437, 39.68971048990889 ], [ 61.729635281033012, 39.69375 ], [ 61.733900621202288, 39.699253336588576 ], [ 61.732766045464437, 39.702210489908886 ], [ 61.729733954535618, 39.706122843424509 ], [ 61.728599378797774, 39.710543823242219 ], [ 61.725567287868955, 39.714456176757842 ], [ 61.724432712131104, 39.723043823242222 ], [ 61.720266045464442, 39.728420003255238 ], [ 61.721572197808186, 39.736620246039529 ], [ 61.728315904405413, 39.738350931803417 ], [ 61.729733954535618, 39.74387715657555 ], [ 61.733900621202288, 39.749253336588573 ], [ 61.732766045464437, 39.777210489908889 ], [ 61.729733954535618, 39.781122843424512 ], [ 61.728599378797774, 39.806377156575557 ], [ 61.724432712131104, 39.811753336588573 ], [ 61.725567287868955, 39.835543823242219 ], [ 61.728698052300373, 39.839583333333366 ], [ 61.724432712131104, 39.845086669921912 ], [ 61.726006740993952, 39.849189080132412 ], [ 61.729166666666693, 39.85 ], [ 61.729166666666693, 39.854166666666686 ], [ 61.728599378797774, 39.873043823242206 ], [ 61.725567287868955, 39.87695617675783 ], [ 61.724385918511317, 39.903254869249153 ], [ 61.72083333333336, 39.904166666666683 ], [ 61.721400621202285, 39.910543823242207 ], [ 61.724432712131104, 39.914456176757831 ], [ 61.725567287868955, 39.929913330078143 ], [ 61.721400621202285, 39.935289510091167 ], [ 61.720266045464442, 39.942413330078146 ], [ 61.724432712131104, 39.947789510091162 ], [ 61.725567287868955, 39.963246663411475 ], [ 61.721400621202285, 39.968622843424498 ], [ 61.720266045464442, 39.97721048990887 ], [ 61.717135281033016, 39.98125 ], [ 61.720266045464442, 39.985289510091164 ], [ 61.721400621202285, 39.988246663411473 ], [ 61.717233954535615, 39.993622843424497 ], [ 61.716099378797772, 39.998043823242206 ], [ 61.713067287868952, 40.00195617675783 ], [ 61.711586507161485, 40.00772569444446 ], [ 61.695833333333361, 40.008333333333354 ], [ 61.695480007595513, 40.010757785373286 ], [ 61.687853325737876, 40.018408881293425 ], [ 61.687146674262181, 40.023257785373282 ], [ 61.683686659071206, 40.026742214626758 ], [ 61.682980007595518, 40.035757785373285 ], [ 61.675353325737873, 40.043408881293423 ], [ 61.674646674262178, 40.048257785373281 ], [ 61.671186659071211, 40.051742214626756 ], [ 61.670480007595515, 40.06004909939238 ], [ 61.678813340928848, 40.068408881293422 ], [ 61.679519992404543, 40.07254638671877 ], [ 61.675353325737873, 40.076742214626755 ], [ 61.675, 40.079166666666687 ], [ 61.67721048990888, 40.079733954535612 ], [ 61.681122843424504, 40.082766045464432 ], [ 61.690779283311663, 40.084041680230051 ], [ 61.692233954535617, 40.089710489908875 ], [ 61.695266045464436, 40.093622843424498 ], [ 61.696400621202287, 40.10637715657554 ], [ 61.711932712131102, 40.122789510091167 ], [ 61.713067287868952, 40.125746663411476 ], [ 61.708900621202282, 40.1311228434245 ], [ 61.707766045464439, 40.144618394639778 ], [ 61.714710489908882, 40.146400621202275 ], [ 61.718622843424505, 40.149432712131095 ], [ 61.724291653103329, 40.150887383355055 ], [ 61.725567287868955, 40.160543823242207 ], [ 61.728599378797774, 40.164456176757831 ], [ 61.729733954535618, 40.193877156575539 ], [ 61.736932712131107, 40.201956176757832 ], [ 61.738067287868951, 40.204913330078142 ], [ 61.733900621202288, 40.210289510091165 ], [ 61.732766045464437, 40.225746663411478 ], [ 61.737896050347253, 40.232365587022592 ], [ 61.745124986436664, 40.234220716688391 ], [ 61.746400621202284, 40.243877156575543 ], [ 61.749531385633709, 40.24791666666669 ], [ 61.746400621202284, 40.251956176757837 ], [ 61.74526604546444, 40.268877156575542 ], [ 61.742233954535621, 40.272789510091165 ], [ 61.74109937879777, 40.29804382324221 ], [ 61.724019029405412, 40.316012573242212 ], [ 61.716666666666697, 40.316666666666691 ], [ 61.717019992404545, 40.319091118706616 ], [ 61.720480007595512, 40.322575547960092 ], [ 61.721186659071208, 40.327424452039949 ], [ 61.724646674262182, 40.330908881293425 ], [ 61.725353325737878, 40.335757785373289 ], [ 61.741313340928848, 40.351742214626761 ], [ 61.742019992404543, 40.356591118706618 ], [ 61.745480007595518, 40.360075547960093 ], [ 61.746186659071206, 40.368379720052104 ], [ 61.742019992404543, 40.372575547960089 ], [ 61.741313340928848, 40.381591118706616 ], [ 61.737853325737873, 40.385075547960092 ], [ 61.7375, 40.4 ], [ 61.738067287868951, 40.402210489908875 ], [ 61.74109937879777, 40.406122843424498 ], [ 61.742233954535621, 40.409079996744815 ], [ 61.737968614366352, 40.414583333333354 ], [ 61.74109937879777, 40.418622843424501 ], [ 61.742233954535621, 40.452210489908879 ], [ 61.745364718967039, 40.45625 ], [ 61.742135281033015, 40.460416666666688 ], [ 61.74526604546444, 40.464456176757835 ], [ 61.746400621202284, 40.477210489908877 ], [ 61.754749552408882, 40.486580403645853 ], [ 61.761896091037357, 40.488414171006966 ], [ 61.76306728786895, 40.521579996744812 ], [ 61.758900621202287, 40.526956176757835 ], [ 61.757766045464436, 40.535543823242207 ], [ 61.754733954535617, 40.539456176757838 ], [ 61.754166666666698, 40.558333333333358 ], [ 61.76575758192277, 40.558956909179713 ], [ 61.767233954535619, 40.564710489908876 ], [ 61.770364718967045, 40.56875 ], [ 61.767233954535619, 40.57278951009117 ], [ 61.766099378797769, 40.575746663411479 ], [ 61.770266045464439, 40.581122843424502 ], [ 61.771400621202289, 40.592413330078145 ], [ 61.767233954535619, 40.597789510091168 ], [ 61.766099378797769, 40.600746663411485 ], [ 61.770266045464439, 40.606122843424501 ], [ 61.771400621202289, 40.613246663411481 ], [ 61.767233954535619, 40.618622843424504 ], [ 61.766099378797769, 40.627210489908876 ], [ 61.76306728786895, 40.631122843424507 ], [ 61.7625, 40.65 ], [ 61.758729383680581, 40.650967746310791 ], [ 61.754733954535617, 40.656122843424505 ], [ 61.753599378797773, 40.660543823242215 ], [ 61.750567287868954, 40.664456176757838 ], [ 61.749432712131103, 40.668877156575547 ], [ 61.746400621202284, 40.672789510091171 ], [ 61.74526604546444, 40.698043823242209 ], [ 61.742233954535621, 40.70195617675784 ], [ 61.74109937879777, 40.706377156575542 ], [ 61.738067287868951, 40.710289510091172 ], [ 61.736932712131107, 40.723043823242215 ], [ 61.732766045464437, 40.728420003255231 ], [ 61.734340074327285, 40.732522243923633 ], [ 61.741931152343781, 40.734470621744819 ], [ 61.736932712131107, 40.740920003255233 ], [ 61.738554551866351, 40.745147026909748 ], [ 61.748043823242213, 40.746400621202284 ], [ 61.756122843424507, 40.753599378797766 ], [ 61.758333333333361, 40.754166666666691 ], [ 61.757766045464436, 40.756377156575546 ], [ 61.754733954535617, 40.76028951009117 ], [ 61.753458319769997, 40.769945949978322 ], [ 61.747789510091174, 40.771400621202282 ], [ 61.742634412977459, 40.775396050347247 ], [ 61.741666666666696, 40.77916666666669 ], [ 61.739456176757841, 40.779733954535615 ], [ 61.735543823242217, 40.782766045464435 ], [ 61.725887383355065, 40.784041680230061 ], [ 61.724432712131104, 40.789710489908877 ], [ 61.721400621202285, 40.793622843424501 ], [ 61.720266045464442, 40.79804382324221 ], [ 61.713067287868952, 40.806122843424504 ], [ 61.71164923773874, 40.811649237738742 ], [ 61.706122843424509, 40.813067287868947 ], [ 61.698043823242216, 40.820266045464436 ], [ 61.692517428927978, 40.821684095594641 ], [ 61.691099378797773, 40.827210489908879 ], [ 61.688067287868954, 40.831122843424502 ], [ 61.686932712131103, 40.835543823242212 ], [ 61.671400621202288, 40.851956176757838 ], [ 61.670266045464437, 40.856377156575547 ], [ 61.663067287868955, 40.864456176757841 ], [ 61.661932712131104, 40.86887715657555 ], [ 61.658900621202285, 40.872789510091174 ], [ 61.657452392578151, 40.878432549370686 ], [ 61.649062771267388, 40.879733954535617 ], [ 61.639583333333363, 40.87128736707902 ], [ 61.630086263020864, 40.879749552408882 ], [ 61.629166666666691, 40.883333333333361 ], [ 61.628813340928851, 40.885757785373286 ], [ 61.623290337456623, 40.891308593750026 ], [ 61.618408881293433, 40.892019992404542 ], [ 61.602424452039955, 40.907980007595512 ], [ 61.6, 40.90833333333336 ], [ 61.599264865451417, 40.900802612304716 ], [ 61.587830946180581, 40.899138387044296 ], [ 61.583950805664088, 40.893826972113743 ], [ 61.583333333333364, 40.891666666666694 ], [ 61.579964531792562, 40.89268086751305 ], [ 61.578326076931454, 40.903432549370685 ], [ 61.560365125868081, 40.904809570312523 ], [ 61.554987250434053, 40.908622572157142 ], [ 61.553395250108537, 40.924228583441867 ], [ 61.539531792534753, 40.925642903645858 ], [ 61.535468207465307, 40.928523763020863 ], [ 61.531198459201413, 40.929809570312528 ], [ 61.527134874131974, 40.932690429687526 ], [ 61.504166666666691, 40.933333333333358 ], [ 61.503561740451417, 40.935506184895857 ], [ 61.500604926215303, 40.939493815104193 ], [ 61.499395073784747, 40.964672851562526 ], [ 61.496372138129367, 40.96875 ], [ 61.500443861219644, 40.974241807725718 ], [ 61.49919976128475, 40.982659573025202 ], [ 61.4875, 40.983333333333363 ], [ 61.48394097222225, 40.984246826171905 ], [ 61.483333333333363, 41.0 ], [ 61.476956176757838, 40.999432712131103 ], [ 61.473043823242215, 40.996400621202284 ], [ 61.455381605360273, 40.995266045464433 ], [ 61.453599378797769, 41.002210489908883 ], [ 61.45056728786895, 41.006122843424507 ], [ 61.449432712131106, 41.027210489908882 ], [ 61.438067287868947, 41.039456176757838 ], [ 61.436932712131103, 41.043877156575547 ], [ 61.433900621202284, 41.047789510091171 ], [ 61.432482571072072, 41.053315904405409 ], [ 61.429166666666696, 41.054166666666696 ], [ 61.428813340928848, 41.064924452039961 ], [ 61.425353325737873, 41.068408881293429 ], [ 61.424646674262178, 41.098257785373292 ], [ 61.421186659071211, 41.101742214626761 ], [ 61.420480007595515, 41.105879720052108 ], [ 61.424646674262178, 41.110075547960093 ], [ 61.425, 41.116666666666696 ], [ 61.421552191840306, 41.117704603407148 ], [ 61.420190429687523, 41.135468207465308 ], [ 61.417309570312526, 41.139531792534747 ], [ 61.41602376302086, 41.147968207465304 ], [ 61.408976236979193, 41.15619845920142 ], [ 61.407535468207492, 41.165652465820344 ], [ 61.400744967990477, 41.167696804470516 ], [ 61.399124484592036, 41.183583577473989 ], [ 61.393801540798634, 41.179809400770431 ], [ 61.38686625162763, 41.17852393256296 ], [ 61.377134874131968, 41.186857265896293 ], [ 61.372865125868081, 41.188142734103764 ], [ 61.368801540798636, 41.191023932562963 ], [ 61.34166666666669, 41.191666666666691 ], [ 61.340598212348112, 41.195127020941868 ], [ 61.313258870442731, 41.196555921766524 ], [ 61.311743842230925, 41.215910508897601 ], [ 61.292726982964432, 41.217399088541697 ], [ 61.291666666666693, 41.22083333333336 ], [ 61.284297688802106, 41.220130072699682 ], [ 61.282728407118078, 41.214493984646296 ], [ 61.279234144422766, 41.209781053331191 ], [ 61.274212646484401, 41.207728237575985 ], [ 61.263557603624157, 41.217035929362005 ], [ 61.261535644531278, 41.224296739366345 ], [ 61.246663072374155, 41.22571614583336 ], [ 61.245228407118077, 41.233874003092474 ], [ 61.249395073784747, 41.239493984646295 ], [ 61.250604926215303, 41.257004631890219 ], [ 61.245833333333358, 41.258333333333361 ], [ 61.245266045464433, 41.264710489908886 ], [ 61.233900621202281, 41.276956176757842 ], [ 61.232482571072076, 41.282482401529975 ], [ 61.229166666666693, 41.28333333333336 ], [ 61.222789510091168, 41.283900621202285 ], [ 61.218877156575545, 41.286932712131104 ], [ 61.209220716688392, 41.288208516438829 ], [ 61.207433742947075, 41.295172119140652 ], [ 61.2, 41.295833333333363 ], [ 61.199432712131099, 41.298043823242217 ], [ 61.190737575954884, 41.307630411783883 ], [ 61.181122843424504, 41.308900621202284 ], [ 61.17721048990888, 41.311932712131103 ], [ 61.155075751410614, 41.313123575846383 ], [ 61.153246053059917, 41.320253838433189 ], [ 61.104166666666693, 41.320833333333361 ], [ 61.093408881293428, 41.320480007595513 ], [ 61.085757785373289, 41.312853325737876 ], [ 61.079166666666687, 41.3125 ], [ 61.078599378797769, 41.314710489908883 ], [ 61.074080403645858, 41.320129055447076 ], [ 61.063554551866346, 41.321519809299076 ], [ 61.061932712131103, 41.325746663411486 ], [ 61.066099378797766, 41.331122843424509 ], [ 61.067233954535617, 41.340451727973118 ], [ 61.060289510091167, 41.342233954535622 ], [ 61.052079603407144, 41.349549526638484 ], [ 61.035543823242207, 41.333900621202289 ], [ 61.032396104600721, 41.332766045464439 ], [ 61.021752929687523, 41.342249552408887 ], [ 61.020833333333357, 41.34583333333336 ], [ 61.014418538411483, 41.346362813313831 ], [ 61.006414794921895, 41.353637186686228 ], [ 61.003226047092035, 41.354696146647164 ], [ 60.998081461588562, 41.350529479980501 ], [ 60.993585205078148, 41.349470520019558 ], [ 60.988499281141515, 41.345351325141088 ], [ 60.984105767144122, 41.346719699435795 ], [ 60.982566663954017, 41.353254699707058 ], [ 60.978226047092036, 41.354696146647164 ], [ 60.972916666666691, 41.350395880805152 ], [ 60.96875, 41.353770785861578 ], [ 60.964748128255231, 41.350529479980501 ], [ 60.960251871744816, 41.349470520019558 ], [ 60.956414794921898, 41.346362813313831 ], [ 60.95, 41.34583333333336 ], [ 60.945833333333354, 41.34583333333336 ], [ 60.945266045464436, 41.352210489908884 ], [ 60.940706719292557, 41.357677374945773 ], [ 60.925899590386308, 41.358994547526073 ], [ 60.924149237738739, 41.365815734863311 ], [ 60.917340426974846, 41.367563035753065 ], [ 60.916099378797767, 41.379913330078153 ], [ 60.920364718967036, 41.3854166666667 ], [ 60.917233954535611, 41.38945617675784 ], [ 60.916666666666686, 41.391666666666694 ], [ 60.916666666666686, 41.40833333333336 ], [ 60.916099378797767, 41.410543823242215 ], [ 60.911004299587695, 41.416653442382845 ], [ 60.906377156575545, 41.413067287868955 ], [ 60.901956176757835, 41.411932712131104 ], [ 60.896970621744813, 41.408068678114176 ], [ 60.894696044921901, 41.416931321885883 ], [ 60.889583333333356, 41.412968783908454 ], [ 60.884301079644118, 41.417062547471815 ], [ 60.882482571072067, 41.424149068196641 ], [ 60.875708346896722, 41.425887383355068 ], [ 60.874432712131096, 41.43554382324222 ], [ 60.867233954535614, 41.443622843424507 ], [ 60.866099378797763, 41.452210489908886 ], [ 60.863067287868944, 41.456122843424509 ], [ 60.861600409613736, 41.461838785807323 ], [ 60.854166666666686, 41.4625 ], [ 60.847789510091168, 41.461932712131109 ], [ 60.843877156575545, 41.458900621202289 ], [ 60.826956176757832, 41.457766045464439 ], [ 60.822907850477449, 41.454628499348992 ], [ 60.814710489908876, 41.461932712131109 ], [ 60.797789510091164, 41.463067287868952 ], [ 60.79387715657554, 41.466099378797772 ], [ 60.784220716688388, 41.467375183105503 ], [ 60.782766045464427, 41.473043823242222 ], [ 60.779733954535608, 41.476956176757845 ], [ 60.778599378797765, 41.479913330078155 ], [ 60.782766045464427, 41.485289510091178 ], [ 60.783333333333353, 41.495833333333366 ], [ 60.782406955295158, 41.499073621961834 ], [ 60.775717163085957, 41.500986226399768 ], [ 60.774264865451407, 41.515864054362012 ], [ 60.764506530761743, 41.51728430853953 ], [ 60.760493469238305, 41.520215691460535 ], [ 60.75617319742841, 41.521450975206193 ], [ 60.750735473632837, 41.52579989963111 ], [ 60.749382358127193, 41.539660135904981 ], [ 60.740863376193595, 41.54926486545142 ], [ 60.733333333333356, 41.55 ], [ 60.732715691460527, 41.552160135904977 ], [ 60.725617641872851, 41.560339864095084 ], [ 60.724382358127194, 41.56466013590498 ], [ 60.720502217610701, 41.569971889919735 ], [ 60.709083557128928, 41.571633741590745 ], [ 60.707715691460521, 41.584069993760885 ], [ 60.716110059950111, 41.593743387858105 ], [ 60.712386067708351, 41.598841179741783 ], [ 60.706173197428406, 41.600617641872859 ], [ 60.701158820258264, 41.604280598958368 ], [ 60.699073621961823, 41.611573621961838 ], [ 60.693673197428403, 41.613117641872861 ], [ 60.688658820258269, 41.616780598958364 ], [ 60.6875, 41.620833333333366 ], [ 60.686932712131096, 41.62304382324222 ], [ 60.682937452528229, 41.628198920355935 ], [ 60.675850931803403, 41.630017598470083 ], [ 60.674120246039514, 41.63676130506731 ], [ 60.665920003255231, 41.638067287868957 ], [ 60.660543823242207, 41.633900621202287 ], [ 60.649040391710088, 41.632766045464443 ], [ 60.638154771592902, 41.642639668782586 ], [ 60.6375, 41.65 ], [ 60.637853325737865, 41.652424452039966 ], [ 60.641313340928839, 41.655908881293435 ], [ 60.642019992404535, 41.668379550510018 ], [ 60.637853325737865, 41.672575547960101 ], [ 60.637146674262169, 41.677424452039965 ], [ 60.633347913954012, 41.68125 ], [ 60.63748541937936, 41.685416666666697 ], [ 60.633686659071202, 41.689242214626766 ], [ 60.632980007595506, 41.698257785373293 ], [ 60.627456834581182, 41.703808593750033 ], [ 60.622575547960089, 41.704519992404549 ], [ 60.619091118706621, 41.707980007595516 ], [ 60.610075547960086, 41.708686659071212 ], [ 60.606591118706618, 41.712146674262186 ], [ 60.604166666666686, 41.7125 ], [ 60.603637186686214, 41.710251702202726 ], [ 60.600529479980487, 41.70641496446401 ], [ 60.599348958333351, 41.696757676866355 ], [ 60.594834052191857, 41.69535132514109 ], [ 60.589583333333351, 41.699604119194909 ], [ 60.585416666666688, 41.696229214138484 ], [ 60.581414964463995, 41.699470520019567 ], [ 60.575, 41.7 ], [ 60.568660651312953, 41.70060509575741 ], [ 60.562528143988736, 41.705561319987012 ], [ 60.567110527886307, 41.711741977267828 ], [ 60.56586659749351, 41.720159573025207 ], [ 60.543660651312955, 41.721438429090746 ], [ 60.539672682020417, 41.724394904242658 ], [ 60.534240892198369, 41.725907558865053 ], [ 60.532728237575974, 41.731339348687101 ], [ 60.528376600477451, 41.736723836263053 ], [ 60.51761711968318, 41.738253445095516 ], [ 60.516061570909308, 41.743839348687096 ], [ 60.512316555447065, 41.748890855577287 ], [ 60.504920111762175, 41.750950453016529 ], [ 60.503413221571201, 41.761549546983538 ], [ 60.49782731797962, 41.76310509575741 ], [ 60.48404778374568, 41.775848049587708 ], [ 60.483333333333348, 41.783333333333367 ], [ 60.472789510091161, 41.783900621202292 ], [ 60.468877156575537, 41.786932712131112 ], [ 60.460289510091165, 41.788067287868955 ], [ 60.456377156575542, 41.791099378797774 ], [ 60.447789510091162, 41.792233954535625 ], [ 60.438419765896285, 41.800582885742223 ], [ 60.436932712131096, 41.806377156575557 ], [ 60.432937452528229, 41.811532253689272 ], [ 60.425708516438817, 41.813387383355071 ], [ 60.424432712131093, 41.823043823242223 ], [ 60.420437452528233, 41.828198920355938 ], [ 60.414456176757831, 41.829733954535627 ], [ 60.410543823242207, 41.832766045464446 ], [ 60.405017598470067, 41.834184265136756 ], [ 60.404166666666683, 41.8375 ], [ 60.39673292371964, 41.838161214192745 ], [ 60.394953579372846, 41.845094638400639 ], [ 60.386753336588562, 41.846400621202292 ], [ 60.381377156575539, 41.842233954535622 ], [ 60.374062771267376, 41.841099378797779 ], [ 60.363419765896282, 41.85058288574222 ], [ 60.361932712131093, 41.856377156575554 ], [ 60.350567287868941, 41.868622843424511 ], [ 60.349432712131097, 41.87304382324222 ], [ 60.346400621202278, 41.876956176757844 ], [ 60.345266045464427, 41.885543823242223 ], [ 60.342233954535608, 41.889456176757847 ], [ 60.340815734863298, 41.89498240152998 ], [ 60.334041849772156, 41.896720716688399 ], [ 60.332766045464425, 41.906377156575552 ], [ 60.32767096625436, 41.912486775716182 ], [ 60.323043823242202, 41.908900621202292 ], [ 60.316666666666684, 41.908333333333367 ], [ 60.316005452473973, 41.915767076280417 ], [ 60.310289510091167, 41.917233954535625 ], [ 60.302210489908873, 41.924432712131107 ], [ 60.296684265136733, 41.925850931803417 ], [ 60.295833333333348, 41.929166666666703 ], [ 60.276956176757828, 41.929733954535607 ], [ 60.273043823242205, 41.932766045464426 ], [ 60.260289510091162, 41.933900621202277 ], [ 60.256377156575539, 41.936932712131096 ], [ 60.246720716688387, 41.938208346896722 ], [ 60.245833333333351, 41.941666666666684 ], [ 60.246186659071199, 41.944091118706616 ], [ 60.249646674262166, 41.947575547960085 ], [ 60.25, 41.9625 ], [ 60.249432712131096, 41.968877156575537 ], [ 60.245437452528229, 41.974032253689252 ], [ 60.238232930501319, 41.975881279839427 ], [ 60.236932712131093, 41.984321424696198 ], [ 60.249432712131096, 41.997789510091167 ], [ 60.25056728786894, 42.000988091362863 ], [ 60.238067287868944, 42.014456176757832 ], [ 60.236932712131093, 42.023043823242205 ], [ 60.233900621202274, 42.026956176757835 ], [ 60.233333333333348, 42.029166666666683 ], [ 60.232980007595501, 42.031591118706615 ], [ 60.227454460991773, 42.037144300672765 ], [ 60.218408881293421, 42.037853325737863 ], [ 60.214924452039945, 42.041313340928838 ], [ 60.210075547960088, 42.042019992404533 ], [ 60.206591118706612, 42.045480007595508 ], [ 60.20416666666668, 42.045833333333356 ], [ 60.203599378797762, 42.04804382324221 ], [ 60.199604119194895, 42.053198920355925 ], [ 60.192375183105483, 42.055054050021724 ], [ 60.191099378797759, 42.064710489908876 ], [ 60.18806728786894, 42.0686228434245 ], [ 60.186932712131096, 42.085543823242205 ], [ 60.18390062120227, 42.089456176757835 ], [ 60.183333333333351, 42.104166666666686 ], [ 60.175899590386301, 42.104827880859396 ], [ 60.174432712131093, 42.11054382324221 ], [ 60.171400621202274, 42.114456176757834 ], [ 60.170266045464423, 42.118877156575543 ], [ 60.165706888834649, 42.124344211154536 ], [ 60.151956176757828, 42.125567287868947 ], [ 60.148043823242205, 42.128599378797766 ], [ 60.143622843424495, 42.12973395453561 ], [ 60.127210489908869, 42.145266045464432 ], [ 60.12278951009116, 42.146400621202275 ], [ 60.116679890950536, 42.151495700412347 ], [ 60.120266045464426, 42.156122843424498 ], [ 60.120833333333351, 42.170833333333356 ], [ 60.118408881293419, 42.170480007595508 ], [ 60.114924452039944, 42.167019992404533 ], [ 60.10662044949003, 42.166313340928838 ], [ 60.102424452039948, 42.170480007595508 ], [ 60.093408881293421, 42.171186659071203 ], [ 60.085757785373282, 42.178813340928841 ], [ 60.081620449490032, 42.179519992404536 ], [ 60.077424452039949, 42.175353325737866 ], [ 60.064950222439251, 42.174646674262171 ], [ 60.052424452039944, 42.187146674262173 ], [ 60.045833333333348, 42.1875 ], [ 60.04461839463977, 42.182766045464433 ], [ 60.026956176757828, 42.183900621202277 ], [ 60.023043823242205, 42.186932712131096 ], [ 60.02083333333335, 42.1875 ], [ 60.018408881293432, 42.187146674262173 ], [ 60.014924452039963, 42.183686659071199 ], [ 60.004166666666698, 42.183333333333351 ], [ 59.997839694552979, 42.183950805664082 ], [ 59.993826972113744, 42.18688252766929 ], [ 59.985339694552984, 42.188117472330752 ], [ 59.977160305447079, 42.195215861002623 ], [ 59.971759711371561, 42.196759711371548 ], [ 59.969861518012181, 42.203398301866343 ], [ 59.960339694552985, 42.204784138997418 ], [ 59.956326972113743, 42.207715861002626 ], [ 59.952006361219645, 42.208950805664081 ], [ 59.946694946289092, 42.212830946180574 ], [ 59.945032755533887, 42.224249606662347 ], [ 59.932596503363747, 42.225617472330747 ], [ 59.922993638780412, 42.217284138997414 ], [ 59.913867865668436, 42.216049194335959 ], [ 59.911573621961836, 42.224073621961828 ], [ 59.906173027886318, 42.225617472330747 ], [ 59.893826972113743, 42.236882527669295 ], [ 59.884086778428852, 42.238299899631095 ], [ 59.882715861002637, 42.250469292534746 ], [ 59.8868825276693, 42.256173027886305 ], [ 59.888117472330762, 42.264660305447066 ], [ 59.89104919433597, 42.268673027886308 ], [ 59.891666666666694, 42.275 ], [ 59.889242214626769, 42.275353325737868 ], [ 59.885757785373293, 42.278813340928842 ], [ 59.86912027994795, 42.279519992404538 ], [ 59.864924452039958, 42.275353325737868 ], [ 59.860075547960101, 42.274646674262172 ], [ 59.856591118706625, 42.271186659071205 ], [ 59.833333333333364, 42.270833333333357 ], [ 59.832975260416696, 42.268376329210092 ], [ 59.827424452039963, 42.262853325737865 ], [ 59.822542995876766, 42.262141927083356 ], [ 59.817019992404546, 42.256591118706616 ], [ 59.816666666666698, 42.254166666666691 ], [ 59.780908881293435, 42.254519992404532 ], [ 59.777424452039959, 42.257980007595506 ], [ 59.772575547960102, 42.258686659071202 ], [ 59.769091118706626, 42.262146674262176 ], [ 59.7625, 42.2625 ], [ 59.761612616644996, 42.265958319769986 ], [ 59.750887383355064, 42.267375013563388 ], [ 59.749094306098122, 42.27436218261721 ], [ 59.731122843424508, 42.275567287868945 ], [ 59.714710489908882, 42.291099378797767 ], [ 59.708333333333364, 42.291666666666686 ], [ 59.707445949978329, 42.288208346896724 ], [ 59.697789510091177, 42.286932712131097 ], [ 59.689710489908883, 42.279733954535608 ], [ 59.681122843424504, 42.278599378797765 ], [ 59.672925482855931, 42.271295166015648 ], [ 59.668738471137182, 42.274540201822937 ], [ 59.656377156575552, 42.263067287868942 ], [ 59.641666666666694, 42.2625 ], [ 59.634232923719644, 42.263161214192728 ], [ 59.632414415147601, 42.270247395833351 ], [ 59.6, 42.270833333333357 ], [ 59.593408881293428, 42.270480007595509 ], [ 59.589924452039959, 42.267019992404535 ], [ 59.585075547960095, 42.266313340928839 ], [ 59.581591118706626, 42.262853325737865 ], [ 59.576742214626762, 42.262146674262176 ], [ 59.573257785373293, 42.258686659071202 ], [ 59.54828694661461, 42.257980007595506 ], [ 59.544091118706625, 42.262146674262176 ], [ 59.526742214626765, 42.262853325737865 ], [ 59.523257785373289, 42.266313340928839 ], [ 59.510075547960099, 42.267019992404535 ], [ 59.506591118706623, 42.270480007595509 ], [ 59.5, 42.270833333333357 ], [ 59.499432712131103, 42.268622843424502 ], [ 59.496400621202284, 42.264710489908879 ], [ 59.495266045464433, 42.26028951009117 ], [ 59.488067287868951, 42.252210489908876 ], [ 59.486844211154541, 42.238459947374153 ], [ 59.481377156575547, 42.233900621202281 ], [ 59.47585076226131, 42.232482571072069 ], [ 59.475, 42.229166666666686 ], [ 59.468711005316869, 42.228511216905403 ], [ 59.463546074761311, 42.224903700086827 ], [ 59.461844550238744, 42.216420830620677 ], [ 59.466910807291697, 42.209167819552974 ], [ 59.447877671983534, 42.207677883572067 ], [ 59.439622328016519, 42.200655449761307 ], [ 59.414544338650202, 42.199344550238735 ], [ 59.408386569552974, 42.194572618272588 ], [ 59.411875406901068, 42.18957824707033 ], [ 59.405655585394989, 42.182677883572069 ], [ 59.403511216905407, 42.189622328016512 ], [ 59.391225518120685, 42.203261311848976 ], [ 59.381211005316864, 42.20482211642797 ], [ 59.377122328016519, 42.207677883572067 ], [ 59.375, 42.208333333333357 ], [ 59.375642903645861, 42.210468207465297 ], [ 59.379416910807315, 42.215791151258699 ], [ 59.364531792534748, 42.217309570312523 ], [ 59.360468207465303, 42.22019042968752 ], [ 59.356198459201416, 42.221476236979186 ], [ 59.35213487413197, 42.22435709635419 ], [ 59.347865125868083, 42.225642903645856 ], [ 59.343801540798637, 42.228523763020853 ], [ 59.337178209092905, 42.229809570312518 ], [ 59.331301540798634, 42.225642903645856 ], [ 59.325915527343774, 42.22435709635419 ], [ 59.324225192599854, 42.24092746310766 ], [ 59.305204603407141, 42.242385525173631 ], [ 59.303523763020856, 42.247968207465298 ], [ 59.292309570312526, 42.260365125868077 ], [ 59.29102376302086, 42.268801540798634 ], [ 59.288142903645856, 42.27286512586808 ], [ 59.28685709635419, 42.293801540798633 ], [ 59.283976236979193, 42.297865125868078 ], [ 59.282690429687527, 42.302134874131966 ], [ 59.27564290364586, 42.310365125868074 ], [ 59.274357096354194, 42.314634874131968 ], [ 59.270544094509575, 42.32001274956599 ], [ 59.2625, 42.320833333333354 ], [ 59.26189507378475, 42.314493815104186 ], [ 59.258872138129362, 42.31041666666669 ], [ 59.262805514865477, 42.305111355251761 ], [ 59.25322570800784, 42.303695678710959 ], [ 59.242454020182315, 42.313104926215303 ], [ 59.235327148437527, 42.31189507378474 ], [ 59.229707166883706, 42.307728407118077 ], [ 59.226993815104194, 42.308938259548633 ], [ 59.222916666666691, 42.311961195204013 ], [ 59.218839518229188, 42.308938259548633 ], [ 59.21666666666669, 42.308333333333351 ], [ 59.215815904405403, 42.311649237738735 ], [ 59.210289510091172, 42.313067287868947 ], [ 59.206377156575542, 42.316099378797766 ], [ 59.204166666666694, 42.316666666666691 ], [ 59.2, 42.316666666666691 ], [ 59.195833333333354, 42.316666666666691 ], [ 59.185339694552979, 42.317284138997415 ], [ 59.181326972113737, 42.320215861002623 ], [ 59.17700636121964, 42.321450805664085 ], [ 59.172993638780405, 42.324382527669293 ], [ 59.164506361219644, 42.325617472330748 ], [ 59.160493638780409, 42.328549194335956 ], [ 59.150676472981793, 42.32997775607641 ], [ 59.149382527669296, 42.356326972113735 ], [ 59.141131591796899, 42.365834893120685 ], [ 59.131173027886305, 42.36728413899742 ], [ 59.12708333333336, 42.370271809895854 ], [ 59.122993638780407, 42.36728413899742 ], [ 59.106173027886307, 42.366049194335957 ], [ 59.102160305447072, 42.36311747233075 ], [ 59.093673027886311, 42.361882527669295 ], [ 59.089660305447069, 42.358950805664087 ], [ 59.079166666666687, 42.358333333333356 ], [ 59.079166666666687, 42.345833333333353 ], [ 59.078315904405407, 42.342517428927977 ], [ 59.075, 42.34166666666669 ], [ 59.072575547960092, 42.342019992404538 ], [ 59.069091118706623, 42.345480007595505 ], [ 59.058333333333358, 42.345833333333353 ], [ 59.051956176757834, 42.345266045464435 ], [ 59.04804382324221, 42.342233954535615 ], [ 59.039456176757838, 42.341099378797765 ], [ 59.029869588216172, 42.33240424262155 ], [ 59.028599378797765, 42.32278951009117 ], [ 59.0246039496528, 42.317634412977455 ], [ 59.017517428927974, 42.315815904405405 ], [ 59.016666666666687, 42.3125 ], [ 59.0125, 42.3125 ], [ 59.010075547960092, 42.312146674262173 ], [ 59.006591118706623, 42.308686659071199 ], [ 59.0, 42.308333333333351 ], [ 58.999225192599852, 42.300739203559047 ], [ 58.981198459201408, 42.299357096354186 ], [ 58.97713487413197, 42.296476236979188 ], [ 58.964531792534743, 42.295190429687523 ], [ 58.958655124240472, 42.291023763020853 ], [ 58.947865125868077, 42.292309570312518 ], [ 58.942916531033006, 42.295818074544293 ], [ 58.941666666666691, 42.291666666666686 ], [ 58.931122843424504, 42.291099378797767 ], [ 58.927210489908873, 42.288067287868941 ], [ 58.907586669921898, 42.286932712131097 ], [ 58.902210489908875, 42.291099378797767 ], [ 58.890920003255232, 42.292233954535611 ], [ 58.885543823242209, 42.288067287868941 ], [ 58.8811228434245, 42.286932712131097 ], [ 58.877210489908876, 42.283900621202278 ], [ 58.872789510091167, 42.282766045464427 ], [ 58.86875, 42.279635281033009 ], [ 58.864710489908873, 42.282766045464427 ], [ 58.855054050021721, 42.284041680230054 ], [ 58.853255886501756, 42.291049533420157 ], [ 58.828420003255232, 42.292233954535611 ], [ 58.823043823242209, 42.288067287868941 ], [ 58.8125, 42.2875 ], [ 58.811932712131096, 42.289710489908877 ], [ 58.808900621202277, 42.293622843424501 ], [ 58.807766045464433, 42.300746663411481 ], [ 58.811932712131096, 42.306122843424504 ], [ 58.813067287868947, 42.314710489908876 ], [ 58.816204833984393, 42.318758816189259 ], [ 58.808900621202277, 42.326956176757832 ], [ 58.807170104980493, 42.333699205186655 ], [ 58.79804382324221, 42.325567287868942 ], [ 58.794845241970506, 42.324432712131099 ], [ 58.78032870822485, 42.337905883789084 ], [ 58.778599378797765, 42.342413330078145 ], [ 58.782864549424936, 42.347916666666691 ], [ 58.779635450575107, 42.352083333333354 ], [ 58.782864549424936, 42.35625 ], [ 58.779733954535608, 42.360289510091164 ], [ 58.778599378797765, 42.363246663411481 ], [ 58.782766045464427, 42.368622843424504 ], [ 58.783333333333353, 42.370833333333358 ], [ 58.771570671929275, 42.371570502387172 ], [ 58.770833333333357, 42.383333333333354 ], [ 58.763399590386307, 42.382672119140651 ], [ 58.761932712131099, 42.376956176757837 ], [ 58.757937452528232, 42.371801079644122 ], [ 58.751956176757837, 42.370266045464433 ], [ 58.748043823242206, 42.367233954535614 ], [ 58.726956176757831, 42.366099378797763 ], [ 58.723043823242207, 42.363067287868944 ], [ 58.713387383355055, 42.361791653103317 ], [ 58.711649068196635, 42.355017428927972 ], [ 58.708333333333357, 42.354166666666686 ], [ 58.707980007595509, 42.347575547960091 ], [ 58.704519992404535, 42.344091118706622 ], [ 58.704166666666687, 42.3375 ], [ 58.703198920355923, 42.333729383680577 ], [ 58.698043823242209, 42.329733954535612 ], [ 58.6936228434245, 42.328599378797762 ], [ 58.688246663411476, 42.324432712131099 ], [ 58.680046420627193, 42.32573886447485 ], [ 58.679166666666688, 42.329166666666687 ], [ 58.676956176757834, 42.329733954535612 ], [ 58.66887715657554, 42.336932712131102 ], [ 58.665729437934047, 42.338067287868945 ], [ 58.655086432562953, 42.328583780924504 ], [ 58.653255038791251, 42.321447414822067 ], [ 58.62695617675783, 42.320266045464429 ], [ 58.623043823242206, 42.31723395453561 ], [ 58.618622843424497, 42.316099378797766 ], [ 58.614710489908873, 42.313067287868947 ], [ 58.607586669921893, 42.311932712131096 ], [ 58.60221048990887, 42.316099378797766 ], [ 58.594896104600714, 42.31723395453561 ], [ 58.585425482855925, 42.308795166015649 ], [ 58.581245422363303, 42.312034776475713 ], [ 58.575655958387607, 42.307373385959224 ], [ 58.575, 42.3 ], [ 58.575, 42.283333333333353 ], [ 58.571684265136739, 42.282482571072066 ], [ 58.570833333333354, 42.27916666666669 ], [ 58.564242214626759, 42.278813340928842 ], [ 58.560757785373283, 42.275353325737868 ], [ 58.539951070149762, 42.274646674262172 ], [ 58.531591118706615, 42.282980007595505 ], [ 58.526742214626758, 42.283686659071201 ], [ 58.523257785373282, 42.287146674262175 ], [ 58.510075547960085, 42.287853325737871 ], [ 58.506591118706616, 42.291313340928838 ], [ 58.497575547960089, 42.292019992404533 ], [ 58.494091118706613, 42.295480007595508 ], [ 58.491666666666688, 42.295833333333356 ], [ 58.481122843424501, 42.296400621202281 ], [ 58.47721048990887, 42.2994327121311 ], [ 58.472789510091161, 42.300567287868944 ], [ 58.464710489908875, 42.307766045464433 ], [ 58.455054050021722, 42.309041680230052 ], [ 58.454166666666687, 42.3125 ], [ 58.451742214626755, 42.312853325737869 ], [ 58.448257785373279, 42.316313340928843 ], [ 58.430908881293419, 42.317019992404532 ], [ 58.423257785373281, 42.324646674262176 ], [ 58.420833333333348, 42.325 ], [ 58.420833333333348, 42.329166666666687 ], [ 58.423257785373281, 42.329519992404535 ], [ 58.428810797797325, 42.335045369466165 ], [ 58.429519992404529, 42.343379720052106 ], [ 58.425353325737866, 42.347575547960091 ], [ 58.425, 42.354166666666686 ], [ 58.413409254286044, 42.35479024251304 ], [ 58.411649068196631, 42.361649237738739 ], [ 58.406122843424498, 42.363067287868944 ], [ 58.396488104926235, 42.371806165907138 ], [ 58.395266045464425, 42.385543823242209 ], [ 58.392233954535605, 42.389456176757832 ], [ 58.391666666666687, 42.4 ], [ 58.391099378797762, 42.406377156575545 ], [ 58.388067287868942, 42.410289510091168 ], [ 58.386932712131092, 42.414710489908877 ], [ 58.37556728786894, 42.426956176757834 ], [ 58.374432712131096, 42.431377156575543 ], [ 58.361854214138475, 42.444929673936656 ], [ 58.356122843424494, 42.44640062120228 ], [ 58.35221048990887, 42.449432712131099 ], [ 58.346494547526056, 42.450899590386307 ], [ 58.345266045464427, 42.464710489908875 ], [ 58.342233954535608, 42.468622843424498 ], [ 58.341666666666683, 42.470833333333353 ], [ 58.341099378797757, 42.473043823242207 ], [ 58.338067287868938, 42.476956176757838 ], [ 58.336932712131095, 42.48137715657554 ], [ 58.332413906521282, 42.48679572211374 ], [ 58.321720716688382, 42.488208346896727 ], [ 58.320266045464429, 42.493877156575543 ], [ 58.31723395453561, 42.497789510091167 ], [ 58.3158157348633, 42.503315904405405 ], [ 58.310289510091167, 42.50473395453561 ], [ 58.305416361490906, 42.508510674370683 ], [ 58.303599378797763, 42.513246663411479 ], [ 58.307766045464426, 42.518622843424502 ], [ 58.308900621202277, 42.538497585720506 ], [ 58.294815233018682, 42.553554958767386 ], [ 58.269896104600711, 42.554733954535614 ], [ 58.260543823242202, 42.546400621202281 ], [ 58.253420003255222, 42.54526604546443 ], [ 58.246801079644115, 42.550396050347246 ], [ 58.245266045464426, 42.556377156575543 ], [ 58.236570739746114, 42.565963745117209 ], [ 58.226956176757831, 42.567233954535617 ], [ 58.223043823242207, 42.570266045464436 ], [ 58.214456176757828, 42.57140062120228 ], [ 58.210543823242205, 42.574432712131099 ], [ 58.20416666666668, 42.575 ], [ 58.203315734863295, 42.578315904405407 ], [ 58.197789510091162, 42.579733954535612 ], [ 58.193877156575539, 42.582766045464432 ], [ 58.1875, 42.583333333333357 ], [ 58.186600409613732, 42.586838785807316 ], [ 58.172789510091164, 42.588067287868945 ], [ 58.16887715657554, 42.591099378797765 ], [ 58.164456176757831, 42.592233954535615 ], [ 58.160543823242207, 42.595266045464435 ], [ 58.156122843424498, 42.596400621202278 ], [ 58.148043823242205, 42.603599378797767 ], [ 58.135289510091162, 42.604733954535611 ], [ 58.121736823187952, 42.617312282986134 ], [ 58.120833333333351, 42.620833333333358 ], [ 58.12140062120227, 42.631377156575546 ], [ 58.124432712131096, 42.63528951009117 ], [ 58.125661214192725, 42.649100409613737 ], [ 58.129166666666684, 42.65 ], [ 58.135757785373279, 42.650353325737868 ], [ 58.139953782823369, 42.654519992404538 ], [ 58.152424452039945, 42.653813340928842 ], [ 58.156620449490035, 42.649646674262179 ], [ 58.173257785373281, 42.650353325737868 ], [ 58.180908881293419, 42.657980007595512 ], [ 58.183333333333351, 42.65833333333336 ], [ 58.184184265136736, 42.661649237738743 ], [ 58.189710489908869, 42.663067287868948 ], [ 58.193622843424492, 42.666099378797767 ], [ 58.198043823242202, 42.667233954535618 ], [ 58.201956176757832, 42.67026604546443 ], [ 58.21992763943144, 42.671471150716172 ], [ 58.220833333333353, 42.675 ], [ 58.231591118706618, 42.675353325737873 ], [ 58.239242214626756, 42.682980007595511 ], [ 58.248257785373283, 42.683686659071206 ], [ 58.251742214626752, 42.687146674262181 ], [ 58.264924452039949, 42.687853325737869 ], [ 58.272575547960088, 42.695480007595513 ], [ 58.275, 42.695833333333354 ], [ 58.274470520019548, 42.698081461588565 ], [ 58.270303853352885, 42.703226047092038 ], [ 58.271362813313822, 42.706414794921898 ], [ 58.275529479980484, 42.711559380425371 ], [ 58.274470520019548, 42.731414794921903 ], [ 58.271362813313822, 42.735251871744815 ], [ 58.270303853352885, 42.760581461588565 ], [ 58.267196146647152, 42.764418538411483 ], [ 58.266033087836391, 42.773932223849854 ], [ 58.256414964463993, 42.782803683810791 ], [ 58.250954182942728, 42.784089830186659 ], [ 58.241137186686217, 42.794733344184053 ], [ 58.242196146647153, 42.798081461588566 ], [ 58.250529479980486, 42.807250298394123 ], [ 58.24947052001955, 42.814748128255232 ], [ 58.24530385335288, 42.819892713758705 ], [ 58.246362813313816, 42.827248128255235 ], [ 58.250529479980486, 42.832392713758708 ], [ 58.24947052001955, 42.835581461588568 ], [ 58.246362813313816, 42.839418538411486 ], [ 58.24530385335288, 42.848081461588571 ], [ 58.241137186686217, 42.853226047092036 ], [ 58.242196146647153, 42.881414794921902 ], [ 58.250529479980486, 42.890583631727459 ], [ 58.249105665418853, 42.895062594943603 ], [ 58.242553032769116, 42.896605767144123 ], [ 58.241137186686217, 42.901151869032141 ], [ 58.251488410102013, 42.911869303385444 ], [ 58.254166666666684, 42.9125 ], [ 58.253813340928836, 42.914924452039955 ], [ 58.250014580620679, 42.91875 ], [ 58.253813340928836, 42.922575547960093 ], [ 58.254519992404532, 42.926713053385441 ], [ 58.250353325737862, 42.930908881293426 ], [ 58.249646674262166, 42.935046386718774 ], [ 58.253813340928836, 42.939242214626759 ], [ 58.254519992404532, 42.94754909939239 ], [ 58.246186659071199, 42.955908881293432 ], [ 58.245480007595503, 42.960757785373289 ], [ 58.242019992404529, 42.964242214626765 ], [ 58.241313340928833, 42.968379720052113 ], [ 58.245818752712694, 42.972916666666691 ], [ 58.242019992404529, 42.976742214626761 ], [ 58.241666666666681, 42.9875 ], [ 58.24243808322484, 42.9950619167752 ], [ 58.256301710340729, 42.996476236979191 ], [ 58.263142734103752, 43.002718777126766 ], [ 58.256198289659302, 43.004809570312524 ], [ 58.250918918185782, 43.008552720811657 ], [ 58.249202134874146, 43.019819132487008 ], [ 58.243698289659307, 43.021476236979197 ], [ 58.239635043674063, 43.024357096354194 ], [ 58.234297519259997, 43.02596435546878 ], [ 58.23269059922962, 43.031301540798637 ], [ 58.220622083875881, 43.044642469618083 ], [ 58.213464185926668, 43.046797688802108 ], [ 58.2125, 43.05 ], [ 58.20833333333335, 43.05 ], [ 58.207482401529965, 43.046684095594642 ], [ 58.20416666666668, 43.045833333333363 ], [ 58.200850931803402, 43.046684095594642 ], [ 58.2, 43.05 ], [ 58.2, 43.058333333333358 ], [ 58.193622843424492, 43.058900621202284 ], [ 58.189710489908869, 43.061932712131103 ], [ 58.18528951009116, 43.063067287868954 ], [ 58.173043823242203, 43.074432712131106 ], [ 58.16751759847007, 43.075850762261311 ], [ 58.16609937879776, 43.081377156575549 ], [ 58.157750447591162, 43.090747070312531 ], [ 58.151956176757828, 43.092233954535615 ], [ 58.148043823242205, 43.095266045464435 ], [ 58.1375, 43.09583333333336 ], [ 58.137146674262169, 43.123257785373291 ], [ 58.131623501247844, 43.12880859375003 ], [ 58.129166666666698, 43.129166666666691 ], [ 58.12973395453561, 43.131377156575546 ], [ 58.132766045464429, 43.135289510091177 ], [ 58.133900621202272, 43.13843722873267 ], [ 58.12556728786894, 43.147789510091172 ], [ 58.124432712131096, 43.151011827256973 ], [ 58.141099378797762, 43.168622843424508 ], [ 58.142233954535605, 43.173043823242217 ], [ 58.146229214138472, 43.178198920355932 ], [ 58.153543090820328, 43.180075920952717 ], [ 58.154166666666683, 43.191666666666691 ], [ 58.160543823242207, 43.192233954535617 ], [ 58.168752543131525, 43.19954833984378 ], [ 58.181732347276494, 43.187501695421034 ], [ 58.199432712131092, 43.206122843424509 ], [ 58.200887383355052, 43.211791483561228 ], [ 58.211612616644985, 43.213208516438833 ], [ 58.213350931803404, 43.219982401529975 ], [ 58.216666666666683, 43.22083333333336 ], [ 58.216313340928835, 43.227424452039962 ], [ 58.208686659071198, 43.235075547960101 ], [ 58.20833333333335, 43.241666666666696 ], [ 58.204870266384567, 43.242709350585969 ], [ 58.203445434570327, 43.265911187066003 ], [ 58.187178209092899, 43.267309400770429 ], [ 58.180416531033003, 43.262515258789094 ], [ 58.178523932562953, 43.268801710340739 ], [ 58.175642734103747, 43.272864956325982 ], [ 58.174357265896283, 43.277135043674072 ], [ 58.171439446343335, 43.28125 ], [ 58.174357265896283, 43.285364956325985 ], [ 58.175642734103747, 43.292300415039094 ], [ 58.167309400770414, 43.302031622992651 ], [ 58.16602393256295, 43.318801710340743 ], [ 58.158976067437081, 43.327031622992649 ], [ 58.157690599229618, 43.331301710340739 ], [ 58.154768371582051, 43.335422939724424 ], [ 58.16602393256295, 43.347864956325985 ], [ 58.167630852593334, 43.353202480740045 ], [ 58.172968377007393, 43.354809400770428 ], [ 58.186815219455312, 43.367468770345084 ], [ 58.1875, 43.3875 ], [ 58.190898471408438, 43.388471645779113 ], [ 58.192284308539513, 43.397993469238308 ], [ 58.196100701226143, 43.403218078613314 ], [ 58.18533986409507, 43.404784308539526 ], [ 58.180325486924929, 43.408447265625028 ], [ 58.178549024793853, 43.414660135904981 ], [ 58.175617641872847, 43.418673197428419 ], [ 58.17438235812719, 43.425469122992652 ], [ 58.178549024793853, 43.431173197428414 ], [ 58.17978430853951, 43.433802456325985 ], [ 58.175617641872847, 43.439506530761747 ], [ 58.175, 43.454166666666694 ], [ 58.172789510091164, 43.454733954535619 ], [ 58.167370944552971, 43.459252760145432 ], [ 58.16595815022788, 43.469945949978332 ], [ 58.160289510091161, 43.471400621202285 ], [ 58.156377156575537, 43.474432712131104 ], [ 58.15, 43.475 ], [ 58.150354851616768, 43.481620449490052 ], [ 58.155908881293421, 43.487146674262185 ], [ 58.158333333333353, 43.4875 ], [ 58.159232923719635, 43.491005452473992 ], [ 58.174100409613729, 43.492327880859406 ], [ 58.175, 43.495833333333366 ], [ 58.177424452039944, 43.496186659071213 ], [ 58.187142266167548, 43.505878194173206 ], [ 58.1875, 43.508333333333361 ], [ 58.18806728786894, 43.510543823242216 ], [ 58.196057976616771, 43.519511583116348 ], [ 58.194976637098542, 43.524334886339005 ], [ 58.180066257052971, 43.525661214192738 ], [ 58.178599378797756, 43.531377156575552 ], [ 58.174020894368503, 43.536867268880236 ], [ 58.156122843424498, 43.538067287868955 ], [ 58.152210489908867, 43.541099378797774 ], [ 58.141666666666701, 43.5416666666667 ], [ 58.140815734863295, 43.544982401529978 ], [ 58.1375, 43.545833333333363 ], [ 58.1375, 43.575 ], [ 58.139924452039949, 43.575353325737879 ], [ 58.147575547960088, 43.582980007595516 ], [ 58.15245683458118, 43.583691406250033 ], [ 58.157980007595505, 43.589242214626765 ], [ 58.158691406250014, 43.594123501247864 ], [ 58.164242214626753, 43.599646674262182 ], [ 58.170833333333348, 43.6 ], [ 58.173257785373281, 43.600353325737878 ], [ 58.178811815049926, 43.605879550510011 ], [ 58.179166666666681, 43.6125 ], [ 58.189924452039946, 43.612853325737881 ], [ 58.193750678168421, 43.616652764214443 ], [ 58.202083333333348, 43.608346557617217 ], [ 58.210784403483089, 43.617019992404543 ], [ 58.219091118706615, 43.616313340928855 ], [ 58.222916666666684, 43.61251458062069 ], [ 58.226742214626753, 43.616313340928855 ], [ 58.231591118706618, 43.617019992404543 ], [ 58.235075547960086, 43.620480007595518 ], [ 58.244091118706613, 43.621186659071213 ], [ 58.247575547960089, 43.624646674262188 ], [ 58.25, 43.625 ], [ 58.249369812011736, 43.639647589789526 ], [ 58.24646352132163, 43.64368574354387 ], [ 58.244694688585085, 43.649713643391962 ], [ 58.23131425645618, 43.661869812011751 ], [ 58.224970838758694, 43.663731214735279 ], [ 58.229796854654964, 43.670437113444045 ], [ 58.2285364786784, 43.681314256456197 ], [ 58.224369812011737, 43.687103780110711 ], [ 58.225786336263035, 43.699328443739184 ], [ 58.265837944878491, 43.700670030381978 ], [ 58.270203145345072, 43.70618574354387 ], [ 58.271463521321635, 43.710480923122866 ], [ 58.274369812011734, 43.714519076877203 ], [ 58.275630187988298, 43.718814256456199 ], [ 58.278536478678404, 43.722852410210535 ], [ 58.280015733506964, 43.732783847385015 ], [ 58.293685743543854, 43.745203145345087 ], [ 58.299216885036913, 43.746826341417133 ], [ 58.300783114963124, 43.757340325249601 ], [ 58.304166666666681, 43.758333333333368 ], [ 58.303813340928833, 43.764924452039963 ], [ 58.298290167914516, 43.770475260416703 ], [ 58.295833333333348, 43.770833333333364 ], [ 58.296186659071196, 43.777424452039966 ], [ 58.299646674262171, 43.780908881293435 ], [ 58.300354003906264, 43.806619601779545 ], [ 58.305908881293419, 43.812146674262188 ], [ 58.3125, 43.8125 ], [ 58.312146674262173, 43.814924452039961 ], [ 58.302455139160173, 43.824642266167565 ], [ 58.3, 43.825 ], [ 58.299646674262171, 43.827424452039963 ], [ 58.295847235785608, 43.831250678168438 ], [ 58.303813340928833, 43.839242214626772 ], [ 58.304166666666681, 43.841666666666683 ], [ 58.295833333333348, 43.841666666666683 ], [ 58.295214165581612, 43.853176201714426 ], [ 58.28971048990887, 43.85776604546443 ], [ 58.282766045464427, 43.859548272026927 ], [ 58.283936394585524, 43.890662977430573 ], [ 58.289456176757831, 43.895266045464425 ], [ 58.291666666666686, 43.89583333333335 ], [ 58.29102393256295, 43.90630154079863 ], [ 58.287515258789078, 43.911250135633701 ], [ 58.2948691474067, 43.913464355468768 ], [ 58.296476067437084, 43.918801540798626 ], [ 58.299357265896283, 43.922865125868071 ], [ 58.300835842556438, 43.932568698459221 ], [ 58.315927463107656, 43.934108140733528 ], [ 58.317309400770419, 43.952134874131964 ], [ 58.320190599229619, 43.95619845920141 ], [ 58.321476067437082, 43.958967081705751 ], [ 58.313142734103749, 43.968698459201406 ], [ 58.311857265896286, 43.979488457573801 ], [ 58.316643100314685, 43.986238267686652 ], [ 58.322968377007399, 43.988142903645851 ], [ 58.327031622992642, 43.991023763020848 ], [ 58.331301710340732, 43.992309570312521 ], [ 58.336238437228751, 43.995809936523457 ], [ 58.338142734103748, 44.002134874131961 ], [ 58.349357265896288, 44.01453179253474 ], [ 58.350642734103751, 44.017300415039081 ], [ 58.342309400770418, 44.027031792534743 ], [ 58.341023932562955, 44.037821790907138 ], [ 58.345190599229618, 44.043698459201408 ], [ 58.345833333333353, 44.045833333333356 ], [ 58.346684265136737, 44.049149237738732 ], [ 58.35, 44.05 ], [ 58.349432712131097, 44.052210489908873 ], [ 58.346400621202278, 44.056122843424497 ], [ 58.344945949978317, 44.06179165310332 ], [ 58.334220716688385, 44.063208346896722 ], [ 58.33333333333335, 44.066666666666684 ], [ 58.333687337239603, 44.081619601779536 ], [ 58.339242214626751, 44.087146674262172 ], [ 58.341666666666683, 44.0875 ], [ 58.342309400770418, 44.102134874131963 ], [ 58.345227220323366, 44.10625 ], [ 58.342309400770418, 44.110365125868078 ], [ 58.341023932562955, 44.121467081705745 ], [ 58.349357265896288, 44.131198459201407 ], [ 58.350835842556442, 44.140902031792557 ], [ 58.365946790907138, 44.142443169487869 ], [ 58.366666666666681, 44.15416666666669 ], [ 58.366666666666681, 44.158333333333353 ], [ 58.364456176757827, 44.158900621202278 ], [ 58.35637715657554, 44.16609937879776 ], [ 58.3508509318034, 44.167517428927972 ], [ 58.35, 44.170833333333356 ], [ 58.342566257052965, 44.171494547526059 ], [ 58.341099378797757, 44.177210489908873 ], [ 58.333900621202275, 44.185289510091167 ], [ 58.332482401529965, 44.190815904405405 ], [ 58.325850931803402, 44.192517428927971 ], [ 58.325, 44.195833333333354 ], [ 58.322575547960085, 44.196186659071202 ], [ 58.314924452039946, 44.203813340928839 ], [ 58.310075547960089, 44.204519992404535 ], [ 58.306591118706613, 44.207980007595509 ], [ 58.304166666666681, 44.208333333333357 ], [ 58.303315734863297, 44.211649237738733 ], [ 58.296684265136733, 44.213350762261307 ], [ 58.295833333333348, 44.21666666666669 ], [ 58.29251759847007, 44.21751742892797 ], [ 58.291666666666686, 44.220833333333353 ], [ 58.285075547960083, 44.221186659071201 ], [ 58.281591118706615, 44.224646674262175 ], [ 58.279166666666683, 44.225 ], [ 58.278813340928835, 44.227424452039955 ], [ 58.269121805826842, 44.237142266167552 ], [ 58.264242214626755, 44.237853325737866 ], [ 58.248257785373283, 44.253813340928843 ], [ 58.2375, 44.254166666666691 ], [ 58.237146674262171, 44.256591118706616 ], [ 58.233686659071196, 44.260075547960092 ], [ 58.232980007595501, 44.269091118706619 ], [ 58.229519992404533, 44.272575547960088 ], [ 58.228813340928838, 44.281591118706615 ], [ 58.225353325737863, 44.285075547960091 ], [ 58.224646674262168, 44.289924452039955 ], [ 58.221186659071194, 44.293408881293423 ], [ 58.220833333333353, 44.3 ], [ 58.220480007595505, 44.302424452039951 ], [ 58.208686659071198, 44.314242214626759 ], [ 58.207980007595502, 44.319091118706616 ], [ 58.200353325737865, 44.326742214626755 ], [ 58.2, 44.333333333333357 ], [ 58.199338785807306, 44.3407670762804 ], [ 58.195833333333347, 44.34166666666669 ], [ 58.195225863986565, 44.357419840494813 ], [ 58.191666666666684, 44.358333333333356 ], [ 58.191313340928836, 44.364924452039951 ], [ 58.187514580620679, 44.36875 ], [ 58.191313340928836, 44.372575547960089 ], [ 58.192019992404532, 44.401713053385436 ], [ 58.187514580620679, 44.40625 ], [ 58.191313340928836, 44.410075547960091 ], [ 58.191666666666684, 44.416666666666686 ], [ 58.189242214626752, 44.417019992404533 ], [ 58.18369140625002, 44.422542995876761 ], [ 58.183333333333351, 44.425 ], [ 58.180078633626316, 44.425766669379364 ], [ 58.178637186686217, 44.430107286241345 ], [ 58.18280385335288, 44.435251871744811 ], [ 58.183862813313816, 44.438440619574678 ], [ 58.179696146647153, 44.443585205078151 ], [ 58.179166666666703, 44.445833333333354 ], [ 58.178599378797756, 44.448043823242209 ], [ 58.171400621202274, 44.456122843424502 ], [ 58.170266045464423, 44.460543823242212 ], [ 58.167233954535604, 44.464456176757835 ], [ 58.165815734863301, 44.469982571072073 ], [ 58.158956909179707, 44.471742418077277 ], [ 58.158333333333353, 44.483333333333356 ], [ 58.150899590386302, 44.483994547526066 ], [ 58.15, 44.4875 ], [ 58.15, 44.491666666666688 ], [ 58.153315734863298, 44.492517428927975 ], [ 58.154733954535608, 44.498043823242213 ], [ 58.157766045464427, 44.501956176757837 ], [ 58.158900621202271, 44.506377156575546 ], [ 58.16193271213109, 44.51028951009117 ], [ 58.163118150499145, 44.532321166992212 ], [ 58.176956176757827, 44.54526604546443 ], [ 58.179166666666681, 44.545833333333356 ], [ 58.180093044704876, 44.549073621961831 ], [ 58.187386067708353, 44.551158650716168 ], [ 58.191049024793855, 44.55617302788631 ], [ 58.192284308539513, 44.56466030544707 ], [ 58.199382358127188, 44.572839694552975 ], [ 58.200617641872846, 44.577160305447073 ], [ 58.203549024793851, 44.581173027886308 ], [ 58.204960801866335, 44.590872531467035 ], [ 58.214660135904964, 44.592284138997421 ], [ 58.218673197428402, 44.595215861002629 ], [ 58.220833333333353, 44.59583333333336 ], [ 58.221186659071194, 44.606591118706618 ], [ 58.228813340928838, 44.614242214626756 ], [ 58.229519992404533, 44.619091118706621 ], [ 58.235043165418851, 44.62464192708336 ], [ 58.239924452039951, 44.625353325737869 ], [ 58.249642266167555, 44.635045030381967 ], [ 58.25, 44.6375 ], [ 58.24778951009116, 44.63806728786895 ], [ 58.243877156575536, 44.641099378797769 ], [ 58.238350931803403, 44.642517428927974 ], [ 58.236932712131093, 44.648043823242212 ], [ 58.233900621202274, 44.651956176757835 ], [ 58.232482401529964, 44.657482571072073 ], [ 58.226956176757831, 44.658900621202278 ], [ 58.223043823242207, 44.661932712131097 ], [ 58.218622843424498, 44.663067287868948 ], [ 58.213467746310783, 44.667062717013913 ], [ 58.211932712131095, 44.67304382324221 ], [ 58.208900621202275, 44.676956176757834 ], [ 58.20833333333335, 44.679166666666688 ], [ 58.207980007595502, 44.698257785373286 ], [ 58.204181247287345, 44.702083333333356 ], [ 58.208319091796895, 44.706250339084228 ], [ 58.202456834581177, 44.712141927083358 ], [ 58.2, 44.7125 ], [ 58.2, 44.71666666666669 ], [ 58.197575547960085, 44.717019992404538 ], [ 58.192024739583353, 44.722542995876758 ], [ 58.191313340928836, 44.727424452039955 ], [ 58.187853325737862, 44.730908881293431 ], [ 58.187146674262166, 44.739924452039958 ], [ 58.183686659071199, 44.743408881293426 ], [ 58.182980007595503, 44.748257785373291 ], [ 58.179519992404529, 44.751742214626759 ], [ 58.179166666666681, 44.758333333333361 ], [ 58.179166666666681, 44.7625 ], [ 58.175, 44.7625 ], [ 58.174646674262171, 44.777424452039952 ], [ 58.171186659071196, 44.780908881293428 ], [ 58.170480007595501, 44.785757785373292 ], [ 58.167019992404533, 44.789242214626761 ], [ 58.1666666666667, 44.791666666666693 ], [ 58.166313340928838, 44.806591118706621 ], [ 58.162853325737863, 44.810075547960096 ], [ 58.1625, 44.820833333333361 ], [ 58.1625, 44.833333333333357 ], [ 58.162853325737863, 44.873257785373291 ], [ 58.166313340928838, 44.876742214626759 ], [ 58.166666666666686, 44.879166666666691 ], [ 58.167019992404533, 44.881591118706623 ], [ 58.170480007595501, 44.885075547960099 ], [ 58.170833333333348, 44.895833333333357 ], [ 58.171186659071196, 44.898257785373289 ], [ 58.174646674262171, 44.901742214626765 ], [ 58.175, 44.90416666666669 ], [ 58.177456834581179, 44.904524739583358 ], [ 58.182980007595503, 44.910075547960098 ], [ 58.183686659071199, 44.914924452039955 ], [ 58.187146674262166, 44.918408881293431 ], [ 58.187853325737862, 44.927424452039958 ], [ 58.195480007595506, 44.935075547960096 ], [ 58.196186659071195, 44.939924452039961 ], [ 58.199646674262169, 44.943408881293429 ], [ 58.200353325737865, 44.948257785373293 ], [ 58.203813340928839, 44.951742214626762 ], [ 58.204519992404528, 44.956591118706626 ], [ 58.216313340928835, 44.968408881293428 ], [ 58.217024400499149, 44.973288302951417 ], [ 58.226742214626753, 44.982980007595515 ], [ 58.229166666666686, 44.983333333333363 ], [ 58.229733954535604, 44.98971048990888 ], [ 58.236932712131093, 44.997789510091174 ], [ 58.238067287868944, 45.006377156575546 ], [ 58.241099378797763, 45.01028951009117 ], [ 58.242233954535607, 45.018877156575549 ], [ 58.245266045464426, 45.022789510091172 ], [ 58.246400621202277, 45.027210489908882 ], [ 58.253599378797759, 45.035289510091175 ], [ 58.254827880859395, 45.049100409613743 ], [ 58.258333333333347, 45.05 ], [ 58.257980007595506, 45.052424452039958 ], [ 58.250353325737862, 45.060075547960096 ], [ 58.25, 45.0625 ], [ 58.24565463595922, 45.063742404513917 ], [ 58.2544633653429, 45.073893568250895 ], [ 58.260493469238298, 45.075617472330755 ], [ 58.277006530761739, 45.091049194335966 ], [ 58.286764865451403, 45.092469278971379 ], [ 58.2875, 45.1 ], [ 58.290815734863301, 45.10085076226131 ], [ 58.292233954535604, 45.106377156575547 ], [ 58.296229214138471, 45.111532253689262 ], [ 58.302210489908873, 45.113067287868951 ], [ 58.306122843424497, 45.11609937879777 ], [ 58.310543823242206, 45.117233954535621 ], [ 58.315962388780399, 45.121752929687531 ], [ 58.31723395453561, 45.131377156575546 ], [ 58.320266045464429, 45.135289510091177 ], [ 58.320833333333354, 45.1375 ], [ 58.316099378797759, 45.138714938693603 ], [ 58.31723395453561, 45.160543823242215 ], [ 58.320266045464429, 45.164456176757838 ], [ 58.321487596299932, 45.178188578287788 ], [ 58.335289510091165, 45.191099378797773 ], [ 58.3375, 45.191666666666691 ], [ 58.3375, 45.204166666666694 ], [ 58.3375, 45.208333333333364 ], [ 58.340958150227884, 45.209220716688399 ], [ 58.342375183105489, 45.219945949978325 ], [ 58.345833333333353, 45.22083333333336 ], [ 58.345833333333353, 45.225 ], [ 58.35, 45.225 ], [ 58.350353325737863, 45.244091118706628 ], [ 58.353813340928838, 45.247575547960096 ], [ 58.354519992404533, 45.252424452039961 ], [ 58.362146674262171, 45.260075547960099 ], [ 58.362853325737866, 45.264924452039956 ], [ 58.366313340928841, 45.268408881293432 ], [ 58.367019992404529, 45.273257785373289 ], [ 58.378813340928836, 45.285075547960098 ], [ 58.379166666666684, 45.295833333333363 ], [ 58.382656182183176, 45.296728854709229 ], [ 58.399432712131095, 45.314456176757844 ], [ 58.400850931803404, 45.319982401529977 ], [ 58.404166666666683, 45.320833333333361 ], [ 58.404519992404531, 45.327424452039963 ], [ 58.408318752712688, 45.33125 ], [ 58.404519992404531, 45.335075547960102 ], [ 58.404166666666683, 45.341666666666697 ], [ 58.410543823242207, 45.342233954535622 ], [ 58.424096510145418, 45.354812452528243 ], [ 58.425850931803403, 45.361649068196641 ], [ 58.431377156575536, 45.363067287868951 ], [ 58.440746900770421, 45.371416219075549 ], [ 58.441666666666684, 45.375 ], [ 58.445833333333354, 45.375 ], [ 58.448257785373279, 45.375353325737876 ], [ 58.468408881293421, 45.395480007595516 ], [ 58.473257785373285, 45.396186659071212 ], [ 58.485075547960086, 45.407980007595519 ], [ 58.4875, 45.40833333333336 ], [ 58.487854173448369, 45.419119771321647 ], [ 58.493408881293419, 45.424646674262185 ], [ 58.5, 45.425 ], [ 58.499432712131096, 45.427210489908887 ], [ 58.496302117241775, 45.43125 ], [ 58.499432712131096, 45.435289510091174 ], [ 58.50056728786894, 45.439710489908883 ], [ 58.507766045464429, 45.447789510091177 ], [ 58.508900621202272, 45.456377156575549 ], [ 58.513067287868942, 45.461753336588572 ], [ 58.511932712131099, 45.464710489908882 ], [ 58.508802117241771, 45.46875 ], [ 58.5120312160916, 45.472916666666698 ], [ 58.507766045464429, 45.478420003255238 ], [ 58.508900621202272, 45.481377156575554 ], [ 58.511932712131099, 45.485289510091178 ], [ 58.513467746310781, 45.491270785861573 ], [ 58.518622843424495, 45.49526604546444 ], [ 58.524149068196635, 45.49668426513675 ], [ 58.525850931803404, 45.503315734863314 ], [ 58.529166666666683, 45.504166666666698 ], [ 58.529519992404531, 45.514924452039963 ], [ 58.533319430881093, 45.518750678168431 ], [ 58.525353325737868, 45.526742214626765 ], [ 58.524646674262172, 45.535048929850291 ], [ 58.532980007595505, 45.543408881293431 ], [ 58.533333333333353, 45.545833333333363 ], [ 58.535757785373285, 45.546186659071211 ], [ 58.541308593750017, 45.551709832085535 ], [ 58.542019992404533, 45.556591118706628 ], [ 58.557980007595503, 45.572575547960099 ], [ 58.558333333333351, 45.575 ], [ 58.562764655219205, 45.57613711886939 ], [ 58.558900621202277, 45.581122843424509 ], [ 58.557766045464426, 45.592413330078159 ], [ 58.561932712131096, 45.597789510091175 ], [ 58.5625, 45.6 ], [ 58.577424452039949, 45.600353325737878 ], [ 58.580908881293425, 45.603813340928852 ], [ 58.58333333333335, 45.6041666666667 ], [ 58.583686659071198, 45.606591118706632 ], [ 58.591313340928842, 45.614242214626771 ], [ 58.591666666666683, 45.616666666666696 ], [ 58.591043090820335, 45.628257412380677 ], [ 58.585289510091165, 45.629733954535624 ], [ 58.581377156575542, 45.632766045464443 ], [ 58.579166666666687, 45.633333333333368 ], [ 58.579520501030835, 45.652452765570779 ], [ 58.585075547960088, 45.657980007595519 ], [ 58.594091118706615, 45.658686659071215 ], [ 58.597575547960091, 45.662146674262182 ], [ 58.6, 45.6625 ], [ 58.599646674262175, 45.669091118706632 ], [ 58.596186659071201, 45.672575547960101 ], [ 58.595480007595505, 45.681591118706628 ], [ 58.587853325737868, 45.689242214626766 ], [ 58.587146674262172, 45.694091118706631 ], [ 58.583686659071198, 45.697575547960099 ], [ 58.582980007595509, 45.710046217176682 ], [ 58.587146674262172, 45.714242214626772 ], [ 58.5875, 45.716666666666697 ], [ 58.597993469238304, 45.717284308539533 ], [ 58.602006530761741, 45.720215691460538 ], [ 58.611764865451406, 45.721635945638056 ], [ 58.6125, 45.7291666666667 ], [ 58.612853325737866, 45.752424452039961 ], [ 58.616313340928841, 45.755908881293436 ], [ 58.617019992404536, 45.760757785373301 ], [ 58.620480007595503, 45.764242214626769 ], [ 58.621186659071199, 45.769091118706633 ], [ 58.624646674262173, 45.772575547960102 ], [ 58.625353325737869, 45.777424452039966 ], [ 58.628813340928836, 45.780908881293435 ], [ 58.629519992404532, 45.789924452039962 ], [ 58.632980007595506, 45.793408881293438 ], [ 58.633686659071202, 45.798257785373295 ], [ 58.641313340928839, 45.805908881293433 ], [ 58.642019992404535, 45.814924452039961 ], [ 58.645480007595509, 45.818408881293436 ], [ 58.646186659071198, 45.823257785373301 ], [ 58.653813340928842, 45.830908881293439 ], [ 58.65416666666669, 45.8375 ], [ 58.656591118706615, 45.837853325737882 ], [ 58.662141927083354, 45.843376498752207 ], [ 58.6625, 45.845833333333367 ], [ 58.666005452473982, 45.846732923719649 ], [ 58.667233954535611, 45.860543823242224 ], [ 58.67026604546443, 45.864456176757848 ], [ 58.67168426513674, 45.869982401529981 ], [ 58.675, 45.870833333333366 ], [ 58.675353325737866, 45.873257785373298 ], [ 58.687146674262173, 45.885075547960106 ], [ 58.6875, 45.8875 ], [ 58.688107469346811, 45.90325334337026 ], [ 58.691666666666684, 45.904166666666697 ], [ 58.691313340928843, 45.910757785373299 ], [ 58.687853325737869, 45.914242214626768 ], [ 58.6875, 45.9166666666667 ], [ 58.685075547960089, 45.917019992404548 ], [ 58.679524739583357, 45.922543165418872 ], [ 58.679166666666688, 45.925 ], [ 58.678813340928841, 45.927424452039965 ], [ 58.675353325737866, 45.930908881293433 ], [ 58.675, 45.933333333333366 ], [ 58.675567287868944, 45.943877156575553 ], [ 58.687040201822938, 45.956238640679288 ], [ 58.683900621202277, 45.960289510091179 ], [ 58.682482401529967, 45.965815734863313 ], [ 58.676956176757834, 45.967233954535622 ], [ 58.671489291720938, 45.971793111165397 ], [ 58.670833333333356, 45.9791666666667 ], [ 58.668673197428404, 45.979784138997417 ], [ 58.660493469238304, 45.986882527669287 ], [ 58.656173197428409, 45.98811747233075 ], [ 58.652160135904971, 45.991049194335957 ], [ 58.643673197428406, 45.992284138997412 ], [ 58.63836144341365, 45.996164279513906 ], [ 58.636692979600717, 46.007627699110259 ], [ 58.618673197428407, 46.008950805664078 ], [ 58.613658820258266, 46.012613932291686 ], [ 58.611573621961824, 46.019906955295156 ], [ 58.604883829752623, 46.021819729275194 ], [ 58.604166666666686, 46.029166666666683 ], [ 58.596732923719635, 46.029827880859393 ], [ 58.595833333333353, 46.033333333333353 ], [ 58.570833333333354, 46.033333333333353 ], [ 58.566666666666684, 46.033333333333353 ], [ 58.566313340928836, 46.035757785373285 ], [ 58.556617567274323, 46.045479668511305 ], [ 58.529166666666683, 46.045833333333356 ], [ 58.529166666666683, 46.041666666666686 ], [ 58.528808593750021, 46.039209662543421 ], [ 58.523257785373282, 46.033686659071201 ], [ 58.514242214626755, 46.032980007595505 ], [ 58.510757785373286, 46.029519992404531 ], [ 58.5, 46.029166666666683 ], [ 58.497575547960089, 46.028813340928835 ], [ 58.494091118706613, 46.025353325737868 ], [ 58.489242214626756, 46.024646674262172 ], [ 58.481591118706618, 46.017019992404535 ], [ 58.479166666666686, 46.016666666666701 ], [ 58.464242214626758, 46.016313340928839 ], [ 58.460757785373282, 46.012853325737865 ], [ 58.452453782823369, 46.012146674262169 ], [ 58.448257785373279, 46.016313340928839 ], [ 58.445833333333354, 46.016666666666687 ], [ 58.445475260416686, 46.014209662543422 ], [ 58.439924452039946, 46.008686659071202 ], [ 58.4375, 46.008333333333354 ], [ 58.43664906819663, 46.011649237738737 ], [ 58.433333333333351, 46.0125 ], [ 58.414242214626753, 46.012146674262169 ], [ 58.406591118706615, 46.004519992404532 ], [ 58.393408881293418, 46.003813340928836 ], [ 58.389924452039949, 46.000353325737862 ], [ 58.385787116156699, 45.999646674262173 ], [ 58.38125, 46.004152086046027 ], [ 58.377424452039946, 46.000353325737862 ], [ 58.364242214626756, 45.999646674262173 ], [ 58.360415988498282, 45.995847235785611 ], [ 58.352424452039948, 46.003813340928836 ], [ 58.343408881293421, 46.004519992404532 ], [ 58.339924452039945, 46.007980007595506 ], [ 58.322575547960085, 46.008686659071202 ], [ 58.319091118706616, 46.012146674262169 ], [ 58.3, 46.0125 ], [ 58.297575547960086, 46.012853325737865 ], [ 58.294091118706618, 46.016313340928839 ], [ 58.285075547960083, 46.017019992404535 ], [ 58.281591118706615, 46.020480007595502 ], [ 58.272575547960088, 46.021186659071198 ], [ 58.269091118706612, 46.024646674262172 ], [ 58.2625, 46.025 ], [ 58.262146674262169, 46.027424452039952 ], [ 58.256623501247844, 46.032975260416684 ], [ 58.254166666666684, 46.033333333333367 ], [ 58.253599378797759, 46.035543823242207 ], [ 58.245250447591161, 46.044913736979183 ], [ 58.239456176757827, 46.046400621202274 ], [ 58.234301079644112, 46.050396050347238 ], [ 58.232482401529964, 46.057482571072072 ], [ 58.226956176757831, 46.058900621202277 ], [ 58.223043823242207, 46.061932712131096 ], [ 58.209232923719632, 46.063161214192725 ], [ 58.207766045464425, 46.068877156575539 ], [ 58.203770785861565, 46.074032253689253 ], [ 58.197789510091162, 46.075567287868942 ], [ 58.192634412977448, 46.079562717013907 ], [ 58.191099378797759, 46.085543823242205 ], [ 58.18806728786894, 46.089456176757835 ], [ 58.18664906819663, 46.094982571072066 ], [ 58.181122843424497, 46.096400621202278 ], [ 58.177210489908873, 46.099432712131097 ], [ 58.164456176757831, 46.100567287868941 ], [ 58.160543823242207, 46.10359937879776 ], [ 58.144845241970501, 46.104733954535611 ], [ 58.131377156575539, 46.092233954535608 ], [ 58.115920003255226, 46.091099378797765 ], [ 58.110543823242203, 46.095266045464427 ], [ 58.108333333333348, 46.095833333333353 ], [ 58.107482401529964, 46.099149237738736 ], [ 58.101956176757831, 46.100567287868941 ], [ 58.093877156575537, 46.10776604546443 ], [ 58.089456176757828, 46.108900621202274 ], [ 58.085543823242205, 46.111932712131093 ], [ 58.081122843424495, 46.113067287868944 ], [ 58.077210489908872, 46.116099378797763 ], [ 58.072789510091162, 46.117233954535607 ], [ 58.06875, 46.120364718967032 ], [ 58.064710489908869, 46.117233954535607 ], [ 58.05748324924047, 46.116099378797763 ], [ 58.049965752495673, 46.122368706597243 ], [ 58.058699205186649, 46.132170274522586 ], [ 58.054166666666696, 46.133333333333368 ], [ 58.054166666666681, 46.141666666666687 ], [ 58.058333333333366, 46.141666666666701 ], [ 58.060543823242206, 46.142233954535612 ], [ 58.06445617675783, 46.145266045464432 ], [ 58.068877156575539, 46.146400621202275 ], [ 58.072789510091162, 46.149432712131095 ], [ 58.082445949978315, 46.150708346896721 ], [ 58.084301079644113, 46.157937282986133 ], [ 58.089456176757828, 46.161932712131097 ], [ 58.0980438232422, 46.163067287868941 ], [ 58.101956176757831, 46.16609937879776 ], [ 58.108333333333348, 46.166666666666686 ], [ 58.108900621202274, 46.16887715657554 ], [ 58.112764655219202, 46.173862711588562 ], [ 58.10501759847007, 46.175850762261305 ], [ 58.1041666666667, 46.179166666666688 ], [ 58.104166666666686, 46.183333333333351 ], [ 58.103505452473975, 46.190767076280402 ], [ 58.1, 46.191666666666684 ], [ 58.099646674262168, 46.206591118706619 ], [ 58.091679890950537, 46.214583333333351 ], [ 58.099646674262168, 46.222575547960091 ], [ 58.100358072916684, 46.227457004123288 ], [ 58.10661892361113, 46.233686659071203 ], [ 58.119091118706613, 46.232980007595508 ], [ 58.122916666666683, 46.22918124728735 ], [ 58.127083333333346, 46.233318752712691 ], [ 58.130908881293422, 46.229519992404533 ], [ 58.1375, 46.229166666666686 ], [ 58.139710489908872, 46.229733954535611 ], [ 58.147789510091158, 46.2369327121311 ], [ 58.15315992567276, 46.238311089409741 ], [ 58.154733954535608, 46.242413330078143 ], [ 58.150567287868938, 46.247789510091167 ], [ 58.149149068196628, 46.253315904405405 ], [ 58.143622843424495, 46.25473395453561 ], [ 58.123043823242206, 46.274432712131095 ], [ 58.118622843424497, 46.275567287868945 ], [ 58.113467746310782, 46.27956271701391 ], [ 58.111932712131093, 46.285543823242207 ], [ 58.104733954535604, 46.293622843424501 ], [ 58.10359937879776, 46.302210489908873 ], [ 58.100567287868941, 46.306122843424504 ], [ 58.09943271213109, 46.310543823242206 ], [ 58.096400621202271, 46.314456176757837 ], [ 58.095833333333367, 46.325 ], [ 58.096732923719635, 46.328505452473976 ], [ 58.104166666666686, 46.329166666666687 ], [ 58.108333333333348, 46.329166666666687 ], [ 58.108333333333348, 46.333333333333357 ], [ 58.107766045464423, 46.335543823242212 ], [ 58.104733954535604, 46.339456176757835 ], [ 58.10359937879776, 46.348043823242207 ], [ 58.095250447591162, 46.35741373697919 ], [ 58.089456176757828, 46.358900621202281 ], [ 58.085543823242205, 46.3619327121311 ], [ 58.082586669921888, 46.363067287868944 ], [ 58.077083333333348, 46.358801947699675 ], [ 58.071801079644111, 46.362896050347246 ], [ 58.069982401529963, 46.369982571072072 ], [ 58.063350931803399, 46.371684095594638 ], [ 58.06164906819663, 46.378315904405405 ], [ 58.056122843424497, 46.37973395453561 ], [ 58.046753099229619, 46.388082885742207 ], [ 58.044982401529964, 46.39498257107207 ], [ 58.039456176757831, 46.396400621202275 ], [ 58.031377156575537, 46.403599378797765 ], [ 58.026956176757828, 46.404733954535615 ], [ 58.022907850477445, 46.407871500651062 ], [ 58.014592149522585, 46.400461832682311 ], [ 58.010543823242202, 46.403599378797765 ], [ 58.004827880859388, 46.405066257052972 ], [ 58.004166666666684, 46.4125 ], [ 57.995833333333351, 46.4125 ], [ 57.995475260416697, 46.410042995876758 ], [ 57.989924452039958, 46.404519992404538 ], [ 57.985075547960101, 46.403813340928842 ], [ 57.981591118706625, 46.400353325737868 ], [ 57.970833333333367, 46.4 ], [ 57.96998257107208, 46.396684095594637 ], [ 57.966666666666697, 46.395833333333357 ], [ 57.954166666666694, 46.395833333333357 ], [ 57.9532402886285, 46.392593044704881 ], [ 57.947839694552982, 46.391049194335963 ], [ 57.943826972113747, 46.388117472330748 ], [ 57.939506361219649, 46.386882527669293 ], [ 57.929903496636314, 46.37854919433596 ], [ 57.918673027886314, 46.379784138997415 ], [ 57.914660305447079, 46.382715861002623 ], [ 57.910339694552981, 46.383950805664085 ], [ 57.906326972113746, 46.386882527669293 ], [ 57.902006361219648, 46.388117472330748 ], [ 57.893826972113743, 46.395215861002626 ], [ 57.888268364800375, 46.396805148654536 ], [ 57.886692979600724, 46.407627699110265 ], [ 57.867473687066003, 46.409038967556448 ], [ 57.866049194335965, 46.418826972113735 ], [ 57.863117472330757, 46.422839694552977 ], [ 57.8625, 46.425 ], [ 57.835075547960102, 46.425353325737866 ], [ 57.831591118706626, 46.428813340928841 ], [ 57.823286946614616, 46.429519992404536 ], [ 57.819091118706623, 46.425353325737866 ], [ 57.8125, 46.425 ], [ 57.805066257052978, 46.424338785807315 ], [ 57.804166666666696, 46.420833333333356 ], [ 57.776742214626765, 46.420480007595508 ], [ 57.773257785373296, 46.417019992404533 ], [ 57.770833333333364, 46.416666666666686 ], [ 57.770480007595516, 46.419091118706618 ], [ 57.767019992404542, 46.422575547960093 ], [ 57.766666666666694, 46.45 ], [ 57.766099378797769, 46.464710489908875 ], [ 57.762968614366351, 46.46875 ], [ 57.766099378797769, 46.472789510091168 ], [ 57.767803955078151, 46.479431152343771 ], [ 57.772921413845516, 46.475465223524331 ], [ 57.778462388780412, 46.480086263020858 ], [ 57.779733954535622, 46.48971048990888 ], [ 57.788082885742213, 46.499080403645856 ], [ 57.793877156575547, 46.500567287868947 ], [ 57.80324707031253, 46.508916219075545 ], [ 57.804733954535621, 46.514710489908879 ], [ 57.80776604546444, 46.518622843424502 ], [ 57.808900621202284, 46.531377156575545 ], [ 57.812031385633709, 46.535416666666691 ], [ 57.808900621202284, 46.539456176757838 ], [ 57.80776604546444, 46.542413330078148 ], [ 57.812038167317738, 46.547925482855923 ], [ 57.803583780924505, 46.557413736979193 ], [ 57.795568847656277, 46.559470621744815 ], [ 57.799432712131107, 46.564456176757837 ], [ 57.800567287868951, 46.573785061306445 ], [ 57.793622843424508, 46.57556728786895 ], [ 57.785543823242215, 46.582766045464432 ], [ 57.781122843424505, 46.583900621202282 ], [ 57.77175292968753, 46.59224955240888 ], [ 57.769982571072077, 46.599149237738736 ], [ 57.76445617675784, 46.600567287868948 ], [ 57.759037611219647, 46.605086263020858 ], [ 57.757766045464436, 46.61471048990888 ], [ 57.744900173611143, 46.628464084201411 ], [ 57.735289510091178, 46.629733954535617 ], [ 57.729822455512185, 46.634293280707489 ], [ 57.728599378797774, 46.648043823242212 ], [ 57.725567287868955, 46.651956176757835 ], [ 57.725, 46.65416666666669 ], [ 57.729166666666679, 46.65416666666669 ], [ 57.729733954535604, 46.656377156575545 ], [ 57.732766045464423, 46.660289510091168 ], [ 57.733900621202267, 46.663459608289955 ], [ 57.723994106716596, 46.674381510416694 ], [ 57.701956176757825, 46.675567287868951 ], [ 57.698043823242202, 46.67859937879777 ], [ 57.693622843424492, 46.679733954535614 ], [ 57.689710489908869, 46.682766045464433 ], [ 57.68528951009116, 46.683900621202284 ], [ 57.681377156575536, 46.686932712131103 ], [ 57.676956176757827, 46.688067287868947 ], [ 57.673043823242203, 46.691099378797766 ], [ 57.668622843424494, 46.692233954535617 ], [ 57.664710489908863, 46.695266045464436 ], [ 57.65918426513673, 46.696684095594641 ], [ 57.658333333333346, 46.7 ], [ 57.65089959038631, 46.700661214192735 ], [ 57.649432712131102, 46.706377156575542 ], [ 57.646301947699683, 46.710416666666688 ], [ 57.649531385633708, 46.714583333333358 ], [ 57.646400621202282, 46.718622843424505 ], [ 57.645266045464439, 46.723043823242215 ], [ 57.642233954535619, 46.726956176757838 ], [ 57.641099378797769, 46.729913330078148 ], [ 57.645364718967045, 46.735416666666694 ], [ 57.642135281033013, 46.739583333333357 ], [ 57.645266045464439, 46.743622843424504 ], [ 57.646400621202282, 46.746579996744813 ], [ 57.641270616319474, 46.753198920355928 ], [ 57.634184095594648, 46.755017428927978 ], [ 57.632766045464436, 46.760543823242216 ], [ 57.621400621202284, 46.772789510091172 ], [ 57.62026604546444, 46.785543823242215 ], [ 57.617233954535621, 46.789456176757838 ], [ 57.61609937879777, 46.793877156575547 ], [ 57.613067287868951, 46.797789510091171 ], [ 57.611932712131107, 46.810543823242213 ], [ 57.608900621202288, 46.814456176757837 ], [ 57.608333333333363, 46.820833333333361 ], [ 57.614924452039958, 46.821186659071209 ], [ 57.618408881293433, 46.824646674262176 ], [ 57.65, 46.825 ], [ 57.67721048990888, 46.82556728786895 ], [ 57.681122843424504, 46.828599378797769 ], [ 57.686649237738742, 46.830017428927974 ], [ 57.6875, 46.833333333333357 ], [ 57.695833333333361, 46.833333333333357 ], [ 57.696742418077285, 46.836876424153672 ], [ 57.708333333333364, 46.8375 ], [ 57.710543823242219, 46.836932712131102 ], [ 57.714456176757842, 46.833900621202282 ], [ 57.723043823242215, 46.832766045464439 ], [ 57.726956176757838, 46.829733954535612 ], [ 57.731377156575547, 46.828599378797769 ], [ 57.735289510091178, 46.82556728786895 ], [ 57.73971048990888, 46.824432712131099 ], [ 57.745086669921903, 46.820266045464436 ], [ 57.752210489908883, 46.82140062120228 ], [ 57.756122843424507, 46.824432712131099 ], [ 57.781377156575552, 46.82556728786895 ], [ 57.786753336588568, 46.829733954535612 ], [ 57.793877156575547, 46.828599378797769 ], [ 57.797789510091178, 46.82556728786895 ], [ 57.811600409613746, 46.824338785807313 ], [ 57.8125, 46.820833333333361 ], [ 57.816666666666698, 46.820833333333361 ], [ 57.836490037706177, 46.821429104275197 ], [ 57.841099378797757, 46.82695617675784 ], [ 57.842517598470067, 46.832482571072077 ], [ 57.8480438232422, 46.833900621202282 ], [ 57.853420003255223, 46.838067287868952 ], [ 57.868877156575536, 46.836932712131102 ], [ 57.874253336588552, 46.832766045464439 ], [ 57.91471048990887, 46.833900621202282 ], [ 57.91875, 46.837031385633708 ], [ 57.92386288113066, 46.833068847656278 ], [ 57.925567287868937, 46.839710489908882 ], [ 57.928599378797756, 46.843622843424505 ], [ 57.929870944552967, 46.853247070312527 ], [ 57.93528951009116, 46.857766045464437 ], [ 57.9375, 46.858333333333363 ], [ 57.938278876410607, 46.865968831380236 ], [ 57.95416666666668, 46.866666666666696 ], [ 57.957482401529965, 46.865815904405409 ], [ 57.95833333333335, 46.8625 ], [ 57.966666666666683, 46.8625 ], [ 57.970833333333367, 46.8625 ], [ 57.970833333333346, 46.858333333333363 ], [ 57.983333333333348, 46.858333333333363 ], [ 57.983686659071196, 46.864924452039958 ], [ 57.987146674262171, 46.868408881293426 ], [ 57.9875, 46.870833333333358 ], [ 57.989710489908866, 46.871400621202284 ], [ 57.993622843424497, 46.874432712131103 ], [ 58.000746663411476, 46.875567287868947 ], [ 58.006122843424492, 46.871400621202284 ], [ 58.038246663411471, 46.870266045464433 ], [ 58.044865587022585, 46.875396050347248 ], [ 58.046720716688384, 46.88262498643666 ], [ 58.056377156575536, 46.88390062120228 ], [ 58.070130920410172, 46.89676649305558 ], [ 58.071400621202272, 46.906377156575545 ], [ 58.074432712131092, 46.910289510091175 ], [ 58.075, 46.916666666666693 ], [ 58.074646674262169, 46.948257785373293 ], [ 58.058686659071199, 46.964242214626765 ], [ 58.057980007595503, 46.977424452039955 ], [ 58.054519992404529, 46.980908881293431 ], [ 58.053813340928833, 46.985757785373288 ], [ 58.050353325737859, 46.989242214626763 ], [ 58.05, 46.991666666666696 ], [ 58.054166666666681, 46.991666666666696 ], [ 58.054519992404529, 46.994091118706621 ], [ 58.057980007595503, 46.997575547960096 ], [ 58.058333333333351, 47.0 ], [ 58.058686659071199, 47.002424452039961 ], [ 58.062146674262166, 47.005908881293429 ], [ 58.0625, 47.0125 ], [ 58.064924452039946, 47.012853325737872 ], [ 58.087146165635865, 47.035050116644996 ], [ 58.087853325737861, 47.073257785373293 ], [ 58.091313340928835, 47.076742214626762 ], [ 58.091666666666683, 47.083333333333364 ], [ 58.111584303114164, 47.083931816948812 ], [ 58.113067287868937, 47.089710489908882 ], [ 58.117062547471804, 47.094865587022596 ], [ 58.123043823242206, 47.096400621202285 ], [ 58.132630411783872, 47.1050957573785 ], [ 58.133900621202272, 47.11471048990888 ], [ 58.138392469618069, 47.12009650336374 ], [ 58.146579996744805, 47.121400621202284 ], [ 58.151956176757828, 47.117233954535621 ], [ 58.155103895399321, 47.11609937879777 ], [ 58.164456176757831, 47.124432712131103 ], [ 58.16887715657554, 47.125567287868954 ], [ 58.174344041612429, 47.130126614040826 ], [ 58.175661214192722, 47.144933742947075 ], [ 58.181377156575536, 47.146400621202282 ], [ 58.186844041612432, 47.150959947374162 ], [ 58.1875, 47.15833333333336 ], [ 58.206591118706612, 47.157980007595512 ], [ 58.210075547960088, 47.154519992404545 ], [ 58.2125, 47.154166666666697 ], [ 58.212853325737861, 47.156591118706622 ], [ 58.222544860839861, 47.166308932834227 ], [ 58.227424452039948, 47.167019992404541 ], [ 58.235075547960086, 47.174646674262178 ], [ 58.239924452039951, 47.175353325737873 ], [ 58.243408881293419, 47.178813340928848 ], [ 58.252424452039946, 47.179519992404543 ], [ 58.260075547960085, 47.187146674262181 ], [ 58.273257785373282, 47.187853325737876 ], [ 58.29131232367623, 47.20588260226782 ], [ 58.292019992404533, 47.223257785373292 ], [ 58.295480007595501, 47.226742214626768 ], [ 58.296186659071196, 47.230879550510011 ], [ 58.292019992404533, 47.235075547960101 ], [ 58.291666666666686, 47.2375 ], [ 58.29109937879776, 47.23971048990888 ], [ 58.287235344780832, 47.244696214464007 ], [ 58.291666666666686, 47.245833333333366 ], [ 58.291666666666686, 47.2625 ], [ 58.294091118706618, 47.262853325737879 ], [ 58.297575547960086, 47.266313340928846 ], [ 58.302424452039951, 47.267019992404542 ], [ 58.307977464463995, 47.272545199924075 ], [ 58.308686659071199, 47.280879550510015 ], [ 58.304519992404529, 47.285075547960098 ], [ 58.303813340928833, 47.289215596516954 ], [ 58.312146674262173, 47.297575547960101 ], [ 58.3125, 47.3 ], [ 58.314635043674059, 47.300642734103761 ], [ 58.331198289659305, 47.316023932562963 ], [ 58.345094129774324, 47.31744130452477 ], [ 58.346476067437081, 47.335468377007409 ], [ 58.349357265896288, 47.339531622992652 ], [ 58.350835842556442, 47.349235195583795 ], [ 58.364635043674063, 47.350642734103765 ], [ 58.368698289659307, 47.353523932562965 ], [ 58.378502400716165, 47.355017768012182 ], [ 58.379166666666684, 47.391666666666694 ], [ 58.371553209092902, 47.392443339029981 ], [ 58.370190599229616, 47.414635043674075 ], [ 58.367309400770417, 47.418698289659318 ], [ 58.366023932562953, 47.427135043674078 ], [ 58.363142734103754, 47.431198289659321 ], [ 58.3625, 47.433333333333366 ], [ 58.355196804470502, 47.434078301323815 ], [ 58.35352393256295, 47.439635043674073 ], [ 58.350642734103751, 47.443698289659316 ], [ 58.349357265896288, 47.447968377007406 ], [ 58.345544094509563, 47.453346082899337 ], [ 58.329938083224846, 47.45493808322486 ], [ 58.329166666666687, 47.4625 ], [ 58.349185858832485, 47.463156806098119 ], [ 58.350617641872844, 47.472993469238311 ], [ 58.353549024793857, 47.477006530761749 ], [ 58.354784308539514, 47.535493469238311 ], [ 58.358407931857656, 47.540454101562531 ], [ 58.350717163085953, 47.542652893066439 ], [ 58.35, 47.55 ], [ 58.350661214192726, 47.557433742947083 ], [ 58.354166666666686, 47.558333333333366 ], [ 58.357937452528233, 47.559301079644129 ], [ 58.362038167317728, 47.564592149522603 ], [ 58.353800794813388, 47.573836771647166 ], [ 58.362104119194896, 47.575967746310795 ], [ 58.367233954535607, 47.582586669921909 ], [ 58.366099378797763, 47.602210489908884 ], [ 58.362540181477883, 47.606802876790397 ], [ 58.372789510091167, 47.616099378797777 ], [ 58.375, 47.616666666666696 ], [ 58.377424452039946, 47.617019992404543 ], [ 58.380908881293422, 47.620480007595518 ], [ 58.383333333333354, 47.620833333333366 ], [ 58.383900621202272, 47.62304382324222 ], [ 58.391099378797762, 47.631122843424514 ], [ 58.392233954535605, 47.640451727973122 ], [ 58.38296746148005, 47.64282989501956 ], [ 58.391099378797762, 47.651956176757842 ], [ 58.392233954535605, 47.657118394639788 ], [ 58.385289510091162, 47.658900621202292 ], [ 58.373043823242206, 47.670266045464444 ], [ 58.364456176757827, 47.671400621202288 ], [ 58.35221048990887, 47.68276604546444 ], [ 58.347789510091161, 47.683900621202291 ], [ 58.343877156575537, 47.68693271213111 ], [ 58.335289510091165, 47.688067287868954 ], [ 58.321736823187955, 47.700645785861575 ], [ 58.320833333333354, 47.704166666666701 ], [ 58.281122843424498, 47.704733954535619 ], [ 58.267570156521288, 47.717312452528247 ], [ 58.265749613444029, 47.724407111273905 ], [ 58.241666666666681, 47.725 ], [ 58.2375, 47.725 ], [ 58.237146674262171, 47.727424452039962 ], [ 58.233686659071196, 47.730908881293438 ], [ 58.233333333333348, 47.733333333333363 ], [ 58.234184265136733, 47.736649068196648 ], [ 58.2375, 47.7375 ], [ 58.238350931803403, 47.740815734863311 ], [ 58.244982401529967, 47.742517598470087 ], [ 58.245833333333351, 47.745833333333366 ], [ 58.243408881293419, 47.746186659071213 ], [ 58.23785807291668, 47.751709832085538 ], [ 58.2375, 47.754166666666698 ], [ 58.234184265136733, 47.755017598470083 ], [ 58.23276604546443, 47.760543823242223 ], [ 58.229635450575103, 47.764583333333363 ], [ 58.23276604546443, 47.768622843424509 ], [ 58.233900621202274, 47.773043823242219 ], [ 58.237895880805141, 47.778198920355933 ], [ 58.243877156575536, 47.779733954535622 ], [ 58.24778951009116, 47.782766045464442 ], [ 58.273043823242205, 47.783900621202292 ], [ 58.276956176757828, 47.786932712131112 ], [ 58.282482401529968, 47.788350931803421 ], [ 58.284184265136737, 47.794982401529978 ], [ 58.290815734863301, 47.796684265136754 ], [ 58.291666666666686, 47.8 ], [ 58.327210489908872, 47.800567287868958 ], [ 58.331122843424495, 47.803599378797777 ], [ 58.339710489908875, 47.804733954535621 ], [ 58.343622843424498, 47.80776604546444 ], [ 58.349149068196631, 47.80918426513675 ], [ 58.35, 47.8125 ], [ 58.35, 47.820833333333368 ], [ 58.350353325737863, 47.823257785373301 ], [ 58.353813340928838, 47.826742214626769 ], [ 58.354519992404533, 47.831591118706633 ], [ 58.362146674262171, 47.839242214626772 ], [ 58.362853325737866, 47.844091118706629 ], [ 58.366313340928841, 47.847575547960105 ], [ 58.367019992404529, 47.852424452039962 ], [ 58.370480007595503, 47.855908881293438 ], [ 58.371186659071199, 47.860757785373295 ], [ 58.376712205674934, 47.866310967339444 ], [ 58.385757785373279, 47.867019992404551 ], [ 58.389242214626755, 47.870480007595518 ], [ 58.398257785373282, 47.871186659071213 ], [ 58.401742214626751, 47.874646674262188 ], [ 58.419091118706618, 47.875353325737883 ], [ 58.430908881293419, 47.887146674262183 ], [ 58.435757785373283, 47.887853325737879 ], [ 58.441308593750016, 47.893376498752204 ], [ 58.442019992404532, 47.898257785373296 ], [ 58.445480007595506, 47.901742214626772 ], [ 58.445833333333354, 47.916666666666686 ], [ 58.441666666666684, 47.916666666666686 ], [ 58.43007592095271, 47.91729024251304 ], [ 58.429166666666688, 47.920833333333348 ], [ 58.425, 47.920833333333348 ], [ 58.418622843424501, 47.92026604546443 ], [ 58.41471048990887, 47.917233954535611 ], [ 58.385289510091162, 47.91609937879776 ], [ 58.380521308051236, 47.912404039171022 ], [ 58.378599378797759, 47.917413330078141 ], [ 58.382766045464429, 47.922789510091164 ], [ 58.383900621202272, 47.92795172797311 ], [ 58.375655958387604, 47.930067613389774 ], [ 58.374432712131096, 47.944618394639775 ], [ 58.381377156575539, 47.946400621202272 ], [ 58.385289510091162, 47.949432712131099 ], [ 58.393877156575542, 47.950567287868942 ], [ 58.400034247504358, 47.955702039930571 ], [ 58.392233954535605, 47.964456176757828 ], [ 58.391099378797762, 47.968877156575537 ], [ 58.346400621202278, 48.014456176757832 ], [ 58.345833333333353, 48.02083333333335 ], [ 58.346186659071201, 48.023257785373282 ], [ 58.349646674262168, 48.026742214626758 ], [ 58.350353325737863, 48.035757785373285 ], [ 58.357980007595501, 48.043408881293423 ], [ 58.358686659071196, 48.048257785373281 ], [ 58.362146674262171, 48.051742214626756 ], [ 58.3625, 48.054166666666688 ], [ 58.362853325737866, 48.060757785373283 ], [ 58.366313340928841, 48.064242214626759 ], [ 58.367019992404529, 48.073257785373286 ], [ 58.372900729709222, 48.07916802300349 ], [ 58.376742214626752, 48.075353325737865 ], [ 58.380879550510002, 48.074646674262169 ], [ 58.385075547960085, 48.078813340928839 ], [ 58.389924452039949, 48.079519992404535 ], [ 58.399645657009565, 48.089215087890643 ], [ 58.400353325737868, 48.106591118706618 ], [ 58.403813340928835, 48.110075547960086 ], [ 58.404519992404531, 48.114213053385434 ], [ 58.400353325737868, 48.118408881293419 ], [ 58.399646674262172, 48.123257785373283 ], [ 58.391679890950542, 48.13125 ], [ 58.399646674262172, 48.139242214626755 ], [ 58.4, 48.15416666666669 ], [ 58.4, 48.158333333333353 ], [ 58.399149068196635, 48.161649237738736 ], [ 58.39583333333335, 48.1625 ], [ 58.395480007595502, 48.164924452039948 ], [ 58.392019992404535, 48.168408881293423 ], [ 58.391313340928839, 48.173257785373281 ], [ 58.387853325737865, 48.176742214626756 ], [ 58.3875, 48.179166666666688 ], [ 58.389924452039949, 48.179519992404536 ], [ 58.393408881293418, 48.182980007595503 ], [ 58.398257785373282, 48.183686659071199 ], [ 58.401742214626751, 48.187146674262173 ], [ 58.408333333333353, 48.1875 ], [ 58.411649068196631, 48.188350762261308 ], [ 58.4125, 48.191666666666684 ], [ 58.413029479980487, 48.202248128255228 ], [ 58.417148674858957, 48.207334052191861 ], [ 58.415780300564251, 48.211727566189253 ], [ 58.4125, 48.2125 ], [ 58.411649068196631, 48.215815904405403 ], [ 58.408333333333353, 48.21666666666669 ], [ 58.408333333333353, 48.225 ], [ 58.407980007595505, 48.227424452039955 ], [ 58.404519992404531, 48.230908881293423 ], [ 58.404166666666683, 48.2375 ], [ 58.407482401529968, 48.238350762261305 ], [ 58.408333333333353, 48.241666666666688 ], [ 58.409184265136737, 48.244982571072072 ], [ 58.415927971733957, 48.246712917751758 ], [ 58.417233954535611, 48.254913330078146 ], [ 58.41296878390844, 48.260416666666686 ], [ 58.41609937879776, 48.264456176757832 ], [ 58.417233954535611, 48.267413330078149 ], [ 58.413067287868941, 48.272789510091165 ], [ 58.4125, 48.27916666666669 ], [ 58.412146674262168, 48.281591118706615 ], [ 58.408331976996543, 48.285432603624152 ], [ 58.414242214626753, 48.291313340928838 ], [ 58.416666666666686, 48.291666666666686 ], [ 58.416666666666686, 48.295833333333356 ], [ 58.416666666666686, 48.316666666666691 ], [ 58.420172119140645, 48.317566257052974 ], [ 58.421489291720938, 48.332373385959222 ], [ 58.426956176757834, 48.336932712131102 ], [ 58.429166666666688, 48.3375 ], [ 58.429519992404529, 48.344091118706622 ], [ 58.432980007595503, 48.347575547960091 ], [ 58.433686659071199, 48.352424452039955 ], [ 58.437146674262173, 48.355908881293423 ], [ 58.4375, 48.3625 ], [ 58.433333333333351, 48.3625 ], [ 58.433333333333351, 48.370833333333358 ], [ 58.433333333333351, 48.383333333333354 ], [ 58.433333333333351, 48.391666666666687 ], [ 58.433686659071199, 48.394091118706619 ], [ 58.437146674262173, 48.397575547960088 ], [ 58.437853325737862, 48.406591118706622 ], [ 58.443376498752187, 48.412141927083354 ], [ 58.448257785373279, 48.412853325737871 ], [ 58.451742214626755, 48.416313340928845 ], [ 58.456591118706612, 48.417019992404533 ], [ 58.460075547960088, 48.420480007595508 ], [ 58.464924452039952, 48.421186659071203 ], [ 58.474642266167557, 48.430878363715301 ], [ 58.475, 48.433333333333358 ], [ 58.475353325737863, 48.435757785373283 ], [ 58.479152086046028, 48.439583333333353 ], [ 58.475353325737863, 48.443408881293422 ], [ 58.475, 48.45 ], [ 58.475, 48.454166666666687 ], [ 58.478583780924495, 48.455086263020853 ], [ 58.488067287868944, 48.465729437934051 ], [ 58.486932712131093, 48.468877156575545 ], [ 58.48276604546443, 48.474253336588561 ], [ 58.483900621202274, 48.48137715657554 ], [ 58.488067287868944, 48.486753336588563 ], [ 58.486932712131093, 48.502210489908876 ], [ 58.483068678114165, 48.507196044921898 ], [ 58.4875, 48.508333333333354 ], [ 58.494933742947069, 48.508994547526065 ], [ 58.495833333333351, 48.5125 ], [ 58.496186659071199, 48.527424452039952 ], [ 58.499646674262173, 48.530908881293428 ], [ 58.5, 48.5375 ], [ 58.506591118706616, 48.537853325737871 ], [ 58.512146165635869, 48.543380737304709 ], [ 58.5125, 48.5625 ], [ 58.512853325737865, 48.564924452039953 ], [ 58.516313340928839, 48.568408881293429 ], [ 58.517019992404535, 48.57254638671877 ], [ 58.512853325737865, 48.576742214626762 ], [ 58.5125, 48.579166666666687 ], [ 58.515958150227881, 48.580054050021722 ], [ 58.517233954535612, 48.589710489908875 ], [ 58.520266045464432, 48.593622843424505 ], [ 58.52083333333335, 48.59583333333336 ], [ 58.524149068196635, 48.59668409559464 ], [ 58.525850931803404, 48.603315904405406 ], [ 58.529166666666683, 48.604166666666693 ], [ 58.529733954535608, 48.61471048990888 ], [ 58.533729214138475, 48.619865587022595 ], [ 58.540958150227887, 48.621720716688394 ], [ 58.542233954535611, 48.631377156575546 ], [ 58.550582885742209, 48.640747070312521 ], [ 58.557482401529967, 48.642517428927974 ], [ 58.558333333333351, 48.645833333333357 ], [ 58.558686659071199, 48.652424452039952 ], [ 58.562146674262173, 48.655908881293428 ], [ 58.562853325737869, 48.672549099392384 ], [ 58.554519992404536, 48.680908881293426 ], [ 58.553813340928841, 48.685046386718774 ], [ 58.557980007595503, 48.689242214626759 ], [ 58.558333333333351, 48.691666666666691 ], [ 58.557482401529967, 48.694982571072075 ], [ 58.554166666666688, 48.695833333333354 ], [ 58.554166666666688, 48.708333333333357 ], [ 58.554519992404536, 48.710757785373289 ], [ 58.557980007595503, 48.714242214626758 ], [ 58.558333333333351, 48.72083333333336 ], [ 58.577210489908872, 48.721400621202278 ], [ 58.581122843424495, 48.724432712131104 ], [ 58.585543823242205, 48.725567287868948 ], [ 58.589456176757835, 48.728599378797767 ], [ 58.603267076280403, 48.729827880859403 ], [ 58.604733954535611, 48.73554382324221 ], [ 58.60776604546443, 48.739456176757841 ], [ 58.609246148003493, 48.745223659939263 ], [ 58.638246663411479, 48.746400621202284 ], [ 58.643622843424502, 48.742233954535614 ], [ 58.671579996744811, 48.74109937879777 ], [ 58.676956176757834, 48.745266045464433 ], [ 58.681377156575543, 48.746400621202284 ], [ 58.685289510091167, 48.749432712131103 ], [ 58.702210489908872, 48.750567287868947 ], [ 58.706122843424502, 48.753599378797766 ], [ 58.739710489908873, 48.754733954535617 ], [ 58.744865587022588, 48.758729383680581 ], [ 58.745833333333351, 48.7625 ], [ 58.745833333333351, 48.766666666666694 ], [ 58.745480007595503, 48.785757785373292 ], [ 58.737853325737866, 48.793408881293431 ], [ 58.737146674262171, 48.810757785373291 ], [ 58.729519992404533, 48.818408881293429 ], [ 58.728813340928838, 48.83087972005211 ], [ 58.732980007595508, 48.835075547960095 ], [ 58.733686659071203, 48.839924452039959 ], [ 58.745480007595503, 48.851742214626761 ], [ 58.745833333333351, 48.875 ], [ 58.760543823242209, 48.875567287868947 ], [ 58.764456176757832, 48.878599378797766 ], [ 58.771579996744812, 48.879733954535617 ], [ 58.776956176757835, 48.875567287868947 ], [ 58.782118394639781, 48.874432712131103 ], [ 58.783900621202278, 48.881377156575546 ], [ 58.786932712131097, 48.88528951009117 ], [ 58.788123575846377, 48.907424248589436 ], [ 58.794982401529971, 48.909184095594647 ], [ 58.796400621202281, 48.914710489908877 ], [ 58.7994327121311, 48.918622843424508 ], [ 58.80085093180341, 48.924149237738739 ], [ 58.806377156575543, 48.925567287868951 ], [ 58.811532253689258, 48.929562717013916 ], [ 58.8125, 48.933333333333358 ], [ 58.816666666666691, 48.933333333333358 ], [ 58.817019992404532, 48.944091118706623 ], [ 58.820480007595506, 48.947575547960099 ], [ 58.820833333333354, 48.95 ], [ 58.820480007595506, 48.952424452039956 ], [ 58.817019992404532, 48.955908881293432 ], [ 58.816666666666691, 48.958333333333357 ], [ 58.816099378797766, 48.964710489908882 ], [ 58.813067287868947, 48.968622843424505 ], [ 58.811932712131096, 48.985543823242217 ], [ 58.808802117241775, 48.989583333333357 ], [ 58.811932712131096, 48.993622843424504 ], [ 58.813161214192732, 49.007433742947079 ], [ 58.819826592339432, 49.009144422743084 ], [ 58.82140062120228, 49.013246663411486 ], [ 58.816270785861569, 49.019865587022593 ], [ 58.809184265136743, 49.021684095594644 ], [ 58.807482401529967, 49.02831590440541 ], [ 58.800738694932747, 49.030046251085096 ], [ 58.7994327121311, 49.038246663411485 ], [ 58.803599378797763, 49.043622843424508 ], [ 58.804733954535614, 49.046579996744818 ], [ 58.800567287868944, 49.051956176757841 ], [ 58.8, 49.054166666666696 ], [ 58.799094306098112, 49.057695515950549 ], [ 58.781122843424498, 49.058900621202284 ], [ 58.777210489908875, 49.061932712131103 ], [ 58.772789510091165, 49.063067287868954 ], [ 58.768877156575542, 49.066099378797773 ], [ 58.76028951009117, 49.067233954535617 ], [ 58.756377156575539, 49.070266045464436 ], [ 58.750850931803406, 49.071684095594648 ], [ 58.749100409613739, 49.078505452473983 ], [ 58.735289510091164, 49.079733954535619 ], [ 58.73125, 49.082864718967045 ], [ 58.727210489908877, 49.079733954535619 ], [ 58.725, 49.079166666666694 ], [ 58.722575547960091, 49.079519992404542 ], [ 58.719091118706615, 49.082980007595516 ], [ 58.714242214626758, 49.083686659071205 ], [ 58.708331976996547, 49.089567396375898 ], [ 58.712146674262172, 49.093408881293428 ], [ 58.712853325737868, 49.101713053385446 ], [ 58.708686659071205, 49.105908881293431 ], [ 58.708333333333357, 49.108333333333363 ], [ 58.710543823242205, 49.108900621202281 ], [ 58.714456176757835, 49.111932712131107 ], [ 58.724112616644987, 49.113208346896727 ], [ 58.725567287868941, 49.11887715657555 ], [ 58.73276604546443, 49.126956176757844 ], [ 58.733900621202281, 49.131377156575546 ], [ 58.7369327121311, 49.135289510091177 ], [ 58.7375, 49.141666666666694 ], [ 58.738117641872847, 49.143826972113743 ], [ 58.741105143229184, 49.147916666666696 ], [ 58.738117641872847, 49.152006361219648 ], [ 58.73688235812719, 49.167135789659319 ], [ 58.74111005995011, 49.172923278808625 ], [ 58.733889940049934, 49.181243387858103 ], [ 58.73688235812719, 49.185339864095077 ], [ 58.738117641872847, 49.199000379774333 ], [ 58.725794135199671, 49.200794135199679 ], [ 58.724382358127194, 49.210493469238308 ], [ 58.721450975206182, 49.214506530761746 ], [ 58.720215691460524, 49.221302456325986 ], [ 58.725113932291684, 49.228007846408445 ], [ 58.732644144694028, 49.230160861545166 ], [ 58.733950975206184, 49.248632134331629 ], [ 58.727006530761741, 49.250617641872857 ], [ 58.722993469238304, 49.253549024793863 ], [ 58.71666666666669, 49.254166666666698 ], [ 58.717024400499156, 49.256621127658448 ], [ 58.730908881293423, 49.270480007595516 ], [ 58.7375, 49.270833333333364 ], [ 58.738387383355054, 49.274291483561228 ], [ 58.749112616644986, 49.275708516438833 ], [ 58.750850931803406, 49.282482401529975 ], [ 58.754166666666691, 49.28333333333336 ], [ 58.754817199707055, 49.303161282009576 ], [ 58.761692301432312, 49.305126953125026 ], [ 58.763117641872853, 49.312969122992648 ], [ 58.758950975206183, 49.318673197428417 ], [ 58.757715691460525, 49.322993469238313 ], [ 58.753835550944032, 49.328305223253068 ], [ 58.742401801215301, 49.329969278971383 ], [ 58.741666666666688, 49.3375 ], [ 58.741666666666688, 49.34583333333336 ], [ 58.753257412380663, 49.345209757487012 ], [ 58.754166666666691, 49.341666666666697 ], [ 58.755066257052974, 49.338161214192738 ], [ 58.7625, 49.3375 ], [ 58.773257785373282, 49.337853325737875 ], [ 58.777453782823372, 49.342019992404545 ], [ 58.789924452039955, 49.341313340928849 ], [ 58.794120449490038, 49.337146674262179 ], [ 58.814924452039953, 49.337853325737875 ], [ 58.818408881293422, 49.341313340928849 ], [ 58.831591118706619, 49.342019992404545 ], [ 58.835075547960088, 49.345480007595512 ], [ 58.844091118706622, 49.346186659071208 ], [ 58.847575547960091, 49.349646674262182 ], [ 58.852424452039955, 49.350353325737878 ], [ 58.855908881293423, 49.353813340928852 ], [ 58.858333333333356, 49.3541666666667 ], [ 58.86054382324221, 49.354733954535618 ], [ 58.874096340603323, 49.367312452528239 ], [ 58.875567287868947, 49.37304382324222 ], [ 58.882766045464429, 49.381122843424507 ], [ 58.884184095594641, 49.386649068196647 ], [ 58.891068183051239, 49.388415696885879 ], [ 58.891666666666687, 49.40833333333336 ], [ 58.910757785373285, 49.408686659071208 ], [ 58.914242214626761, 49.412146674262182 ], [ 58.919091118706618, 49.412853325737878 ], [ 58.930908881293426, 49.424646674262185 ], [ 58.95, 49.425 ], [ 58.953505452473983, 49.425899590386315 ], [ 58.954733954535612, 49.439710489908883 ], [ 58.957766045464432, 49.443622843424507 ], [ 58.958333333333357, 49.445833333333361 ], [ 58.957766045464432, 49.448043823242216 ], [ 58.954733954535612, 49.451956176757847 ], [ 58.953599378797769, 49.456377156575549 ], [ 58.95056728786895, 49.460289510091179 ], [ 58.949432712131099, 49.473043823242222 ], [ 58.938067287868947, 49.485289510091178 ], [ 58.936932712131096, 49.492413330078158 ], [ 58.941099378797766, 49.497789510091174 ], [ 58.94223395453561, 49.500746663411491 ], [ 58.938067287868947, 49.506122843424507 ], [ 58.936649237738735, 49.511649068196647 ], [ 58.92987501356339, 49.513387383355067 ], [ 58.928458319769987, 49.524112616644999 ], [ 58.921684095594642, 49.525850931803419 ], [ 58.920833333333356, 49.529166666666697 ], [ 58.921400621202281, 49.535543823242222 ], [ 58.9244327121311, 49.539456176757845 ], [ 58.925567287868944, 49.543877156575554 ], [ 58.928599378797763, 49.547789510091178 ], [ 58.930017428927975, 49.553315734863311 ], [ 58.935543823242213, 49.554733954535621 ], [ 58.940920003255229, 49.558900621202291 ], [ 58.957429334852456, 49.557688903808625 ], [ 58.958333333333357, 49.554166666666696 ], [ 58.964710489908875, 49.553599378797777 ], [ 58.968622843424498, 49.550567287868958 ], [ 58.98971048990888, 49.549432712131107 ], [ 58.99375, 49.546302117241787 ], [ 58.997789510091167, 49.549432712131107 ], [ 59.003315904405405, 49.550850931803417 ], [ 59.005134412977455, 49.557937452528243 ], [ 59.01028951009117, 49.56193271213111 ], [ 59.014710489908879, 49.563067287868954 ], [ 59.018622843424502, 49.566099378797773 ], [ 59.020833333333357, 49.566666666666698 ], [ 59.021400621202282, 49.573043823242216 ], [ 59.024432712131102, 49.576956176757847 ], [ 59.025850762261307, 49.58248240152998 ], [ 59.02916666666669, 49.583333333333364 ], [ 59.031377156575545, 49.583900621202289 ], [ 59.037486775716168, 49.588995700412354 ], [ 59.033900621202278, 49.593622843424512 ], [ 59.032766045464435, 49.604913330078155 ], [ 59.036932712131097, 49.610289510091178 ], [ 59.038067287868948, 49.619618394639787 ], [ 59.03333333333336, 49.620833333333366 ], [ 59.033900621202278, 49.62304382324222 ], [ 59.04526604546443, 49.635289510091177 ], [ 59.046471150716172, 49.653260972764791 ], [ 59.05221048990888, 49.654733954535622 ], [ 59.056122843424504, 49.657766045464442 ], [ 59.060543823242213, 49.658900621202292 ], [ 59.064456176757837, 49.661932712131112 ], [ 59.077210489908879, 49.663067287868955 ], [ 59.081122843424502, 49.666099378797774 ], [ 59.085543823242212, 49.667233954535625 ], [ 59.093622843424505, 49.674432712131107 ], [ 59.106377156575547, 49.675567287868958 ], [ 59.115747070312523, 49.683916219075556 ], [ 59.116666666666688, 49.6875 ], [ 59.120124986436657, 49.688387383355064 ], [ 59.121537611219644, 49.699080573187963 ], [ 59.126956176757837, 49.703599378797776 ], [ 59.129166666666691, 49.704166666666701 ], [ 59.129519992404539, 49.714924452039966 ], [ 59.132980007595506, 49.718408881293435 ], [ 59.133686659071202, 49.723257785373299 ], [ 59.137146674262176, 49.726742214626768 ], [ 59.137853325737872, 49.731591118706632 ], [ 59.143376329210092, 49.737141927083364 ], [ 59.148257785373289, 49.737853325737881 ], [ 59.157974582248286, 49.747544013129371 ], [ 59.158686659071208, 49.751715596516959 ], [ 59.150353325737868, 49.760075547960099 ], [ 59.15, 49.770833333333364 ], [ 59.185543823242213, 49.770266045464446 ], [ 59.190920003255229, 49.766099378797776 ], [ 59.202210489908879, 49.767233954535627 ], [ 59.206122843424502, 49.770266045464446 ], [ 59.214710489908882, 49.771400621202289 ], [ 59.220086669921898, 49.775567287868959 ], [ 59.227210489908877, 49.774432712131109 ], [ 59.232196044921899, 49.770568678114181 ], [ 59.234184095594642, 49.778315734863313 ], [ 59.240815904405409, 49.780017598470081 ], [ 59.242586263020861, 49.786917114257847 ], [ 59.251956176757837, 49.795266045464444 ], [ 59.254166666666691, 49.79583333333337 ], [ 59.255017428927978, 49.792517598470084 ], [ 59.260543823242216, 49.791099378797774 ], [ 59.265920003255232, 49.786932712131112 ], [ 59.273043823242212, 49.788067287868955 ], [ 59.276956176757835, 49.791099378797774 ], [ 59.295833333333356, 49.7916666666667 ], [ 59.29674241807728, 49.795209757487015 ], [ 59.308333333333358, 49.79583333333337 ], [ 59.308686659071206, 49.798257785373295 ], [ 59.324646674262176, 49.814242214626766 ], [ 59.325353325737872, 49.823257785373301 ], [ 59.32915208604603, 49.82708333333337 ], [ 59.324646674262176, 49.831620449490053 ], [ 59.325353325737872, 49.839924452039966 ], [ 59.329519992404542, 49.844120449490049 ], [ 59.328813340928846, 49.848257785373299 ], [ 59.324646674262176, 49.852453782823382 ], [ 59.325356038411485, 49.860788133409322 ], [ 59.330908881293425, 49.866313340928855 ], [ 59.333333333333357, 49.866666666666703 ], [ 59.332980007595509, 49.869091118706628 ], [ 59.329519992404542, 49.872575547960103 ], [ 59.328813340928846, 49.877424452039968 ], [ 59.325353325737872, 49.880908881293436 ], [ 59.324646674262176, 49.901712883843352 ], [ 59.328813340928846, 49.905908881293435 ], [ 59.329166666666694, 49.908333333333367 ], [ 59.332624986436656, 49.909220716688402 ], [ 59.333900621202282, 49.918877156575554 ], [ 59.338067287868952, 49.924253336588578 ], [ 59.336932712131102, 49.927210489908887 ], [ 59.332766045464439, 49.932586669921911 ], [ 59.333900621202282, 49.93554382324222 ], [ 59.337031385633708, 49.939583333333367 ], [ 59.333801947699676, 49.94375 ], [ 59.338067287868952, 49.949253336588576 ], [ 59.336932712131102, 49.956377156575556 ], [ 59.332766045464439, 49.961753336588579 ], [ 59.334583197699679, 49.966489325629375 ], [ 59.339456176757835, 49.970266045464442 ], [ 59.34166666666669, 49.970833333333367 ], [ 59.341099378797772, 49.993877156575536 ], [ 59.338067287868952, 49.997789510091167 ], [ 59.336932712131102, 50.018877156575542 ], [ 59.333068847656278, 50.023862711588563 ], [ 59.34081590440541, 50.025850762261307 ], [ 59.34166666666669, 50.029166666666683 ], [ 59.34166666666669, 50.033333333333367 ], [ 59.342019992404538, 50.039924452039948 ], [ 59.351711697048636, 50.049642266167552 ], [ 59.356591118706625, 50.050353325737866 ], [ 59.360075547960093, 50.053813340928841 ], [ 59.377424452039953, 50.054519992404536 ], [ 59.380908881293429, 50.057980007595503 ], [ 59.398257785373289, 50.058686659071199 ], [ 59.403808593750028, 50.064209662543419 ], [ 59.40416666666669, 50.066666666666684 ], [ 59.40416666666669, 50.070833333333354 ], [ 59.397789510091172, 50.07140062120228 ], [ 59.392634412977458, 50.075396050347244 ], [ 59.391099378797769, 50.081377156575542 ], [ 59.38806728786895, 50.085289510091165 ], [ 59.386932712131099, 50.092413330078145 ], [ 59.391198052300375, 50.097916666666684 ], [ 59.38806728786895, 50.101956176757831 ], [ 59.386932712131099, 50.10637715657554 ], [ 59.383900621202287, 50.110289510091164 ], [ 59.382766045464436, 50.113246663411481 ], [ 59.386932712131099, 50.118622843424497 ], [ 59.38806728786895, 50.127951727973112 ], [ 59.381122843424507, 50.12973395453561 ], [ 59.359224107530409, 50.150696139865474 ], [ 59.357766045464437, 50.156377156575545 ], [ 59.354733954535618, 50.160289510091168 ], [ 59.353599378797767, 50.17304382324221 ], [ 59.350468614366342, 50.177083333333357 ], [ 59.353599378797767, 50.181122843424497 ], [ 59.354733954535618, 50.188246663411476 ], [ 59.350468614366342, 50.19375 ], [ 59.353599378797767, 50.19778951009117 ], [ 59.354733954535618, 50.206377156575542 ], [ 59.357766045464437, 50.210289510091165 ], [ 59.358900621202281, 50.214710489908875 ], [ 59.3619327121311, 50.218622843424498 ], [ 59.363067287868951, 50.242603895399327 ], [ 59.354733954535618, 50.251956176757837 ], [ 59.353599378797767, 50.265451727973108 ], [ 59.36054382324221, 50.267233954535612 ], [ 59.368622843424504, 50.274432712131095 ], [ 59.374291653103327, 50.275887383355055 ], [ 59.375708346896729, 50.286612616644987 ], [ 59.381377156575546, 50.288067287868941 ], [ 59.386532253689261, 50.292062717013913 ], [ 59.3875, 50.295833333333356 ], [ 59.386612616644989, 50.299291653103317 ], [ 59.376956176757837, 50.300567287868944 ], [ 59.373043823242213, 50.303599378797763 ], [ 59.368622843424504, 50.304733954535614 ], [ 59.36471048990888, 50.307766045464433 ], [ 59.34166666666669, 50.308333333333351 ], [ 59.342019992404538, 50.310757785373283 ], [ 59.345480007595512, 50.314242214626759 ], [ 59.346186659071208, 50.318382432725713 ], [ 59.337853325737875, 50.326742214626755 ], [ 59.337146674262179, 50.344091118706622 ], [ 59.333686659071205, 50.347575547960091 ], [ 59.332980007595509, 50.364924452039951 ], [ 59.327457004123289, 50.37047526041669 ], [ 59.325, 50.370833333333358 ], [ 59.324094306098118, 50.374362182617212 ], [ 59.305072360568602, 50.375637817382838 ], [ 59.30359937879777, 50.381377156575546 ], [ 59.299603949652806, 50.386532253689261 ], [ 59.293622843424501, 50.388067287868942 ], [ 59.288467746310786, 50.392062717013914 ], [ 59.2875, 50.395833333333357 ], [ 59.288067287868948, 50.398043823242212 ], [ 59.296416219075546, 50.407413736979187 ], [ 59.303505452473985, 50.409232923719642 ], [ 59.304733954535614, 50.42304382324221 ], [ 59.313429090711828, 50.432630411783876 ], [ 59.323043823242216, 50.433900621202277 ], [ 59.32695617675784, 50.436932712131096 ], [ 59.331377156575549, 50.438067287868947 ], [ 59.343622843424505, 50.449432712131099 ], [ 59.349291653103322, 50.45088738335506 ], [ 59.350567287868948, 50.460543823242212 ], [ 59.353599378797767, 50.464456176757835 ], [ 59.354166666666693, 50.46666666666669 ], [ 59.357482571072076, 50.467517428927977 ], [ 59.358333333333363, 50.470833333333353 ], [ 59.365767076280406, 50.470172119140649 ], [ 59.366666666666696, 50.46666666666669 ], [ 59.36887715657555, 50.466099378797765 ], [ 59.378229437934053, 50.457766045464432 ], [ 59.381377156575546, 50.458900621202282 ], [ 59.390729437934056, 50.467233954535615 ], [ 59.398043823242212, 50.466099378797765 ], [ 59.407396104600721, 50.457766045464432 ], [ 59.418877156575547, 50.458900621202282 ], [ 59.424253336588571, 50.463067287868945 ], [ 59.42721048990888, 50.461932712131102 ], [ 59.431122843424504, 50.458900621202282 ], [ 59.436649237738742, 50.45748257107207 ], [ 59.438399590386311, 50.450661214192728 ], [ 59.452210489908879, 50.449432712131099 ], [ 59.456122843424509, 50.44640062120228 ], [ 59.4625, 50.445833333333354 ], [ 59.469091118706622, 50.446186659071202 ], [ 59.472575547960098, 50.449646674262176 ], [ 59.481591118706625, 50.450353325737872 ], [ 59.489242214626763, 50.457980007595509 ], [ 59.504166666666691, 50.458333333333357 ], [ 59.527424452039959, 50.457980007595509 ], [ 59.530908881293428, 50.454519992404535 ], [ 59.544091118706625, 50.453813340928839 ], [ 59.547575547960093, 50.450353325737872 ], [ 59.554166666666696, 50.45 ], [ 59.560543823242213, 50.45056728786895 ], [ 59.565920003255236, 50.454733954535612 ], [ 59.582429334852456, 50.453522067599849 ], [ 59.583333333333364, 50.45 ], [ 59.589924452039959, 50.450353325737872 ], [ 59.597575547960098, 50.457980007595509 ], [ 59.6, 50.458333333333357 ], [ 59.600567287868948, 50.460543823242212 ], [ 59.603599378797767, 50.464456176757835 ], [ 59.604870944552978, 50.474080403645857 ], [ 59.610289510091171, 50.478599378797767 ], [ 59.61887715657555, 50.479733954535611 ], [ 59.622789510091174, 50.48276604546443 ], [ 59.628315904405412, 50.484184095594642 ], [ 59.630134412977455, 50.491270616319468 ], [ 59.635416666666693, 50.495364718967039 ], [ 59.640170966254367, 50.491679890950543 ], [ 59.645266045464439, 50.497789510091167 ], [ 59.646801079644128, 50.503770616319464 ], [ 59.651956176757842, 50.507766045464436 ], [ 59.664710489908884, 50.50890062120228 ], [ 59.668622843424508, 50.511932712131099 ], [ 59.678320990668432, 50.513214111328146 ], [ 59.679368082682316, 50.517885335286479 ], [ 59.674432712131107, 50.524253336588565 ], [ 59.676184760199682, 50.528820122612871 ], [ 59.685289510091174, 50.536932712131097 ], [ 59.689710489908883, 50.538067287868948 ], [ 59.697789510091177, 50.54526604546443 ], [ 59.702210489908886, 50.546400621202281 ], [ 59.706122843424509, 50.5494327121311 ], [ 59.710543823242219, 50.550567287868944 ], [ 59.718741183810792, 50.557871500651068 ], [ 59.724253336588568, 50.553599378797763 ], [ 59.74387715657555, 50.554733954535614 ], [ 59.747789510091174, 50.557766045464433 ], [ 59.758333333333361, 50.558333333333358 ], [ 59.761838785807321, 50.559232923719641 ], [ 59.7625, 50.566666666666691 ], [ 59.777424452039959, 50.566313340928843 ], [ 59.780908881293435, 50.562853325737869 ], [ 59.8, 50.5625 ], [ 59.80061764187284, 50.56466030544707 ], [ 59.807715691460515, 50.572839694552975 ], [ 59.808950975206173, 50.577160305447073 ], [ 59.821666802300363, 50.59096306694881 ], [ 59.839660135904964, 50.592284138997421 ], [ 59.843673197428402, 50.595215861002629 ], [ 59.847993469238297, 50.596450805664084 ], [ 59.852006530761734, 50.599382527669292 ], [ 59.85632680257163, 50.600617472330754 ], [ 59.860339864095067, 50.603549194335962 ], [ 59.868826802571625, 50.604784138997417 ], [ 59.878060234917548, 50.612796698676242 ], [ 59.879784308539513, 50.618826972113737 ], [ 59.882715691460518, 50.622839694552972 ], [ 59.884133232964423, 50.632579888237871 ], [ 59.896302456325969, 50.633950805664085 ], [ 59.902006530761732, 50.629784138997422 ], [ 59.911132134331609, 50.62854919433596 ], [ 59.913471645779097, 50.636731635199673 ], [ 59.924028354220937, 50.638268364800368 ], [ 59.925617641872847, 50.643826972113736 ], [ 59.928549024793853, 50.647839694552978 ], [ 59.929166666666681, 50.65 ], [ 59.936600409613732, 50.650661214192731 ], [ 59.9375, 50.65416666666669 ], [ 59.939924452039946, 50.654519992404538 ], [ 59.943408881293415, 50.657980007595512 ], [ 59.948257785373279, 50.658686659071208 ], [ 59.951742214626748, 50.662146674262175 ], [ 59.977424452039948, 50.662853325737871 ], [ 59.980908881293416, 50.666313340928845 ], [ 59.995833333333351, 50.666666666666693 ], [ 59.996186659071192, 50.669091118706618 ], [ 60.003813340928836, 50.676742214626763 ], [ 60.004166666666684, 50.691666666666691 ], [ 60.006377156575539, 50.691099378797766 ], [ 60.011753336588555, 50.686932712131103 ], [ 60.019940863715291, 50.68823682996964 ], [ 60.024432712131095, 50.693622843424507 ], [ 60.025567287868938, 50.702210489908879 ], [ 60.028599378797757, 50.706122843424502 ], [ 60.029733954535608, 50.710543823242212 ], [ 60.032766045464427, 50.714456176757835 ], [ 60.033994547526056, 50.728267076280403 ], [ 60.0375, 50.729166666666693 ], [ 60.038409254286037, 50.732709757487001 ], [ 60.060543823242206, 50.733900621202281 ], [ 60.06445617675783, 50.7369327121311 ], [ 60.068877156575539, 50.738067287868951 ], [ 60.081122843424495, 50.749432712131103 ], [ 60.08333333333335, 50.75 ], [ 60.083900621202275, 50.773043823242212 ], [ 60.091099378797757, 50.781122843424505 ], [ 60.092233954535608, 50.793877156575547 ], [ 60.09943271213109, 50.801956176757841 ], [ 60.1008509318034, 50.807482571072072 ], [ 60.104166666666686, 50.808333333333358 ], [ 60.10501759847007, 50.811649237738742 ], [ 60.108333333333348, 50.8125 ], [ 60.127210489908869, 50.811932712131103 ], [ 60.13125, 50.808801947699678 ], [ 60.136753336588555, 50.813067287868947 ], [ 60.139710489908872, 50.811932712131103 ], [ 60.143622843424495, 50.808900621202284 ], [ 60.153279283311647, 50.807624986436657 ], [ 60.154166666666683, 50.804166666666688 ], [ 60.158333333333353, 50.804166666666688 ], [ 60.158333333333353, 50.8125 ], [ 60.164924452039948, 50.812853325737876 ], [ 60.172575547960086, 50.820480007595513 ], [ 60.181591118706613, 50.821186659071209 ], [ 60.185075547960082, 50.824646674262176 ], [ 60.191666666666684, 50.825 ], [ 60.192517598470069, 50.828315904405407 ], [ 60.198043823242202, 50.829733954535612 ], [ 60.207413567437079, 50.83808288574221 ], [ 60.20833333333335, 50.84166666666669 ], [ 60.208951653374584, 50.853160603841175 ], [ 60.218622843424498, 50.8619327121311 ], [ 60.23137715657554, 50.863067287868951 ], [ 60.243622843424497, 50.874432712131103 ], [ 60.253247239854616, 50.875704277886314 ], [ 60.257766045464429, 50.881122843424507 ], [ 60.259184265136739, 50.886649237738744 ], [ 60.264710489908872, 50.88806728786895 ], [ 60.268622843424495, 50.891099378797769 ], [ 60.27083333333335, 50.891666666666694 ], [ 60.271186659071198, 50.906591118706622 ], [ 60.274646674262172, 50.910075547960098 ], [ 60.275353325737868, 50.914213053385446 ], [ 60.270847913954007, 50.91875 ], [ 60.274646674262172, 50.922575547960093 ], [ 60.275353325737868, 50.926714409722251 ], [ 60.269123501247847, 50.93297526041669 ], [ 60.266666666666687, 50.933333333333358 ], [ 60.263350931803402, 50.934184095594645 ], [ 60.261932712131092, 50.939710489908883 ], [ 60.258900621202272, 50.943622843424507 ], [ 60.257482401529963, 50.949149237738744 ], [ 60.25070851643882, 50.95088738335506 ], [ 60.249291483561215, 50.961612616644992 ], [ 60.245833333333351, 50.9625 ], [ 60.246684265136736, 50.96581590440541 ], [ 60.25, 50.966666666666697 ], [ 60.2533157348633, 50.967517428927977 ], [ 60.255017598470069, 50.974149237738743 ], [ 60.260543823242202, 50.975567287868948 ], [ 60.264456176757832, 50.978599378797767 ], [ 60.268877156575535, 50.979733954535618 ], [ 60.286905076768683, 50.996870591905406 ], [ 60.2875, 51.016666666666694 ], [ 60.29387715657554, 51.017233954535619 ], [ 60.297789510091164, 51.020266045464439 ], [ 60.314710489908869, 51.021400621202282 ], [ 60.3186228434245, 51.024432712131102 ], [ 60.323043823242202, 51.025567287868952 ], [ 60.335289510091165, 51.036932712131104 ], [ 60.35221048990887, 51.038067287868948 ], [ 60.356122843424494, 51.041099378797767 ], [ 60.369933742947069, 51.042327880859403 ], [ 60.371400621202277, 51.048043823242217 ], [ 60.374432712131096, 51.051956176757841 ], [ 60.375, 51.054166666666696 ], [ 60.385543823242209, 51.054733954535621 ], [ 60.390920003255225, 51.058900621202284 ], [ 60.398043823242205, 51.05776604546444 ], [ 60.403420003255228, 51.05359937879777 ], [ 60.427210489908873, 51.054733954535621 ], [ 60.431122843424497, 51.05776604546444 ], [ 60.440747239854616, 51.059037611219644 ], [ 60.445266045464429, 51.064456176757837 ], [ 60.446684265136739, 51.069982571072075 ], [ 60.452210489908872, 51.071400621202287 ], [ 60.456122843424495, 51.074432712131106 ], [ 60.483333333333348, 51.075 ], [ 60.48418426513674, 51.078315904405407 ], [ 60.4875, 51.079166666666694 ], [ 60.506591118706616, 51.079519992404542 ], [ 60.510075547960085, 51.082980007595516 ], [ 60.525, 51.083333333333364 ], [ 60.525967746310783, 51.087103949652807 ], [ 60.531122843424498, 51.091099378797772 ], [ 60.536791483561217, 51.092554050021732 ], [ 60.538208516438822, 51.103279283311657 ], [ 60.541666666666686, 51.104166666666693 ], [ 60.541043090820331, 51.115757581922772 ], [ 60.535289510091168, 51.117233954535621 ], [ 60.531377156575537, 51.12026604546444 ], [ 60.526956176757835, 51.121400621202284 ], [ 60.522083028157574, 51.125177341037357 ], [ 60.520266045464432, 51.129913330078153 ], [ 60.524432712131095, 51.135289510091177 ], [ 60.525567287868945, 51.139710489908879 ], [ 60.528599378797765, 51.143622843424509 ], [ 60.529733954535608, 51.159270562065998 ], [ 60.520250447591167, 51.169913567437092 ], [ 60.516666666666687, 51.170833333333363 ], [ 60.517284308539516, 51.172993469238307 ], [ 60.520215691460521, 51.177006530761744 ], [ 60.521538967556445, 51.195026312934054 ], [ 60.531326802571634, 51.19645097520619 ], [ 60.535339864095072, 51.199382358127195 ], [ 60.556326802571633, 51.20061764187286 ], [ 60.56033986409507, 51.203549024793865 ], [ 60.564660135904965, 51.204784308539523 ], [ 60.568673197428403, 51.207715691460535 ], [ 60.572993469238298, 51.208950975206193 ], [ 60.582598198784744, 51.217469957139784 ], [ 60.58333333333335, 51.225 ], [ 60.583686659071198, 51.227424452039962 ], [ 60.587146674262172, 51.230908881293431 ], [ 60.587853325737868, 51.239924452039958 ], [ 60.591313340928842, 51.243408881293433 ], [ 60.591666666666683, 51.245833333333366 ], [ 60.594982401529968, 51.244982401529974 ], [ 60.595833333333353, 51.241666666666696 ], [ 60.616666666666688, 51.241666666666696 ], [ 60.623257785373283, 51.242019992404543 ], [ 60.630908881293422, 51.249646674262181 ], [ 60.664924452039948, 51.250353325737876 ], [ 60.668408881293423, 51.253813340928851 ], [ 60.673257785373281, 51.254519992404539 ], [ 60.676742214626756, 51.257980007595513 ], [ 60.681591118706621, 51.258686659071209 ], [ 60.68541666666669, 51.262485419379367 ], [ 60.689953782823373, 51.257980007595513 ], [ 60.702424452039949, 51.258686659071209 ], [ 60.705908881293425, 51.262146674262183 ], [ 60.725, 51.2625 ], [ 60.725967746310786, 51.258729214138484 ], [ 60.731122843424501, 51.254733954535617 ], [ 60.736649068196634, 51.253315734863307 ], [ 60.738399590386308, 51.246494547526069 ], [ 60.752210489908876, 51.24526604546444 ], [ 60.757586669921899, 51.24109937879777 ], [ 60.781377156575545, 51.242233954535621 ], [ 60.785289510091168, 51.24526604546444 ], [ 60.79387715657554, 51.246400621202284 ], [ 60.797789510091164, 51.249432712131103 ], [ 60.827210489908879, 51.250567287868954 ], [ 60.831122843424502, 51.253599378797773 ], [ 60.835543823242212, 51.254733954535617 ], [ 60.839456176757835, 51.257766045464436 ], [ 60.85, 51.258333333333361 ], [ 60.852424452039955, 51.257980007595513 ], [ 60.855908881293423, 51.254519992404539 ], [ 60.864924452039951, 51.253813340928851 ], [ 60.868408881293426, 51.250353325737876 ], [ 60.883333333333354, 51.25 ], [ 60.8875, 51.25 ], [ 60.894091118706619, 51.249646674262181 ], [ 60.897575547960088, 51.246186659071206 ], [ 60.914924452039955, 51.245480007595518 ], [ 60.918408881293423, 51.242019992404543 ], [ 60.964213053385436, 51.241313340928848 ], [ 60.968408881293428, 51.245480007595518 ], [ 60.976713053385438, 51.246186659071206 ], [ 60.980908881293423, 51.242019992404543 ], [ 60.985757785373288, 51.241313340928848 ], [ 60.993408881293426, 51.233686659071211 ], [ 61.001713053385437, 51.232980007595515 ], [ 61.005908881293422, 51.237146674262185 ], [ 61.014924452039956, 51.237853325737873 ], [ 61.018408881293425, 51.241313340928848 ], [ 61.023257785373289, 51.242019992404543 ], [ 61.026742214626758, 51.245480007595518 ], [ 61.044091118706618, 51.246186659071206 ], [ 61.053808932834222, 51.255878194173206 ], [ 61.054166666666688, 51.258333333333361 ], [ 61.061600409613739, 51.257672119140651 ], [ 61.0625, 51.254166666666698 ], [ 61.065815904405405, 51.253315734863307 ], [ 61.066666666666691, 51.25 ], [ 61.066666666666691, 51.241666666666696 ], [ 61.079166666666687, 51.241666666666696 ], [ 61.079733954535612, 51.226956176757838 ], [ 61.082766045464432, 51.223043823242215 ], [ 61.084184095594644, 51.217517598470081 ], [ 61.089710489908875, 51.216099378797772 ], [ 61.09375, 51.212968783908451 ], [ 61.099253336588568, 51.217233954535615 ], [ 61.103573269314261, 51.215576510959231 ], [ 61.104166666666693, 51.195833333333361 ], [ 61.107482571072069, 51.194982401529977 ], [ 61.108333333333356, 51.191666666666691 ], [ 61.109701199001762, 51.1868823581272 ], [ 61.122993638780407, 51.188117641872857 ], [ 61.128697374131967, 51.192284308539527 ], [ 61.156326972113739, 51.191049024793863 ], [ 61.160339694552974, 51.188117641872857 ], [ 61.166552734375024, 51.186341179741781 ], [ 61.170215861002632, 51.18132680257164 ], [ 61.171832953559054, 51.170215691460534 ], [ 61.197993638780403, 51.171450975206191 ], [ 61.206173027886308, 51.178549024793867 ], [ 61.208333333333357, 51.179166666666696 ], [ 61.210757785373289, 51.178813340928848 ], [ 61.214242214626758, 51.175353325737873 ], [ 61.219091118706622, 51.174646674262178 ], [ 61.222575547960091, 51.171186659071211 ], [ 61.225, 51.170833333333363 ], [ 61.235757785373288, 51.170480007595515 ], [ 61.239583333333357, 51.166681247287357 ], [ 61.243408881293426, 51.170480007595515 ], [ 61.248257785373291, 51.171186659071211 ], [ 61.260075547960092, 51.182980007595518 ], [ 61.264924452039956, 51.183686659071206 ], [ 61.268408881293425, 51.187146674262181 ], [ 61.270833333333357, 51.1875 ], [ 61.270833333333357, 51.191666666666691 ], [ 61.294091118706625, 51.191313340928851 ], [ 61.297575547960093, 51.187853325737876 ], [ 61.3, 51.1875 ], [ 61.304166666666688, 51.1875 ], [ 61.304521348741346, 51.194118754069038 ], [ 61.314242214626759, 51.203813340928846 ], [ 61.323257785373286, 51.204519992404542 ], [ 61.326742214626762, 51.207980007595516 ], [ 61.331591118706626, 51.208686659071212 ], [ 61.335075547960095, 51.212146674262179 ], [ 61.360757785373288, 51.212853325737875 ], [ 61.364242214626763, 51.216313340928849 ], [ 61.369121636284746, 51.217024400499163 ], [ 61.378813340928843, 51.226742214626768 ], [ 61.379519992404539, 51.235757785373295 ], [ 61.382980007595513, 51.239242214626763 ], [ 61.383691406250023, 51.244123501247856 ], [ 61.389242214626762, 51.249646674262181 ], [ 61.394091118706626, 51.250353325737876 ], [ 61.397575547960095, 51.253813340928851 ], [ 61.402424452039959, 51.254519992404539 ], [ 61.405908881293428, 51.257980007595513 ], [ 61.410757785373292, 51.258686659071209 ], [ 61.422575547960093, 51.270480007595516 ], [ 61.429166666666696, 51.270833333333364 ], [ 61.430017428927975, 51.274149068196643 ], [ 61.433333333333358, 51.275 ], [ 61.433333333333358, 51.279166666666697 ], [ 61.433686659071206, 51.294091118706625 ], [ 61.437146674262181, 51.297575547960101 ], [ 61.4375, 51.308333333333366 ], [ 61.438405693901935, 51.311862352159316 ], [ 61.456377156575549, 51.313067287868954 ], [ 61.460289510091172, 51.316099378797773 ], [ 61.468877156575545, 51.317233954535617 ], [ 61.472789510091175, 51.320266045464436 ], [ 61.525746663411482, 51.321400621202287 ], [ 61.531122843424505, 51.317233954535617 ], [ 61.534079996744822, 51.316099378797773 ], [ 61.540698920355929, 51.321229214138484 ], [ 61.541666666666693, 51.325 ], [ 61.548257785373295, 51.325353325737879 ], [ 61.551742214626763, 51.328813340928846 ], [ 61.556591118706628, 51.329519992404542 ], [ 61.560075547960096, 51.332980007595516 ], [ 61.573257785373293, 51.333686659071212 ], [ 61.576742214626762, 51.337146674262179 ], [ 61.5875, 51.3375 ], [ 61.588067287868952, 51.339710489908882 ], [ 61.591099378797772, 51.343622843424512 ], [ 61.592233954535615, 51.348043823242215 ], [ 61.60097283257381, 51.357678561740478 ], [ 61.61471048990888, 51.358900621202288 ], [ 61.632437811957494, 51.375677151150207 ], [ 61.633900621202287, 51.381377156575553 ], [ 61.636932712131106, 51.385289510091177 ], [ 61.638350762261311, 51.39081573486331 ], [ 61.645124986436663, 51.392554050021729 ], [ 61.646400621202282, 51.402210489908882 ], [ 61.65474955240888, 51.411580234103766 ], [ 61.660543823242215, 51.413067287868955 ], [ 61.664456176757838, 51.416099378797774 ], [ 61.670159573025202, 51.417563035753069 ], [ 61.671400621202288, 51.429913330078158 ], [ 61.667233954535618, 51.435289510091174 ], [ 61.666099378797774, 51.442603895399337 ], [ 61.674432712131107, 51.451956176757847 ], [ 61.675567287868951, 51.456377156575549 ], [ 61.67859937879777, 51.460289510091179 ], [ 61.679166666666696, 51.4791666666667 ], [ 61.693877156575553, 51.479733954535618 ], [ 61.697789510091177, 51.482766045464437 ], [ 61.707413736979198, 51.484037611219648 ], [ 61.711932712131102, 51.489456176757841 ], [ 61.713671196831626, 51.496230570475291 ], [ 61.727995469835101, 51.482936096191438 ], [ 61.730054050021728, 51.490958150227897 ], [ 61.73971048990888, 51.492233954535621 ], [ 61.747789510091174, 51.49943271213111 ], [ 61.752210489908883, 51.500567287868954 ], [ 61.756122843424507, 51.503599378797773 ], [ 61.760543823242216, 51.504733954535624 ], [ 61.76445617675784, 51.507766045464443 ], [ 61.793877156575547, 51.508900621202287 ], [ 61.811488172743083, 51.525567287868952 ], [ 61.824103122287354, 51.524328782823382 ], [ 61.825, 51.520833333333364 ], [ 61.827424452039963, 51.521186659071212 ], [ 61.830908881293432, 51.524646674262186 ], [ 61.8541666666667, 51.525 ], [ 61.854166666666679, 51.529166666666697 ], [ 61.854519992404526, 51.535757785373292 ], [ 61.857980007595501, 51.539242214626768 ], [ 61.858333333333348, 51.5416666666667 ], [ 61.864924452039944, 51.542019992404548 ], [ 61.868408881293419, 51.545480007595515 ], [ 61.885757785373279, 51.546186659071211 ], [ 61.895478481716594, 51.555881245931019 ], [ 61.89583333333335, 51.5625 ], [ 61.896450975206179, 51.56466013590498 ], [ 61.899382358127184, 51.568673197428417 ], [ 61.900617641872842, 51.572993469238313 ], [ 61.903549024793854, 51.57700653076175 ], [ 61.904784308539512, 51.581326802571645 ], [ 61.907715691460517, 51.585339864095083 ], [ 61.90925971137154, 51.590740288628503 ], [ 61.915740288628484, 51.592593044704891 ], [ 61.917593044704873, 51.599073621961836 ], [ 61.924192301432306, 51.600960286458367 ], [ 61.925617641872847, 51.608802456325989 ], [ 61.921450975206177, 51.614506530761751 ], [ 61.92021569146052, 51.62716013590498 ], [ 61.917284308539507, 51.631173197428417 ], [ 61.915978664822063, 51.653357103135882 ], [ 61.906173197428402, 51.654784308539526 ], [ 61.902160135904964, 51.657715691460538 ], [ 61.892460801866335, 51.659127468533015 ], [ 61.891049024793851, 51.668826802571644 ], [ 61.888117641872846, 51.672839864095081 ], [ 61.8875, 51.675 ], [ 61.8875, 51.683333333333366 ], [ 61.888350931803402, 51.686649068196644 ], [ 61.893877156575535, 51.688067287868954 ], [ 61.897789510091158, 51.691099378797773 ], [ 61.90744594997831, 51.692375183105504 ], [ 61.908333333333346, 51.695833333333368 ], [ 61.9125, 51.695833333333368 ], [ 61.915815734863294, 51.694982401529984 ], [ 61.916666666666679, 51.691666666666698 ], [ 61.917019992404526, 51.689242214626766 ], [ 61.920480007595501, 51.685757785373298 ], [ 61.920833333333348, 51.679166666666703 ], [ 61.93141496446399, 51.678637186686231 ], [ 61.940583631727442, 51.670303853352898 ], [ 61.943914964463993, 51.671362813313834 ], [ 61.947751702202709, 51.674470520019561 ], [ 61.952248297797325, 51.675529479980504 ], [ 61.956085035536042, 51.678637186686231 ], [ 61.973081631130654, 51.679696146647167 ], [ 61.981705220540377, 51.687534077962269 ], [ 61.988029479980483, 51.680184088812965 ], [ 61.986970520019547, 51.672751702202724 ], [ 61.983031039767809, 51.667887878418 ], [ 61.988629150390636, 51.666144137912362 ], [ 62.001918368869376, 51.678637186686231 ], [ 62.008333333333347, 51.679166666666703 ], [ 62.010757785373279, 51.678813340928855 ], [ 62.019117736816419, 51.670480007595515 ], [ 62.035757785373278, 51.671186659071211 ], [ 62.039242214626753, 51.674646674262185 ], [ 62.056591118706613, 51.675353325737881 ], [ 62.060787116156696, 51.679519992404543 ], [ 62.064924452039946, 51.678813340928855 ], [ 62.072575547960085, 51.671186659071211 ], [ 62.07916666666668, 51.670833333333363 ], [ 62.085581631130658, 51.671362813313834 ], [ 62.090667385525187, 51.675482008192304 ], [ 62.095060729980482, 51.674113633897605 ], [ 62.096599833170586, 51.667578633626334 ], [ 62.10094078911677, 51.666137186686228 ], [ 62.10608503553604, 51.670303853352898 ], [ 62.131414964463993, 51.671362813313834 ], [ 62.135416666666686, 51.67460411919491 ], [ 62.139418368869372, 51.671362813313834 ], [ 62.150940789116767, 51.670303853352898 ], [ 62.156085035536037, 51.674470520019561 ], [ 62.160581631130661, 51.675529479980504 ], [ 62.165908135308179, 51.680112881130675 ], [ 62.166666666666686, 51.683333333333366 ], [ 62.177210489908873, 51.683900621202291 ], [ 62.182586669921889, 51.688067287868954 ], [ 62.202210489908872, 51.68693271213111 ], [ 62.20625, 51.683802117241783 ], [ 62.210416666666681, 51.687031216091611 ], [ 62.215920003255228, 51.68276604546444 ], [ 62.224120246039512, 51.684072028266094 ], [ 62.226214938693595, 51.692233954535624 ], [ 62.239710489908873, 51.691099378797773 ], [ 62.243622843424497, 51.688067287868954 ], [ 62.245833333333351, 51.6875 ], [ 62.246186659071199, 51.676742214626771 ], [ 62.253813340928836, 51.669091118706632 ], [ 62.254519992404532, 51.664242214626768 ], [ 62.262146674262169, 51.656591118706629 ], [ 62.2625, 51.65 ], [ 62.27083333333335, 51.65 ], [ 62.274149068196635, 51.64914906819665 ], [ 62.275, 51.645833333333364 ], [ 62.275, 51.629166666666698 ], [ 62.281591118706615, 51.628813340928851 ], [ 62.285075547960083, 51.625353325737876 ], [ 62.2875, 51.625 ], [ 62.302452935112868, 51.624645996093783 ], [ 62.307980007595503, 51.619091118706628 ], [ 62.30869140625002, 51.614209832085535 ], [ 62.314242214626752, 51.608686659071211 ], [ 62.327424452039949, 51.607980007595515 ], [ 62.330908881293418, 51.604519992404548 ], [ 62.339924452039945, 51.603813340928852 ], [ 62.344120449490035, 51.599646674262182 ], [ 62.356591118706618, 51.600353325737878 ], [ 62.360075547960086, 51.603813340928852 ], [ 62.373257785373283, 51.604519992404548 ], [ 62.377453782823366, 51.608686659071211 ], [ 62.385757785373279, 51.607980007595515 ], [ 62.389242214626755, 51.604519992404548 ], [ 62.391666666666687, 51.6041666666667 ], [ 62.394982401529965, 51.603315734863315 ], [ 62.39583333333335, 51.6 ], [ 62.406591118706615, 51.599646674262182 ], [ 62.414242214626753, 51.592019992404545 ], [ 62.425, 51.591666666666697 ], [ 62.427424452039951, 51.592019992404545 ], [ 62.430908881293419, 51.595480007595519 ], [ 62.441666666666684, 51.595833333333367 ], [ 62.453257412380658, 51.595209757487012 ], [ 62.454733954535612, 51.589456176757842 ], [ 62.457766045464425, 51.585543823242219 ], [ 62.459220716688385, 51.5798751831055 ], [ 62.468877156575537, 51.578599378797776 ], [ 62.472789510091161, 51.575567287868957 ], [ 62.47721048990887, 51.574432712131106 ], [ 62.481122843424501, 51.571400621202287 ], [ 62.499020894368506, 51.570200602213575 ], [ 62.503599378797759, 51.564710489908883 ], [ 62.504822625054274, 51.550959777832063 ], [ 62.510289510091162, 51.546400621202288 ], [ 62.5125, 51.545833333333363 ], [ 62.527135043674065, 51.546476067437098 ], [ 62.533011542426237, 51.550642734103761 ], [ 62.556301710340733, 51.549357265896298 ], [ 62.560364956325976, 51.546476067437098 ], [ 62.564635043674066, 51.545190599229635 ], [ 62.570511542426232, 51.541023932562965 ], [ 62.577135043674062, 51.542309400770428 ], [ 62.583011542426235, 51.546476067437098 ], [ 62.589635043674065, 51.545190599229635 ], [ 62.594957817925369, 51.541416422526069 ], [ 62.596748860677103, 51.558976067437101 ], [ 62.618801710340733, 51.55769059922963 ], [ 62.622864956325976, 51.554809400770431 ], [ 62.635468377007399, 51.553523932562968 ], [ 62.639531622992642, 51.550642734103761 ], [ 62.653665330674933, 51.549201117621557 ], [ 62.661857265896288, 51.539635043674075 ], [ 62.663415527343773, 51.524357265896299 ], [ 62.677135043674063, 51.525642734103762 ], [ 62.681198289659307, 51.528523932562962 ], [ 62.685468377007396, 51.529809400770432 ], [ 62.691344875759569, 51.533976067437095 ], [ 62.711459011501759, 51.532623969184058 ], [ 62.71394805908205, 51.524357265896299 ], [ 62.727135043674068, 51.525642734103762 ], [ 62.73125, 51.528560553656718 ], [ 62.737178209092903, 51.524357265896299 ], [ 62.743801710340733, 51.525642734103762 ], [ 62.747864956325976, 51.528523932562962 ], [ 62.756301710340736, 51.529809400770432 ], [ 62.766032918294293, 51.538142734103765 ], [ 62.774559868706618, 51.536562262641091 ], [ 62.786857265896288, 51.522968377007409 ], [ 62.7875, 51.520833333333364 ], [ 62.789956834581183, 51.521191406250033 ], [ 62.795480007595508, 51.526742214626765 ], [ 62.796191406250024, 51.531623501247864 ], [ 62.801742214626756, 51.537146674262182 ], [ 62.808333333333351, 51.5375 ], [ 62.810757785373283, 51.537853325737878 ], [ 62.818408881293422, 51.545480007595515 ], [ 62.860757785373288, 51.546186659071211 ], [ 62.864583333333357, 51.549985419379368 ], [ 62.869120279947936, 51.545480007595515 ], [ 62.877424452039953, 51.546186659071211 ], [ 62.885075547960092, 51.553813340928848 ], [ 62.889924452039949, 51.554519992404543 ], [ 62.893408881293425, 51.557980007595518 ], [ 62.895833333333357, 51.558333333333366 ], [ 62.898081461588561, 51.558862813313837 ], [ 62.901918538411479, 51.561970520019564 ], [ 62.910581461588563, 51.5630294799805 ], [ 62.914418538411482, 51.566137186686227 ], [ 62.927248128255229, 51.56719614664717 ], [ 62.932392713758702, 51.571362813313833 ], [ 62.936733330620683, 51.569921366373727 ], [ 62.9375, 51.566666666666698 ], [ 62.944091118706623, 51.566313340928851 ], [ 62.947575547960092, 51.562853325737876 ], [ 62.95, 51.5625 ], [ 62.952210489908879, 51.563067287868954 ], [ 62.960289510091165, 51.570266045464443 ], [ 62.964710489908875, 51.571400621202287 ], [ 62.974062771267384, 51.579733954535619 ], [ 63.006377156575546, 51.578599378797776 ], [ 63.01028951009117, 51.575567287868957 ], [ 63.016005452473983, 51.574100409613749 ], [ 63.016666666666687, 51.566666666666698 ], [ 63.018877156575542, 51.566099378797773 ], [ 63.023862711588563, 51.562235344780845 ], [ 63.025887383355055, 51.570124816894563 ], [ 63.035543823242207, 51.571400621202287 ], [ 63.039456176757838, 51.574432712131106 ], [ 63.05221048990888, 51.575567287868957 ], [ 63.056122843424504, 51.578599378797776 ], [ 63.066666666666691, 51.579166666666701 ], [ 63.069982571072075, 51.580017598470086 ], [ 63.07140062120228, 51.585543823242219 ], [ 63.074432712131099, 51.589456176757842 ], [ 63.07556728786895, 51.598043823242222 ], [ 63.079562717013914, 51.603198920355936 ], [ 63.085543823242212, 51.604733954535625 ], [ 63.090698920355926, 51.608729214138485 ], [ 63.092233954535615, 51.614710489908887 ], [ 63.095266045464435, 51.618622843424511 ], [ 63.09668409559464, 51.624149068196644 ], [ 63.103315904405406, 51.62585093180342 ], [ 63.104166666666693, 51.629166666666698 ], [ 63.11054382324221, 51.629733954535624 ], [ 63.114456176757834, 51.632766045464443 ], [ 63.127210489908876, 51.633900621202287 ], [ 63.131122843424507, 51.636932712131106 ], [ 63.153257581922766, 51.638123575846386 ], [ 63.155086263020856, 51.645250447591181 ], [ 63.165729437934054, 51.654733954535622 ], [ 63.17304382324221, 51.653599378797779 ], [ 63.176956176757834, 51.650567287868952 ], [ 63.185543823242213, 51.649432712131109 ], [ 63.189456176757837, 51.646400621202289 ], [ 63.198043823242209, 51.645266045464439 ], [ 63.203420003255232, 51.641099378797776 ], [ 63.206377156575542, 51.642233954535619 ], [ 63.210289510091172, 51.645266045464439 ], [ 63.218877156575545, 51.646400621202289 ], [ 63.222789510091168, 51.649432712131109 ], [ 63.231377156575547, 51.650567287868952 ], [ 63.235416666666694, 51.65369788275828 ], [ 63.240529378255232, 51.649735344780851 ], [ 63.242233954535614, 51.656377156575552 ], [ 63.245266045464433, 51.660289510091175 ], [ 63.246471150716168, 51.678260972764789 ], [ 63.252210489908876, 51.679733954535621 ], [ 63.26028951009117, 51.68693271213111 ], [ 63.2625, 51.6875 ], [ 63.266666666666694, 51.6875 ], [ 63.267263454861137, 51.694731987847256 ], [ 63.278066677517387, 51.704696146647166 ], [ 63.282562255859403, 51.703274366590747 ], [ 63.28333333333336, 51.7 ], [ 63.285543823242215, 51.699432712131106 ], [ 63.290920003255231, 51.695266045464443 ], [ 63.29502224392364, 51.696840074327291 ], [ 63.296400621202281, 51.702210489908886 ], [ 63.2994327121311, 51.706122843424509 ], [ 63.300708346896727, 51.715779283311662 ], [ 63.306377156575543, 51.717233954535622 ], [ 63.310289510091174, 51.720266045464442 ], [ 63.323043823242216, 51.721400621202292 ], [ 63.32695617675784, 51.724432712131112 ], [ 63.331377156575549, 51.725567287868955 ], [ 63.343622843424505, 51.736932712131107 ], [ 63.34583333333336, 51.7375 ], [ 63.348257785373292, 51.737853325737881 ], [ 63.351742214626761, 51.741313340928855 ], [ 63.354166666666693, 51.741666666666703 ], [ 63.374239434136314, 51.742366875542565 ], [ 63.375866699218776, 51.763155449761321 ], [ 63.393788994683185, 51.761844550238749 ], [ 63.399754163954022, 51.757677883572079 ], [ 63.406288994683187, 51.758988783094651 ], [ 63.412254163954017, 51.763155449761321 ], [ 63.418788994683183, 51.761844550238749 ], [ 63.42475416395402, 51.757677883572079 ], [ 63.427122328016523, 51.758988783094651 ], [ 63.43125, 51.761871846516961 ], [ 63.437254163954023, 51.757677883572079 ], [ 63.439622328016519, 51.758988783094651 ], [ 63.445587497287356, 51.763155449761321 ], [ 63.457286919487871, 51.761722479926249 ], [ 63.458988783094647, 51.756211005316871 ], [ 63.461844550238744, 51.752122328016526 ], [ 63.46315544976131, 51.747877671983538 ], [ 63.466038682725724, 51.74375 ], [ 63.461844550238744, 51.737745836046038 ], [ 63.465163167317733, 51.731749979654978 ], [ 63.468711005316869, 51.729822116427982 ], [ 63.475, 51.7291666666667 ], [ 63.475353325737871, 51.722575547960105 ], [ 63.479519992404541, 51.718379550510015 ], [ 63.478813340928845, 51.701742214626769 ], [ 63.475353325737871, 51.698257785373293 ], [ 63.475, 51.679166666666703 ], [ 63.485757785373288, 51.678813340928855 ], [ 63.489242214626763, 51.675353325737881 ], [ 63.502424452039961, 51.674646674262185 ], [ 63.505908881293429, 51.671186659071211 ], [ 63.548257785373295, 51.670480007595515 ], [ 63.551742214626763, 51.667019992404548 ], [ 63.554166666666696, 51.6666666666667 ], [ 63.55359937879777, 51.664456176757845 ], [ 63.542233954535618, 51.652210489908889 ], [ 63.540771145290826, 51.646510484483542 ], [ 63.523043823242212, 51.629733954535624 ], [ 63.517249552408884, 51.628246900770428 ], [ 63.507766045464436, 51.617603895399334 ], [ 63.508900621202287, 51.610289510091178 ], [ 63.511932712131106, 51.606377156575554 ], [ 63.51306728786895, 51.601956176757845 ], [ 63.517233954535619, 51.596579996744822 ], [ 63.516099378797769, 51.581122843424509 ], [ 63.51306728786895, 51.577210489908886 ], [ 63.511649237738744, 51.571684265136753 ], [ 63.506122843424507, 51.570266045464443 ], [ 63.502210489908883, 51.567233954535624 ], [ 63.492554050021731, 51.5659581502279 ], [ 63.491666666666696, 51.5625 ], [ 63.492438083224854, 51.554938083224854 ], [ 63.506301540798638, 51.553523932562968 ], [ 63.510365125868084, 51.550642734103761 ], [ 63.522968207465304, 51.549357265896298 ], [ 63.535365125868083, 51.538142734103765 ], [ 63.541690063476587, 51.536238437228761 ], [ 63.54519042968753, 51.531301710340742 ], [ 63.545833333333363, 51.529166666666697 ], [ 63.548257785373295, 51.529519992404545 ], [ 63.55245361328128, 51.533686659071215 ], [ 63.556591118706628, 51.532980007595519 ], [ 63.560786946614613, 51.528813340928849 ], [ 63.564924452039961, 51.529519992404545 ], [ 63.568408881293429, 51.532980007595519 ], [ 63.583333333333364, 51.533333333333367 ], [ 63.585493638780406, 51.533950975206196 ], [ 63.591197374131973, 51.538117641872859 ], [ 63.597993638780409, 51.536882358127201 ], [ 63.602006361219644, 51.533950975206196 ], [ 63.614660305447075, 51.532715691460538 ], [ 63.61867302788631, 51.529784308539526 ], [ 63.622993638780407, 51.528549024793868 ], [ 63.628697374131974, 51.524382358127198 ], [ 63.63132697211374, 51.525617641872863 ], [ 63.645026991102455, 51.538117641872859 ], [ 63.64911939832902, 51.536413574218784 ], [ 63.650617472330758, 51.531173197428416 ], [ 63.657715861002629, 51.522993469238315 ], [ 63.659491984049509, 51.516780598958363 ], [ 63.664506361219644, 51.51311764187286 ], [ 63.682526312934058, 51.511794365776943 ], [ 63.684101698133709, 51.50097164577911 ], [ 63.689660305447077, 51.4993823581272 ], [ 63.695364040798637, 51.495215691460537 ], [ 63.70216030544708, 51.496450975206194 ], [ 63.706173027886315, 51.4993823581272 ], [ 63.708333333333364, 51.5 ], [ 63.708900621202282, 51.497789510091174 ], [ 63.713067287868952, 51.492413330078158 ], [ 63.711761135525201, 51.484213087293867 ], [ 63.706122843424509, 51.482766045464437 ], [ 63.702210489908886, 51.479733954535618 ], [ 63.693622843424507, 51.478599378797774 ], [ 63.689710489908883, 51.475567287868955 ], [ 63.685289510091174, 51.474432712131104 ], [ 63.68137715657555, 51.471400621202285 ], [ 63.6634938557943, 51.470201449924076 ], [ 63.654733954535615, 51.460543823242219 ], [ 63.654166666666697, 51.445833333333361 ], [ 63.660757785373292, 51.446186659071209 ], [ 63.664242214626768, 51.449646674262183 ], [ 63.666666666666693, 51.45 ], [ 63.678257581922772, 51.449376424153677 ], [ 63.680017428927982, 51.442517598470083 ], [ 63.688067287868954, 51.440451727973119 ], [ 63.686692301432316, 51.434195285373292 ], [ 63.683333333333358, 51.433333333333366 ], [ 63.683333333333358, 51.429166666666696 ], [ 63.68738606770836, 51.428007846408448 ], [ 63.691049194335967, 51.422993469238314 ], [ 63.692284138997422, 51.418673197428419 ], [ 63.69521586100263, 51.414660135904981 ], [ 63.696819729275205, 51.409050496419297 ], [ 63.710493638780413, 51.407715691460531 ], [ 63.714506361219648, 51.404784308539526 ], [ 63.732526312934056, 51.403461032443609 ], [ 63.734101698133706, 51.392638312445776 ], [ 63.739660305447075, 51.391049024793865 ], [ 63.743673027886317, 51.38811764187286 ], [ 63.75, 51.3875 ], [ 63.764710489908886, 51.388067287868957 ], [ 63.768622843424509, 51.391099378797776 ], [ 63.799086507161491, 51.392274136013484 ], [ 63.8, 51.395833333333364 ], [ 63.814710489908883, 51.396400621202289 ], [ 63.81875, 51.39953121609161 ], [ 63.822789510091177, 51.396400621202289 ], [ 63.856377156575547, 51.395266045464439 ], [ 63.861753336588571, 51.391099378797776 ], [ 63.866260782877632, 51.392828708224854 ], [ 63.878599378797773, 51.406122843424512 ], [ 63.879733954535624, 51.414710489908884 ], [ 63.882766045464436, 51.418622843424508 ], [ 63.884184095594648, 51.424149068196641 ], [ 63.8875, 51.425 ], [ 63.888350931803402, 51.428315734863311 ], [ 63.893877156575535, 51.429733954535621 ], [ 63.897789510091158, 51.43276604546444 ], [ 63.902210489908867, 51.433900621202284 ], [ 63.906122843424491, 51.43693271213111 ], [ 63.918877156575533, 51.438067287868954 ], [ 63.922789510091157, 51.441099378797773 ], [ 63.927210489908866, 51.442233954535624 ], [ 63.932586669921889, 51.446400621202287 ], [ 63.943877156575539, 51.445266045464443 ], [ 63.949253336588555, 51.441099378797773 ], [ 63.956377156575535, 51.442233954535624 ], [ 63.964456176757828, 51.449432712131106 ], [ 63.9730438232422, 51.450567287868957 ], [ 63.981122843424494, 51.457766045464439 ], [ 63.985543823242203, 51.458900621202289 ], [ 63.989456176757827, 51.461932712131109 ], [ 64.0, 51.4625 ], [ 64.000772603352885, 51.459219699435792 ], [ 64.00516594780818, 51.457851325141093 ], [ 64.011559210883263, 51.463029479980499 ], [ 64.031414964463991, 51.461970520019563 ], [ 64.036559210883269, 51.457803853352893 ], [ 64.05224829779732, 51.458862813313836 ], [ 64.05625, 51.462104119194912 ], [ 64.060251702202706, 51.458862813313836 ], [ 64.068914964463985, 51.457803853352893 ], [ 64.072751702202709, 51.454696146647166 ], [ 64.077248297797325, 51.45363718668623 ], [ 64.089418368869374, 51.442196146647163 ], [ 64.098081631130654, 51.441137186686227 ], [ 64.102083333333354, 51.437895880805151 ], [ 64.10608503553604, 51.441137186686227 ], [ 64.127248297797323, 51.442196146647163 ], [ 64.131085035536046, 51.445303853352897 ], [ 64.143914964463988, 51.446362813313833 ], [ 64.147751702202711, 51.44947052001956 ], [ 64.160581631130654, 51.450529479980503 ], [ 64.164418368869377, 51.45363718668623 ], [ 64.17724829779732, 51.454696146647166 ], [ 64.181085035536043, 51.457803853352893 ], [ 64.195833333333354, 51.458333333333364 ], [ 64.203364054361998, 51.457598198784751 ], [ 64.204960801866335, 51.446627468533016 ], [ 64.214660135904964, 51.445215691460533 ], [ 64.220364210340733, 51.44104902479387 ], [ 64.235493469238293, 51.442284308539527 ], [ 64.23950653076173, 51.445215691460533 ], [ 64.281326802571627, 51.44645097520619 ], [ 64.285339864095064, 51.449382358127203 ], [ 64.297993469238293, 51.45061764187286 ], [ 64.306173197428407, 51.457715691460535 ], [ 64.327160135904961, 51.458950975206193 ], [ 64.331173197428399, 51.461882358127198 ], [ 64.35632680257163, 51.463117641872863 ], [ 64.360339864095067, 51.466049024793868 ], [ 64.3625, 51.466666666666697 ], [ 64.363092888726143, 51.490749613444038 ], [ 64.369982401529967, 51.49251759847008 ], [ 64.371720716688387, 51.49929148356123 ], [ 64.381377156575539, 51.500567287868954 ], [ 64.38528951009117, 51.503599378797773 ], [ 64.391029018825975, 51.505072360568604 ], [ 64.392299397786473, 51.524020894368519 ], [ 64.397789510091158, 51.528599378797772 ], [ 64.402210489908867, 51.529733954535622 ], [ 64.410289510091161, 51.536932712131104 ], [ 64.4125, 51.5375 ], [ 64.431377156575536, 51.536932712131104 ], [ 64.436753336588566, 51.532766045464442 ], [ 64.443877156575539, 51.533900621202285 ], [ 64.453229437934041, 51.542233954535618 ], [ 64.460543823242205, 51.541099378797774 ], [ 64.464456176757835, 51.538067287868955 ], [ 64.468877156575545, 51.536932712131104 ], [ 64.472789510091161, 51.533900621202285 ], [ 64.478505452473982, 51.532433742947077 ], [ 64.479166666666686, 51.525 ], [ 64.50315229627823, 51.525590515136749 ], [ 64.507766045464422, 51.531122843424512 ], [ 64.508900621202272, 51.535543823242222 ], [ 64.511932712131099, 51.539456176757845 ], [ 64.513350931803402, 51.544982401529978 ], [ 64.518877156575542, 51.546400621202288 ], [ 64.524253336588558, 51.550567287868958 ], [ 64.532440863715294, 51.549263339572512 ], [ 64.53693271213109, 51.543877156575554 ], [ 64.5375, 51.5416666666667 ], [ 64.552210489908873, 51.541099378797774 ], [ 64.556122843424504, 51.538067287868955 ], [ 64.563246663411476, 51.536932712131104 ], [ 64.568622843424492, 51.541099378797774 ], [ 64.581377156575542, 51.542233954535618 ], [ 64.585289510091172, 51.545266045464444 ], [ 64.614710489908873, 51.546400621202288 ], [ 64.618622843424504, 51.549432712131107 ], [ 64.628279283311656, 51.550708516438831 ], [ 64.629166666666691, 51.554166666666696 ], [ 64.643801710340739, 51.553523932562968 ], [ 64.647864956325975, 51.550642734103761 ], [ 64.66183844672311, 51.549217393663227 ], [ 64.695190599229619, 51.514635043674076 ], [ 64.696611192491346, 51.500706990559927 ], [ 64.722968377007405, 51.4993572658963 ], [ 64.728844875759563, 51.49519059922963 ], [ 64.735468377007393, 51.496476067437094 ], [ 64.739531622992644, 51.4993572658963 ], [ 64.772968377007402, 51.500642734103764 ], [ 64.777031622992638, 51.503523932562963 ], [ 64.78333333333336, 51.504166666666698 ], [ 64.78971048990887, 51.503599378797773 ], [ 64.80732167561851, 51.486932712131107 ], [ 64.814710489908876, 51.488067287868958 ], [ 64.820086669921892, 51.492233954535621 ], [ 64.827210489908879, 51.49109937879777 ], [ 64.831122843424495, 51.488067287868958 ], [ 64.835543823242205, 51.486932712131107 ], [ 64.844896104600721, 51.478599378797774 ], [ 64.85221048990887, 51.479733954535618 ], [ 64.857586669921901, 51.483900621202288 ], [ 64.86054382324221, 51.482766045464437 ], [ 64.864456176757841, 51.479733954535618 ], [ 64.869982571072072, 51.478315734863315 ], [ 64.870833333333351, 51.475 ], [ 64.883333333333354, 51.475 ], [ 64.883900621202272, 51.485543823242217 ], [ 64.895266045464439, 51.497789510091174 ], [ 64.896400621202275, 51.502210489908883 ], [ 64.938234117296034, 51.544952392578153 ], [ 64.943877156575539, 51.546400621202288 ], [ 64.951956176757832, 51.553599378797777 ], [ 64.957482571072077, 51.55501759847008 ], [ 64.958333333333357, 51.558333333333366 ], [ 65.006591118706623, 51.557980007595518 ], [ 65.010075547960099, 51.554519992404543 ], [ 65.014924452039949, 51.553813340928848 ], [ 65.022575547960088, 51.546186659071211 ], [ 65.027424452039952, 51.545480007595515 ], [ 65.030908881293428, 51.542019992404548 ], [ 65.035757785373292, 51.541313340928852 ], [ 65.039242214626753, 51.537853325737878 ], [ 65.044121636284743, 51.537142266167564 ], [ 65.053813340928841, 51.527424452039959 ], [ 65.054519992404536, 51.518408881293432 ], [ 65.057980007595503, 51.514924452039963 ], [ 65.058333333333351, 51.5125 ], [ 65.081591118706626, 51.512146674262183 ], [ 65.085075547960088, 51.508686659071209 ], [ 65.09583333333336, 51.508333333333361 ], [ 65.098257785373292, 51.508686659071209 ], [ 65.101742214626753, 51.512146674262183 ], [ 65.106591118706618, 51.512853325737879 ], [ 65.110075547960093, 51.516313340928853 ], [ 65.1125, 51.516666666666694 ], [ 65.112853325737873, 51.519091118706626 ], [ 65.116313340928841, 51.522575547960102 ], [ 65.117019992404536, 51.527424452039959 ], [ 65.120480007595503, 51.530908881293435 ], [ 65.120833333333351, 51.533333333333367 ], [ 65.121720716688387, 51.536791483561231 ], [ 65.131377156575539, 51.538067287868955 ], [ 65.13528951009117, 51.541099378797774 ], [ 65.148043823242205, 51.542233954535618 ], [ 65.151956176757835, 51.545266045464444 ], [ 65.161612616644987, 51.546541849772169 ], [ 65.163067287868941, 51.552210489908887 ], [ 65.166099378797767, 51.556122843424511 ], [ 65.167634412977449, 51.562104119194913 ], [ 65.172789510091164, 51.566099378797773 ], [ 65.177210489908873, 51.567233954535624 ], [ 65.181122843424504, 51.570266045464443 ], [ 65.210543823242219, 51.571400621202287 ], [ 65.214456176757835, 51.574432712131106 ], [ 65.225, 51.575 ], [ 65.225567287868955, 51.581377156575556 ], [ 65.228599378797767, 51.585289510091179 ], [ 65.229733954535618, 51.589710489908889 ], [ 65.236932712131107, 51.597789510091175 ], [ 65.238350762261305, 51.603315734863315 ], [ 65.245172119140648, 51.605066257052982 ], [ 65.245833333333351, 51.6125 ], [ 65.25742424858943, 51.611876424153678 ], [ 65.258333333333354, 51.608333333333363 ], [ 65.259504530164961, 51.603769429524775 ], [ 65.272789510091172, 51.616099378797777 ], [ 65.277210489908882, 51.617233954535621 ], [ 65.281122843424498, 51.62026604546444 ], [ 65.286917114257832, 51.621753099229636 ], [ 65.29526604546443, 51.631122843424514 ], [ 65.296720716688398, 51.636791483561232 ], [ 65.30637715657555, 51.638067287868957 ], [ 65.310289510091167, 51.641099378797776 ], [ 65.3125, 51.641666666666701 ], [ 65.313067287868947, 51.639456176757847 ], [ 65.316099378797773, 51.635543823242216 ], [ 65.31788160536027, 51.628599378797773 ], [ 65.340756903754368, 51.629788377549943 ], [ 65.342554050021732, 51.636791483561232 ], [ 65.352210489908884, 51.638067287868957 ], [ 65.360289510091178, 51.645266045464439 ], [ 65.366666666666688, 51.645833333333364 ], [ 65.381377156575553, 51.646400621202289 ], [ 65.389456176757832, 51.653599378797779 ], [ 65.393877156575542, 51.654733954535622 ], [ 65.397789510091172, 51.657766045464442 ], [ 65.415687730577289, 51.658966064453153 ], [ 65.42026604546443, 51.664456176757845 ], [ 65.422048272026942, 51.671400621202288 ], [ 65.427210489908887, 51.670266045464444 ], [ 65.435289510091167, 51.663067287868955 ], [ 65.439710489908876, 51.661932712131112 ], [ 65.443622843424507, 51.658900621202292 ], [ 65.464710489908882, 51.657766045464442 ], [ 65.470086669921898, 51.653599378797779 ], [ 65.481377156575547, 51.654733954535622 ], [ 65.485416666666694, 51.657864549424943 ], [ 65.489456176757841, 51.654733954535622 ], [ 65.49387715657555, 51.653599378797779 ], [ 65.497916666666697, 51.650468783908451 ], [ 65.50208333333336, 51.65369788275828 ], [ 65.507586669921906, 51.649432712131109 ], [ 65.515787082248295, 51.650738694932755 ], [ 65.517881605360273, 51.658900621202292 ], [ 65.527210489908882, 51.657766045464442 ], [ 65.531122843424512, 51.654733954535622 ], [ 65.535543823242222, 51.653599378797779 ], [ 65.539456176757838, 51.650567287868952 ], [ 65.54911261664499, 51.649291483561228 ], [ 65.550567287868944, 51.643622843424509 ], [ 65.55359937879777, 51.639710489908886 ], [ 65.555017428927982, 51.634184265136753 ], [ 65.558333333333366, 51.633333333333368 ], [ 65.557715861002634, 51.618673197428414 ], [ 65.55478413899742, 51.614660135904977 ], [ 65.553549194335972, 51.610339864095081 ], [ 65.550617472330757, 51.606326802571644 ], [ 65.549382527669295, 51.602006530761749 ], [ 65.546450805664094, 51.597993469238311 ], [ 65.545127699110267, 51.579973687066001 ], [ 65.534305148654539, 51.578398471408448 ], [ 65.53333333333336, 51.575 ], [ 65.533686659071208, 51.572575547960099 ], [ 65.537146674262175, 51.569091118706631 ], [ 65.537853325737871, 51.560075547960103 ], [ 65.542019992404548, 51.555879550510014 ], [ 65.541313340928852, 51.551742214626771 ], [ 65.537853325737871, 51.548257785373295 ], [ 65.5375, 51.533333333333367 ], [ 65.53418409559464, 51.532482401529975 ], [ 65.532766045464442, 51.526956176757842 ], [ 65.504733954535624, 51.49804382324222 ], [ 65.503315904405412, 51.49251759847008 ], [ 65.496684095594645, 51.490815734863311 ], [ 65.495266045464433, 51.485289510091178 ], [ 65.467233954535615, 51.456377156575549 ], [ 65.466099378797765, 51.451956176757847 ], [ 65.458900621202289, 51.443877156575553 ], [ 65.458333333333357, 51.441666666666698 ], [ 65.459184095594651, 51.438350931803413 ], [ 65.464710489908882, 51.43693271213111 ], [ 65.472789510091175, 51.429733954535621 ], [ 65.477210489908884, 51.42859937879777 ], [ 65.497789510091167, 51.408900621202285 ], [ 65.5, 51.40833333333336 ], [ 65.5, 51.404166666666697 ], [ 65.510543823242216, 51.403599378797772 ], [ 65.514456176757847, 51.400567287868952 ], [ 65.543877156575547, 51.399432712131109 ], [ 65.547789510091178, 51.396400621202289 ], [ 65.577210489908879, 51.395266045464439 ], [ 65.581122843424509, 51.392233954535619 ], [ 65.589710489908882, 51.391099378797776 ], [ 65.593622843424512, 51.388067287868957 ], [ 65.599417114257847, 51.386580234103761 ], [ 65.607766045464444, 51.377210489908883 ], [ 65.609184095594642, 51.37168426513675 ], [ 65.6125, 51.370833333333366 ], [ 65.612853325737873, 51.360075547960101 ], [ 65.616313340928841, 51.356591118706625 ], [ 65.616666666666688, 51.3541666666667 ], [ 65.616666666666688, 51.35 ], [ 65.648257785373289, 51.349646674262182 ], [ 65.652453613281281, 51.345480007595512 ], [ 65.664924452039955, 51.346186659071208 ], [ 65.668408881293431, 51.349646674262182 ], [ 65.673257785373295, 51.350353325737878 ], [ 65.676742214626771, 51.353813340928852 ], [ 65.694091118706623, 51.354519992404541 ], [ 65.697575547960099, 51.357980007595515 ], [ 65.725, 51.358333333333363 ], [ 65.727424452039955, 51.357980007595515 ], [ 65.730908881293431, 51.354519992404541 ], [ 65.744091118706621, 51.353813340928852 ], [ 65.747575547960096, 51.350353325737878 ], [ 65.752424452039961, 51.349646674262182 ], [ 65.755908881293436, 51.346186659071208 ], [ 65.770833333333357, 51.34583333333336 ], [ 65.77414923773874, 51.344982401529975 ], [ 65.775, 51.341666666666697 ], [ 65.778521050347251, 51.340763176812096 ], [ 65.791099378797767, 51.327210489908886 ], [ 65.792566257052982, 51.321494547526072 ], [ 65.8, 51.320833333333361 ], [ 65.800567287868958, 51.306122843424511 ], [ 65.804733954535621, 51.300746663411488 ], [ 65.80359937879777, 51.285289510091175 ], [ 65.800567287868958, 51.281377156575552 ], [ 65.799149237738746, 51.275850931803411 ], [ 65.795833333333363, 51.275 ], [ 65.795266045464444, 51.268622843424509 ], [ 65.792233954535618, 51.264710489908886 ], [ 65.791099378797767, 51.260289510091177 ], [ 65.788067287868955, 51.256377156575553 ], [ 65.786932712131104, 51.239456176757841 ], [ 65.783900621202292, 51.235543823242217 ], [ 65.782766045464442, 51.231122843424508 ], [ 65.779733954535615, 51.227210489908884 ], [ 65.778458319769996, 51.217554050021732 ], [ 65.775, 51.216666666666697 ], [ 65.774646674262186, 51.189242214626766 ], [ 65.771186659071205, 51.185757785373291 ], [ 65.770833333333357, 51.175 ], [ 65.773257785373289, 51.174646674262178 ], [ 65.785075547960105, 51.162853325737878 ], [ 65.7875, 51.1625 ], [ 65.788272433810789, 51.159219699435795 ], [ 65.792665947808189, 51.157851325141088 ], [ 65.797751871744822, 51.161970520019558 ], [ 65.806414794921906, 51.163029479980494 ], [ 65.810416666666697, 51.16627078586157 ], [ 65.815726047092042, 51.161970520019558 ], [ 65.831414794921898, 51.163029479980494 ], [ 65.835251871744816, 51.166137186686228 ], [ 65.839748128255238, 51.167196146647164 ], [ 65.843585205078156, 51.170303853352891 ], [ 65.866666666666703, 51.170833333333363 ], [ 65.873257785373298, 51.170480007595515 ], [ 65.876742214626759, 51.167019992404541 ], [ 65.879166666666691, 51.166666666666693 ], [ 65.9, 51.166666666666693 ], [ 65.901209513346387, 51.162649875217042 ], [ 65.910365125868083, 51.15480957031253 ], [ 65.91880154079864, 51.153523763020864 ], [ 65.922865125868086, 51.15064290364586 ], [ 65.945067342122428, 51.149279446072079 ], [ 65.949357096354191, 51.143801540798641 ], [ 65.950642903645857, 51.135365125868084 ], [ 65.953523763020868, 51.131301540798638 ], [ 65.955196804470518, 51.125744967990478 ], [ 65.971083577473991, 51.124124484592045 ], [ 65.966023763020871, 51.116988457573811 ], [ 65.967494710286488, 51.104643079969648 ], [ 65.97703179253476, 51.096476236979193 ], [ 65.982588365342906, 51.094803195529543 ], [ 65.983976236979203, 51.081198459201417 ], [ 65.9868570963542, 51.077134874131971 ], [ 65.988142903645866, 51.072865125868084 ], [ 65.991023763020863, 51.068801540798638 ], [ 65.992309570312528, 51.064531792534751 ], [ 65.995190429687526, 51.060468207465306 ], [ 65.995833333333366, 51.05 ], [ 65.995480007595518, 51.047575547960093 ], [ 65.992019992404551, 51.044091118706625 ], [ 65.991666666666703, 51.041666666666693 ], [ 65.991666666666703, 51.0375 ], [ 65.989242214626771, 51.037146674262182 ], [ 65.985757785373295, 51.033686659071208 ], [ 65.980908881293431, 51.032980007595512 ], [ 65.977424452039955, 51.029519992404538 ], [ 65.975, 51.029166666666697 ], [ 65.974642266167564, 51.026712375217038 ], [ 65.960757785373289, 51.012853325737872 ], [ 65.958333333333371, 51.0125 ], [ 65.957766045464439, 51.01028951009117 ], [ 65.954733954535627, 51.006377156575546 ], [ 65.953599378797776, 50.989456176757841 ], [ 65.95056728786895, 50.985543823242217 ], [ 65.94929165310333, 50.975887383355058 ], [ 65.945833333333368, 50.975 ], [ 65.945833333333368, 50.9625 ], [ 65.95056728786895, 50.961285061306448 ], [ 65.949432712131113, 50.956122843424502 ], [ 65.945266045464436, 50.950746663411486 ], [ 65.946400621202287, 50.931122843424504 ], [ 65.953599378797776, 50.92304382324221 ], [ 65.954733954535627, 50.910289510091175 ], [ 65.95859781901045, 50.905303955078153 ], [ 65.951956176757847, 50.903599378797772 ], [ 65.948043823242216, 50.900567287868952 ], [ 65.945833333333368, 50.9 ], [ 65.946186659071216, 50.897575547960095 ], [ 65.949646674262183, 50.894091118706626 ], [ 65.95, 50.879166666666691 ], [ 65.953315904405414, 50.878315904405405 ], [ 65.954166666666694, 50.875 ], [ 65.973257785373292, 50.875353325737876 ], [ 65.976742214626768, 50.878813340928843 ], [ 65.981591118706632, 50.879519992404539 ], [ 65.985075547960093, 50.882980007595513 ], [ 65.994091118706635, 50.883686659071209 ], [ 65.997575547960096, 50.887146674262176 ], [ 66.002424452039961, 50.887853325737872 ], [ 66.006620279947953, 50.892019992404542 ], [ 66.014924452039963, 50.891313340928846 ], [ 66.018408881293439, 50.887853325737872 ], [ 66.048257785373295, 50.887146674262176 ], [ 66.052453613281287, 50.882980007595513 ], [ 66.056591118706635, 50.883686659071209 ], [ 66.060075547960096, 50.887146674262176 ], [ 66.0625, 50.8875 ], [ 66.068877156575539, 50.88806728786895 ], [ 66.072789510091155, 50.891099378797769 ], [ 66.078315734863295, 50.892517428927974 ], [ 66.07916666666668, 50.895833333333357 ], [ 66.081591118706612, 50.896186659071205 ], [ 66.085075547960088, 50.899646674262179 ], [ 66.0875, 50.9 ], [ 66.088420783148891, 50.896411810980929 ], [ 66.14166666666668, 50.895833333333357 ], [ 66.142019992404528, 50.893408881293432 ], [ 66.153813340928835, 50.881591118706623 ], [ 66.154166666666683, 50.879166666666691 ], [ 66.173257785373281, 50.879519992404539 ], [ 66.177453782823363, 50.883686659071209 ], [ 66.210757785373275, 50.882980007595513 ], [ 66.214242214626751, 50.879519992404539 ], [ 66.223257785373278, 50.878813340928843 ], [ 66.226742214626753, 50.875353325737876 ], [ 66.244119940863726, 50.874645657009573 ], [ 66.249646674262166, 50.869091118706621 ], [ 66.25, 50.866666666666696 ], [ 66.281591118706615, 50.866313340928848 ], [ 66.285075547960091, 50.862853325737873 ], [ 66.294091118706618, 50.862146674262178 ], [ 66.2982871161567, 50.857980007595515 ], [ 66.323257785373286, 50.858686659071203 ], [ 66.326742214626748, 50.862146674262178 ], [ 66.348257785373278, 50.862853325737873 ], [ 66.351742214626753, 50.866313340928848 ], [ 66.404166666666683, 50.866666666666696 ], [ 66.406591118706615, 50.866313340928848 ], [ 66.410075547960091, 50.862853325737873 ], [ 66.423257785373281, 50.862146674262178 ], [ 66.427453782823363, 50.857980007595515 ], [ 66.435757785373283, 50.858686659071203 ], [ 66.439583333333346, 50.862485419379368 ], [ 66.443408881293422, 50.858686659071203 ], [ 66.452424452039949, 50.857980007595515 ], [ 66.455908881293425, 50.854519992404541 ], [ 66.458333333333357, 50.854166666666693 ], [ 66.473257785373278, 50.853813340928845 ], [ 66.476742214626753, 50.850353325737871 ], [ 66.485757785373281, 50.849646674262175 ], [ 66.489242214626756, 50.846186659071208 ], [ 66.495833333333351, 50.84583333333336 ], [ 66.504166666666691, 50.84583333333336 ], [ 66.505017598470076, 50.842517428927977 ], [ 66.508333333333354, 50.84166666666669 ], [ 66.508691406250023, 50.839209662543425 ], [ 66.514242214626762, 50.833686659071205 ], [ 66.51666666666668, 50.833333333333357 ], [ 66.515815734863295, 50.830017428927974 ], [ 66.5125, 50.829166666666694 ], [ 66.512146674262169, 50.822575547960092 ], [ 66.500353325737862, 50.810757785373291 ], [ 66.499646674262166, 50.805908881293426 ], [ 66.496186659071199, 50.802424452039958 ], [ 66.495833333333351, 50.795833333333356 ], [ 66.493622843424504, 50.795266045464437 ], [ 66.489710489908873, 50.792233954535618 ], [ 66.484041849772154, 50.790779283311657 ], [ 66.482624816894557, 50.780054050021725 ], [ 66.479166666666686, 50.77916666666669 ], [ 66.478315734863301, 50.775850762261307 ], [ 66.475, 50.775 ], [ 66.474646674262175, 50.772575547960095 ], [ 66.467019992404531, 50.764924452039956 ], [ 66.466313340928835, 50.760075547960092 ], [ 66.462853325737868, 50.756591118706623 ], [ 66.462146674262172, 50.751742214626759 ], [ 66.450353325737865, 50.739924452039958 ], [ 66.449646674262169, 50.735075547960093 ], [ 66.446186659071202, 50.731591118706625 ], [ 66.445480007595506, 50.726742214626761 ], [ 66.442019992404539, 50.723257785373292 ], [ 66.441313340928843, 50.718408881293428 ], [ 66.429519992404536, 50.706591118706619 ], [ 66.429166666666688, 50.704166666666694 ], [ 66.432482401529967, 50.703315904405407 ], [ 66.434236823187959, 50.6964789496528 ], [ 66.44778951009117, 50.683900621202284 ], [ 66.464710489908867, 50.682766045464433 ], [ 66.476956176757838, 50.671400621202281 ], [ 66.48661261664499, 50.670124986436655 ], [ 66.488419765896282, 50.663082885742213 ], [ 66.497789510091167, 50.654733954535615 ], [ 66.540630425347246, 50.653574625651068 ], [ 66.553599378797756, 50.639710489908879 ], [ 66.555062188042555, 50.634010484483532 ], [ 66.57278951009117, 50.617233954535614 ], [ 66.575, 50.616666666666688 ], [ 66.575353325737865, 50.610075547960093 ], [ 66.582980007595509, 50.602424452039955 ], [ 66.583333333333357, 50.6 ], [ 66.585757785373289, 50.600353325737871 ], [ 66.589242214626751, 50.603813340928845 ], [ 66.616666666666688, 50.604166666666693 ], [ 66.633333333333354, 50.604166666666693 ], [ 66.635757785373286, 50.604519992404541 ], [ 66.639242214626762, 50.607980007595508 ], [ 66.652424452039952, 50.608686659071203 ], [ 66.655908881293428, 50.612146674262178 ], [ 66.685757785373283, 50.612853325737873 ], [ 66.689242214626759, 50.616313340928841 ], [ 66.70416666666668, 50.616666666666688 ], [ 66.708333333333357, 50.616666666666688 ], [ 66.709184265136741, 50.619982571072072 ], [ 66.714710489908882, 50.621400621202284 ], [ 66.718622843424498, 50.624432712131103 ], [ 66.723043823242207, 50.625567287868947 ], [ 66.726956176757838, 50.628599378797766 ], [ 66.73554382324221, 50.629733954535617 ], [ 66.739456176757827, 50.632766045464436 ], [ 66.756377156575539, 50.63390062120228 ], [ 66.76028951009117, 50.636932712131099 ], [ 66.773043823242205, 50.63806728786895 ], [ 66.781241183810778, 50.645371500651066 ], [ 66.785289510091161, 50.642233954535612 ], [ 66.792233954535618, 50.640451727973115 ], [ 66.791099378797767, 50.63528951009117 ], [ 66.78693271213109, 50.629913330078146 ], [ 66.788235473632838, 50.621732923719641 ], [ 66.799040391710093, 50.6119327121311 ], [ 66.802210489908873, 50.613067287868944 ], [ 66.806122843424504, 50.61609937879777 ], [ 66.848043823242207, 50.617233954535614 ], [ 66.861511908637169, 50.629733954535617 ], [ 66.881377156575539, 50.628599378797766 ], [ 66.88528951009117, 50.625567287868947 ], [ 66.895833333333357, 50.625 ], [ 66.896801079644121, 50.621229383680578 ], [ 66.901956176757835, 50.617233954535614 ], [ 66.911612616644987, 50.615958319769987 ], [ 66.9125, 50.6125 ], [ 66.91471048990887, 50.613067287868944 ], [ 66.91875, 50.616198052300369 ], [ 66.922789510091164, 50.613067287868944 ], [ 66.939710489908876, 50.6119327121311 ], [ 66.943622843424507, 50.608900621202281 ], [ 66.949149237738737, 50.607482571072069 ], [ 66.951214938693596, 50.599432712131097 ], [ 66.960543823242205, 50.600567287868948 ], [ 66.965920003255235, 50.604733954535611 ], [ 66.968877156575545, 50.603599378797767 ], [ 66.972789510091175, 50.600567287868948 ], [ 66.98554382324221, 50.599432712131097 ], [ 66.993622843424504, 50.592233954535615 ], [ 67.007348632812523, 50.591012912326413 ], [ 67.036932712131104, 50.560543823242213 ], [ 67.038419596354188, 50.554749552408879 ], [ 67.047789510091164, 50.546400621202281 ], [ 67.05, 50.545833333333356 ], [ 67.049149237738732, 50.542517428927972 ], [ 67.043622843424501, 50.541099378797767 ], [ 67.039710489908884, 50.538067287868948 ], [ 67.0375, 50.5375 ], [ 67.035289510091175, 50.536932712131097 ], [ 67.031377156575545, 50.533900621202278 ], [ 67.026956176757835, 50.532766045464435 ], [ 67.023043823242205, 50.529733954535615 ], [ 67.018622843424509, 50.528599378797765 ], [ 67.014710489908879, 50.525567287868945 ], [ 67.01028951009117, 50.524432712131102 ], [ 66.998043823242213, 50.51306728786895 ], [ 66.989456176757841, 50.511932712131099 ], [ 66.981377156575547, 50.50473395453561 ], [ 66.968622843424498, 50.503599378797766 ], [ 66.963467746310783, 50.499603949652801 ], [ 66.96164923773874, 50.492517428927975 ], [ 66.956122843424495, 50.491099378797763 ], [ 66.939710489908876, 50.475567287868948 ], [ 66.935289510091167, 50.474432712131097 ], [ 66.927210489908873, 50.467233954535615 ], [ 66.925, 50.46666666666669 ], [ 66.924032253689262, 50.462896050347247 ], [ 66.918877156575547, 50.458900621202282 ], [ 66.913350762261302, 50.45748257107207 ], [ 66.911932712131104, 50.451956176757832 ], [ 66.908900621202278, 50.448043823242209 ], [ 66.907482571072066, 50.442517428927971 ], [ 66.904166666666683, 50.441666666666691 ], [ 66.90475938585071, 50.417583889431448 ], [ 66.90833333333336, 50.416666666666686 ], [ 66.90833333333336, 50.408333333333353 ], [ 66.9125, 50.408333333333353 ], [ 66.913067287868941, 50.3811228434245 ], [ 66.916099378797767, 50.377210489908876 ], [ 66.917566257052968, 50.371494547526062 ], [ 66.925, 50.370833333333358 ], [ 66.925353325737873, 50.351742214626761 ], [ 66.928813340928841, 50.348257785373285 ], [ 66.929166666666688, 50.345833333333353 ], [ 66.922575547960093, 50.345480007595505 ], [ 66.914924452039955, 50.337853325737868 ], [ 66.9125, 50.3375 ], [ 66.905908881293428, 50.337146674262172 ], [ 66.892021348741338, 50.323284912109393 ], [ 66.891666666666694, 50.316666666666691 ], [ 66.894091118706626, 50.316313340928843 ], [ 66.897575547960088, 50.312853325737869 ], [ 66.902424452039952, 50.312146674262173 ], [ 66.90625, 50.308347913954016 ], [ 66.910786946614607, 50.312853325737869 ], [ 66.935757785373283, 50.312146674262173 ], [ 66.939242214626759, 50.308686659071199 ], [ 66.945833333333354, 50.308333333333351 ], [ 66.948081461588558, 50.307803683810782 ], [ 66.951918538411476, 50.304696316189258 ], [ 66.960581461588561, 50.303637017144119 ], [ 66.964418538411479, 50.300529649522588 ], [ 66.973081461588563, 50.299470350477449 ], [ 66.976918538411482, 50.296362982855925 ], [ 66.985581461588566, 50.295303683810786 ], [ 66.989418538411485, 50.292196316189255 ], [ 66.993914794921892, 50.291137017144116 ], [ 66.997751871744811, 50.288029649522592 ], [ 67.010581461588572, 50.286970350477453 ], [ 67.015726047092031, 50.282803683810783 ], [ 67.027248128255238, 50.283862982855922 ], [ 67.032392713758711, 50.288029649522592 ], [ 67.043914794921903, 50.286970350477453 ], [ 67.047751871744822, 50.283862982855922 ], [ 67.056414794921892, 50.282803683810783 ], [ 67.060251871744811, 50.279696316189259 ], [ 67.064748128255232, 50.278637017144121 ], [ 67.068585205078151, 50.275529649522589 ], [ 67.077248128255235, 50.274470350477451 ], [ 67.089418538411479, 50.263029649522593 ], [ 67.094946967230925, 50.261727566189258 ], [ 67.096315511067729, 50.257334052191858 ], [ 67.091137017144121, 50.250940619574671 ], [ 67.092196316189259, 50.231085205078145 ], [ 67.095303683810783, 50.227248128255226 ], [ 67.09583333333336, 50.208333333333357 ], [ 67.098257785373292, 50.207980007595509 ], [ 67.105908881293431, 50.200353325737865 ], [ 67.114954630533873, 50.199644300672766 ], [ 67.120480007595503, 50.194091118706616 ], [ 67.121186659071199, 50.180908881293426 ], [ 67.128813340928843, 50.173257785373281 ], [ 67.12952202690974, 50.164213731553836 ], [ 67.139242214626762, 50.154519992404531 ], [ 67.141666666666694, 50.15416666666669 ], [ 67.144982571072077, 50.153315904405403 ], [ 67.145833333333357, 50.15 ], [ 67.144982571072077, 50.146684095594637 ], [ 67.139456176757832, 50.145266045464432 ], [ 67.135543823242216, 50.142233954535612 ], [ 67.125887383355064, 50.140958319769986 ], [ 67.124432712131096, 50.13528951009117 ], [ 67.117233954535621, 50.127210489908876 ], [ 67.11609937879777, 50.122789510091167 ], [ 67.108900621202281, 50.114710489908873 ], [ 67.10776604546443, 50.110289510091164 ], [ 67.092233954535615, 50.093877156575537 ], [ 67.091666666666697, 50.091666666666683 ], [ 67.089242214626765, 50.091313340928842 ], [ 67.085757785373289, 50.087853325737868 ], [ 67.083333333333357, 50.0875 ], [ 67.084184095594637, 50.084184095594637 ], [ 67.0875, 50.08333333333335 ], [ 67.086612616644985, 50.079875013563388 ], [ 67.075887383355052, 50.078458319769986 ], [ 67.075, 50.075 ], [ 67.068408881293422, 50.074646674262169 ], [ 67.064924452039961, 50.071186659071202 ], [ 67.060075547960096, 50.070480007595506 ], [ 67.056591118706621, 50.067019992404532 ], [ 67.047575547960093, 50.066313340928836 ], [ 67.044091118706618, 50.062853325737869 ], [ 67.035075547960091, 50.062146674262173 ], [ 67.031591118706615, 50.058686659071199 ], [ 67.029166666666697, 50.058333333333351 ], [ 67.025, 50.058333333333366 ], [ 67.025353325737868, 50.051742214626771 ], [ 67.028813340928849, 50.048257785373302 ], [ 67.029166666666697, 50.04583333333337 ], [ 67.031623670789955, 50.045475260416701 ], [ 67.037146674262175, 50.039924452039969 ], [ 67.037853325737871, 50.035075547960105 ], [ 67.050353325737873, 50.022549777560798 ], [ 67.049646674262178, 49.993408881293441 ], [ 67.046186659071211, 49.989924452039965 ], [ 67.045480007595515, 49.985075547960108 ], [ 67.037513902452275, 49.977084011501773 ], [ 67.041313340928838, 49.973257785373299 ], [ 67.041666666666686, 49.954166666666701 ], [ 67.034298027886308, 49.953558349609409 ], [ 67.032803683810783, 49.949059210883284 ], [ 67.036970350477461, 49.943914964464007 ], [ 67.0375, 49.9375 ], [ 67.036612616644987, 49.934041849772171 ], [ 67.026956176757835, 49.932766045464447 ], [ 67.023043823242205, 49.929733954535621 ], [ 67.016099378797762, 49.927951727973124 ], [ 67.017233954535612, 49.922789510091178 ], [ 67.021400621202275, 49.917413330078162 ], [ 67.020164998372422, 49.905115932888492 ], [ 67.014710489908879, 49.900567287868959 ], [ 67.009029473198808, 49.899109395345086 ], [ 66.988067287868944, 49.87721048990889 ], [ 66.9875, 49.875 ], [ 66.989957004123283, 49.874641927083367 ], [ 66.995480007595503, 49.869091118706628 ], [ 66.996186659071199, 49.864242214626771 ], [ 67.008319769965297, 49.852084181043871 ], [ 67.004519992404539, 49.848257785373299 ], [ 67.003813340928843, 49.830908881293439 ], [ 66.996186659071199, 49.823257785373301 ], [ 66.995480007595503, 49.818408881293436 ], [ 66.992019992404536, 49.814924452039961 ], [ 66.991666666666688, 49.8125 ], [ 66.980908881293431, 49.812853325737883 ], [ 66.972917344835096, 49.820819430881109 ], [ 66.969091118706615, 49.817019992404546 ], [ 66.966666666666683, 49.816666666666698 ], [ 66.965557522243941, 49.812683444552988 ], [ 66.960506184895863, 49.808938429090745 ], [ 66.955074055989613, 49.807425774468349 ], [ 66.953216213650194, 49.800753445095516 ], [ 66.943660481770848, 49.799394904242654 ], [ 66.93967285156252, 49.796438429090742 ], [ 66.934086778428849, 49.794882880316877 ], [ 66.932728407118077, 49.785327317979636 ], [ 66.9256049262153, 49.777172682020435 ], [ 66.924395073784751, 49.772827317979633 ], [ 66.921438259548637, 49.768839348687102 ], [ 66.91986897786461, 49.763203260633716 ], [ 66.906160481770854, 49.761894904242652 ], [ 66.902172851562526, 49.758938429090747 ], [ 66.893660481770851, 49.757728237575989 ], [ 66.888040500217031, 49.753561570909319 ], [ 66.871688503689256, 49.754862297905852 ], [ 66.867271592881963, 49.76032731797963 ], [ 66.865472751193593, 49.766787380642391 ], [ 66.860416666666694, 49.763038804796039 ], [ 66.854707166883699, 49.76727176242408 ], [ 66.842491488986568, 49.765933566623296 ], [ 66.838105095757399, 49.760506015353769 ], [ 66.836171298556877, 49.753561570909319 ], [ 66.822827317979616, 49.754771762424078 ], [ 66.81720733642581, 49.758938429090747 ], [ 66.809105258517818, 49.757513427734409 ], [ 66.807557169596379, 49.746623399522605 ], [ 66.802172682020426, 49.742271762424075 ], [ 66.77173665364586, 49.741016642252639 ], [ 66.763105095757396, 49.731339348687101 ], [ 66.7625, 49.7291666666667 ], [ 66.767284308539516, 49.727798800998293 ], [ 66.766049024793858, 49.697839864095087 ], [ 66.757715691460518, 49.688236660427549 ], [ 66.75895097520619, 49.681173197428421 ], [ 66.763117641872853, 49.675469122992652 ], [ 66.761882358127195, 49.672839864095081 ], [ 66.757715691460518, 49.667135789659319 ], [ 66.759088643391948, 49.654950629340313 ], [ 66.764506530761736, 49.650617641872863 ], [ 66.770065138075111, 49.649028354220953 ], [ 66.771781921386733, 49.637232632107235 ], [ 66.77869754367407, 49.64228430853953 ], [ 66.818826802571635, 49.641049024793872 ], [ 66.827006530761736, 49.633950975206197 ], [ 66.835493469238301, 49.632715691460533 ], [ 66.839506530761739, 49.629784308539527 ], [ 66.85, 49.629166666666698 ], [ 66.850850762261302, 49.62585093180342 ], [ 66.854166666666686, 49.625 ], [ 66.861600409613743, 49.624338785807325 ], [ 66.863067287868944, 49.618622843424511 ], [ 66.870266045464433, 49.610543823242217 ], [ 66.870833333333351, 49.595833333333367 ], [ 66.870480007595503, 49.593408881293435 ], [ 66.867019992404536, 49.589924452039959 ], [ 66.86630859375002, 49.585043165418867 ], [ 66.860757785373281, 49.579519992404542 ], [ 66.858333333333348, 49.579166666666701 ], [ 66.858686659071196, 49.576742214626769 ], [ 66.862146674262178, 49.573257785373293 ], [ 66.8625, 49.570833333333368 ], [ 66.865958319769987, 49.569945949978333 ], [ 66.867370944552974, 49.559252760145434 ], [ 66.872789510091167, 49.554733954535621 ], [ 66.889710489908879, 49.553599378797777 ], [ 66.897789510091172, 49.546400621202288 ], [ 66.9, 49.545833333333363 ], [ 66.903280300564262, 49.545060729980499 ], [ 66.904648844401066, 49.540667385525204 ], [ 66.900529649522596, 49.535581631130675 ], [ 66.899470350477458, 49.531085035536059 ], [ 66.896362982855919, 49.527248297797343 ], [ 66.895303683810781, 49.522751702202726 ], [ 66.891137017144118, 49.517607455783448 ], [ 66.89267578125002, 49.512974039713569 ], [ 66.897751871744816, 49.508862813313833 ], [ 66.902248128255223, 49.507803853352897 ], [ 66.906085205078142, 49.504696146647163 ], [ 66.914748128255226, 49.503637186686227 ], [ 66.918585205078145, 49.5005294799805 ], [ 66.923081461588566, 49.499470520019564 ], [ 66.931085205078148, 49.492196146647167 ], [ 66.933333333333351, 49.491666666666696 ], [ 66.935543823242213, 49.49109937879777 ], [ 66.93958333333336, 49.48796878390845 ], [ 66.94375, 49.491197882758279 ], [ 66.947916666666686, 49.48796878390845 ], [ 66.951956176757832, 49.49109937879777 ], [ 66.964710489908882, 49.492233954535621 ], [ 66.968622843424498, 49.49526604546444 ], [ 66.974149237738743, 49.49668426513675 ], [ 66.975567287868941, 49.502210489908883 ], [ 66.978599378797767, 49.506122843424507 ], [ 66.979733954535618, 49.510543823242216 ], [ 66.986932712131093, 49.518622843424509 ], [ 66.988067287868944, 49.523043823242219 ], [ 66.99109937879777, 49.526956176757842 ], [ 66.992233954535607, 49.531377156575552 ], [ 66.999432712131096, 49.539456176757845 ], [ 67.000967746310792, 49.54543745252824 ], [ 67.006122843424507, 49.549432712131107 ], [ 67.014710489908879, 49.550567287868958 ], [ 67.018622843424509, 49.553599378797777 ], [ 67.027210489908882, 49.554733954535621 ], [ 67.035289510091175, 49.56193271213111 ], [ 67.041270616319466, 49.563467746310792 ], [ 67.04526604546443, 49.568622843424514 ], [ 67.046752929687528, 49.574417114257841 ], [ 67.056122843424504, 49.582766045464439 ], [ 67.058333333333351, 49.583333333333364 ], [ 67.059184095594645, 49.58664906819665 ], [ 67.064710489908876, 49.588067287868952 ], [ 67.068622843424507, 49.591099378797772 ], [ 67.077210489908879, 49.592233954535622 ], [ 67.081122843424509, 49.595266045464442 ], [ 67.085543823242205, 49.596400621202292 ], [ 67.091047498914961, 49.600990464952289 ], [ 67.092233954535615, 49.62304382324222 ], [ 67.096097819010438, 49.62802954779734 ], [ 67.091666666666697, 49.629166666666698 ], [ 67.092233954535615, 49.631377156575553 ], [ 67.095266045464427, 49.635289510091177 ], [ 67.096752929687526, 49.641083780924511 ], [ 67.107396104600724, 49.650567287868952 ], [ 67.11054382324221, 49.649432712131109 ], [ 67.115920003255226, 49.645266045464439 ], [ 67.124107530381963, 49.646569993760885 ], [ 67.128599378797773, 49.651956176757842 ], [ 67.130017428927971, 49.657482401529982 ], [ 67.133333333333354, 49.658333333333367 ], [ 67.152424452039952, 49.658686659071215 ], [ 67.155908881293428, 49.662146674262182 ], [ 67.175, 49.6625 ], [ 67.175617472330757, 49.660339864095086 ], [ 67.178549194335957, 49.656326802571648 ], [ 67.180254787868947, 49.650360276964008 ], [ 67.193673027886305, 49.63811764187286 ], [ 67.219984605577281, 49.636825561523466 ], [ 67.224382527669292, 49.63132680257165 ], [ 67.225802612304719, 49.621568467881978 ], [ 67.233333333333363, 49.620833333333366 ], [ 67.233333333333363, 49.6125 ], [ 67.233994547526066, 49.605066257052982 ], [ 67.239710489908873, 49.603599378797774 ], [ 67.243622843424504, 49.600567287868955 ], [ 67.245833333333351, 49.6 ], [ 67.245480007595518, 49.593408881293435 ], [ 67.237853325737873, 49.585757785373296 ], [ 67.237146674262178, 49.580908881293432 ], [ 67.233686659071211, 49.577424452039963 ], [ 67.232980007595515, 49.572575547960099 ], [ 67.229519992404533, 49.569091118706631 ], [ 67.229166666666686, 49.566666666666698 ], [ 67.231377156575547, 49.566099378797773 ], [ 67.235289510091164, 49.563067287868954 ], [ 67.239710489908873, 49.56193271213111 ], [ 67.243622843424504, 49.558900621202291 ], [ 67.253279283311656, 49.55762481689456 ], [ 67.255017428927971, 49.550850931803417 ], [ 67.260543823242216, 49.549432712131107 ], [ 67.272789510091172, 49.538067287868955 ], [ 67.29804382324221, 49.536932712131104 ], [ 67.301956176757841, 49.533900621202285 ], [ 67.307937282986131, 49.532365587022603 ], [ 67.311932712131096, 49.527210489908882 ], [ 67.3125, 49.525 ], [ 67.311892361111134, 49.509246656629806 ], [ 67.30359937879777, 49.507118394639789 ], [ 67.304733954535621, 49.501956176757844 ], [ 67.308900621202284, 49.496579996744821 ], [ 67.307766045464433, 49.489456176757841 ], [ 67.300567287868944, 49.481377156575554 ], [ 67.3, 49.470833333333367 ], [ 67.303315904405409, 49.469982401529975 ], [ 67.305134412977452, 49.462895880805149 ], [ 67.310289510091167, 49.458900621202289 ], [ 67.314710489908876, 49.457766045464439 ], [ 67.318622843424507, 49.454733954535619 ], [ 67.324603949652797, 49.453198920355931 ], [ 67.328599378797776, 49.448043823242216 ], [ 67.329733954535612, 49.443622843424507 ], [ 67.337038167317729, 49.435425482855933 ], [ 67.333900621202275, 49.43137715657555 ], [ 67.332766045464439, 49.426956176757841 ], [ 67.329733954535612, 49.423043823242217 ], [ 67.328599378797776, 49.418622843424508 ], [ 67.321400621202287, 49.410543823242215 ], [ 67.320833333333354, 49.40833333333336 ], [ 67.321732923719637, 49.404827880859408 ], [ 67.329166666666694, 49.404166666666697 ], [ 67.329822455512172, 49.396793111165394 ], [ 67.335289510091172, 49.392233954535619 ], [ 67.344945949978325, 49.390958150227895 ], [ 67.346400621202278, 49.385289510091177 ], [ 67.349432712131104, 49.381377156575553 ], [ 67.350567287868955, 49.376956176757844 ], [ 67.354431152343778, 49.371970452202717 ], [ 67.35, 49.370833333333366 ], [ 67.350567287868955, 49.360289510091178 ], [ 67.353599378797767, 49.356377156575547 ], [ 67.354804484049509, 49.33840569390194 ], [ 67.36054382324221, 49.336932712131109 ], [ 67.364456176757841, 49.333900621202289 ], [ 67.366666666666688, 49.333333333333364 ], [ 67.372955661349849, 49.332677883572075 ], [ 67.378920830620686, 49.328511216905412 ], [ 67.40628899468318, 49.329822116427984 ], [ 67.411665513780406, 49.333577473958364 ], [ 67.413232421875023, 49.313560485839872 ], [ 67.416666666666686, 49.3125 ], [ 67.416666666666686, 49.308333333333366 ], [ 67.417517428927979, 49.30501759847008 ], [ 67.420833333333363, 49.304166666666696 ], [ 67.436586507161479, 49.303559197319906 ], [ 67.438663058810789, 49.295467461480065 ], [ 67.44778951009117, 49.30359937879777 ], [ 67.461600409613737, 49.304827880859406 ], [ 67.463067287868952, 49.310543823242213 ], [ 67.467062717013917, 49.315698920355935 ], [ 67.473043823242207, 49.317233954535617 ], [ 67.476956176757838, 49.320266045464436 ], [ 67.507419840494819, 49.321440802680151 ], [ 67.508333333333354, 49.325 ], [ 67.535493638780409, 49.324382358127203 ], [ 67.53958977593318, 49.32138994004994 ], [ 67.549263170030414, 49.329784308539523 ], [ 67.565843370225721, 49.32845408121748 ], [ 67.5743825276693, 49.318826802571643 ], [ 67.575999620225716, 49.30771569146053 ], [ 67.618826972113737, 49.308950975206194 ], [ 67.622839694552979, 49.3118823581272 ], [ 67.633333333333354, 49.3125 ], [ 67.63422071668839, 49.315958150227893 ], [ 67.644945949978322, 49.317375183105497 ], [ 67.646400621202289, 49.323043823242216 ], [ 67.6509195963542, 49.328462388780409 ], [ 67.660543823242222, 49.329733954535619 ], [ 67.67020161946617, 49.338493855794297 ], [ 67.671400621202281, 49.356377156575547 ], [ 67.675396050347246, 49.361532253689269 ], [ 67.68137715657555, 49.363067287868951 ], [ 67.685289510091181, 49.36609937879777 ], [ 67.690815904405412, 49.36751759847008 ], [ 67.691666666666691, 49.370833333333366 ], [ 67.695833333333368, 49.370833333333366 ], [ 67.7, 49.370833333333366 ], [ 67.7, 49.366666666666696 ], [ 67.706377156575556, 49.36609937879777 ], [ 67.710289510091172, 49.363067287868951 ], [ 67.718877156575545, 49.361932712131107 ], [ 67.722789510091175, 49.358900621202288 ], [ 67.731377156575547, 49.357766045464437 ], [ 67.735289510091178, 49.354733954535618 ], [ 67.739710489908887, 49.353599378797774 ], [ 67.743622843424504, 49.350567287868955 ], [ 67.75221048990889, 49.349432712131104 ], [ 67.756122843424507, 49.346400621202285 ], [ 67.764710489908879, 49.345266045464442 ], [ 67.772789510091172, 49.338067287868952 ], [ 67.782445949978325, 49.336791483561228 ], [ 67.784301079644123, 49.329562547471816 ], [ 67.789456176757838, 49.32556728786895 ], [ 67.793877156575547, 49.324432712131106 ], [ 67.797789510091178, 49.321400621202287 ], [ 67.802210489908887, 49.320266045464436 ], [ 67.814456176757844, 49.308900621202284 ], [ 67.818877156575553, 49.30776604546444 ], [ 67.82278951009117, 49.304733954535621 ], [ 67.839710489908882, 49.30359937879777 ], [ 67.843622843424512, 49.300567287868951 ], [ 67.86887715657555, 49.299432712131107 ], [ 67.872789510091181, 49.296400621202288 ], [ 67.87721048990889, 49.295266045464437 ], [ 67.881122843424507, 49.292233954535618 ], [ 67.890779283311659, 49.290958150227894 ], [ 67.891666666666694, 49.2875 ], [ 67.891099378797776, 49.281122843424505 ], [ 67.88806728786895, 49.277210489908882 ], [ 67.886932712131113, 49.26445617675784 ], [ 67.883900621202287, 49.260543823242216 ], [ 67.882677544487876, 49.246793111165395 ], [ 67.87721048990889, 49.242233954535621 ], [ 67.871684095594645, 49.240815734863311 ], [ 67.870833333333366, 49.2375 ], [ 67.898257785373289, 49.237146674262185 ], [ 67.901742214626765, 49.233686659071211 ], [ 67.939924452039961, 49.232980007595515 ], [ 67.943408881293436, 49.229519992404541 ], [ 67.948257785373301, 49.228813340928845 ], [ 67.952453613281278, 49.224646674262182 ], [ 67.956591118706626, 49.225353325737878 ], [ 67.960786946614618, 49.229519992404541 ], [ 67.964955986870692, 49.228807915581626 ], [ 67.974646674262189, 49.219091118706629 ], [ 67.975, 49.2125 ], [ 67.975, 49.208333333333364 ], [ 67.975, 49.204166666666694 ], [ 67.9625, 49.204166666666694 ], [ 67.958516777886317, 49.203057522243952 ], [ 67.95356174045142, 49.196374003092473 ], [ 67.954771592881968, 49.19366065131296 ], [ 67.957794528537363, 49.18958333333336 ], [ 67.95356174045142, 49.183874003092477 ], [ 67.955168660481803, 49.174737040201848 ], [ 67.960416666666703, 49.178627861870687 ], [ 67.964493815104191, 49.175605095757405 ], [ 67.971438259548648, 49.173671298556883 ], [ 67.970228407118086, 49.143660481770858 ], [ 67.967271592881971, 49.13967285156253 ], [ 67.966666666666697, 49.1375 ], [ 67.968877156575559, 49.136932712131106 ], [ 67.972789510091175, 49.133900621202287 ], [ 67.989710489908887, 49.132766045464436 ], [ 67.993622843424504, 49.129733954535617 ], [ 68.00221048990889, 49.128599378797773 ], [ 68.006122843424507, 49.125567287868954 ], [ 68.018877156575556, 49.124432712131103 ], [ 68.022789510091172, 49.121400621202284 ], [ 68.039710489908884, 49.12026604546444 ], [ 68.043622843424515, 49.117233954535621 ], [ 68.060543823242213, 49.11609937879777 ], [ 68.064456176757844, 49.113067287868951 ], [ 68.074112616644996, 49.111791653103325 ], [ 68.075, 49.108333333333363 ], [ 68.082433742947075, 49.107672119140652 ], [ 68.083333333333357, 49.104166666666693 ], [ 68.106377156575547, 49.104733954535618 ], [ 68.110289510091164, 49.107766045464437 ], [ 68.114710489908873, 49.108900621202281 ], [ 68.118622843424504, 49.111932712131107 ], [ 68.128279283311656, 49.113208346896727 ], [ 68.130134412977455, 49.120437282986138 ], [ 68.136753336588569, 49.125567287868954 ], [ 68.156377156575545, 49.124432712131103 ], [ 68.161753336588561, 49.12026604546444 ], [ 68.193877156575539, 49.121400621202284 ], [ 68.19778951009117, 49.124432712131103 ], [ 68.214710489908882, 49.125567287868954 ], [ 68.224062771267384, 49.133900621202287 ], [ 68.231377156575547, 49.132766045464436 ], [ 68.236753336588563, 49.128599378797773 ], [ 68.239710489908873, 49.129733954535617 ], [ 68.243622843424504, 49.132766045464436 ], [ 68.249291483561223, 49.134220716688397 ], [ 68.250704277886314, 49.144913736979191 ], [ 68.256122843424507, 49.149432712131102 ], [ 68.264710489908879, 49.150567287868952 ], [ 68.26875, 49.153698052300378 ], [ 68.274253336588572, 49.149432712131102 ], [ 68.277210489908882, 49.150567287868952 ], [ 68.282586669921898, 49.154733954535615 ], [ 68.290774197048634, 49.153429836697079 ], [ 68.29526604546443, 49.148043823242219 ], [ 68.295833333333363, 49.145833333333364 ], [ 68.314924452039961, 49.146186659071205 ], [ 68.322575547960099, 49.153813340928849 ], [ 68.341666666666697, 49.154166666666697 ], [ 68.34287618001305, 49.150044759114614 ], [ 68.349603780110698, 49.145202975802981 ], [ 68.36881425645619, 49.14646369086374 ], [ 68.374603780110704, 49.15063035753041 ], [ 68.381314256456193, 49.149369642469644 ], [ 68.387103780110706, 49.145202975802981 ], [ 68.399679904513917, 49.146660359700547 ], [ 68.403536478678404, 49.1520192464193 ], [ 68.40513068305124, 49.162721591525639 ], [ 68.412103780110698, 49.157703145345081 ], [ 68.432314893934489, 49.159029134114611 ], [ 68.433963521321644, 49.164647589789524 ], [ 68.43686981201175, 49.168685743543868 ], [ 68.43820563422311, 49.190902540418868 ], [ 68.451884799533445, 49.192296854654977 ], [ 68.461869812011741, 49.18131425645619 ], [ 68.463130187988313, 49.177019076877201 ], [ 68.466036478678404, 49.172980923122857 ], [ 68.467612033420167, 49.16761203342017 ], [ 68.472980923122861, 49.166036478678414 ], [ 68.481185743543861, 49.158963521321645 ], [ 68.48548092312285, 49.157703145345081 ], [ 68.489519076877201, 49.15479702419708 ], [ 68.495833333333366, 49.154166666666697 ], [ 68.495165337456626, 49.147890218098986 ], [ 68.49231635199655, 49.14375 ], [ 68.495165337456626, 49.139609781901072 ], [ 68.496501329210091, 49.114556884765655 ], [ 68.499332004123289, 49.110443115234403 ], [ 68.50074005126956, 49.084039645724857 ], [ 68.525, 49.083333333333364 ], [ 68.548257785373295, 49.082980007595516 ], [ 68.551742214626756, 49.079519992404542 ], [ 68.579166666666694, 49.079166666666694 ], [ 68.598257785373292, 49.078813340928846 ], [ 68.605908881293431, 49.071186659071209 ], [ 68.614924452039958, 49.070480007595513 ], [ 68.618408881293433, 49.067019992404539 ], [ 68.631591118706623, 49.066313340928843 ], [ 68.635075547960099, 49.062853325737876 ], [ 68.639924452039963, 49.062146674262181 ], [ 68.643408881293425, 49.058686659071206 ], [ 68.65, 49.058333333333358 ], [ 68.650909254286049, 49.05479024251305 ], [ 68.6625, 49.054166666666696 ], [ 68.662857733832496, 49.056620958116348 ], [ 68.676742214626756, 49.070480007595513 ], [ 68.679166666666688, 49.070833333333361 ], [ 68.679733954535621, 49.081377156575549 ], [ 68.682766045464433, 49.085289510091172 ], [ 68.684232923719648, 49.091005452473986 ], [ 68.698043823242216, 49.092233954535615 ], [ 68.707678561740479, 49.10097283257381 ], [ 68.708333333333357, 49.108333333333363 ], [ 68.727210489908884, 49.108900621202281 ], [ 68.731122843424501, 49.111932712131107 ], [ 68.739710489908887, 49.113067287868951 ], [ 68.743622843424504, 49.11609937879777 ], [ 68.761594306098118, 49.117304484049505 ], [ 68.7625, 49.120833333333358 ], [ 68.764924452039963, 49.121186659071206 ], [ 68.769120449490046, 49.125353325737876 ], [ 68.777424452039952, 49.124646674262181 ], [ 68.78125, 49.120847913954023 ], [ 68.785787116156712, 49.125353325737876 ], [ 68.798257785373295, 49.124646674262181 ], [ 68.801742214626771, 49.121186659071206 ], [ 68.808333333333366, 49.120833333333358 ], [ 68.814635043674073, 49.120190429687526 ], [ 68.818698289659324, 49.117309570312528 ], [ 68.822968377007413, 49.116023763020863 ], [ 68.827031622992649, 49.113142903645858 ], [ 68.839635043674079, 49.111857096354193 ], [ 68.847865125868083, 49.104809570312526 ], [ 68.852134874131977, 49.10352376302086 ], [ 68.864577229817741, 49.092268541124156 ], [ 68.869539388020868, 49.095786878797767 ], [ 68.874357096354203, 49.089634874131974 ], [ 68.875964355468781, 49.08429768880211 ], [ 68.881301540798646, 49.082690429687531 ], [ 68.885365125868091, 49.079809570312527 ], [ 68.9104682074653, 49.078523763020861 ], [ 68.918698459201423, 49.071476236979194 ], [ 68.932660929362015, 49.070051744249156 ], [ 68.933333333333366, 49.041666666666693 ], [ 68.934184095594645, 49.03835076226131 ], [ 68.9375, 49.0375 ], [ 68.93971048990889, 49.038067287868948 ], [ 68.94375, 49.041198052300373 ], [ 68.9479166666667, 49.037968614366349 ], [ 68.953420003255232, 49.042233954535618 ], [ 68.964710489908882, 49.041099378797767 ], [ 68.968622843424512, 49.038067287868948 ], [ 68.978279283311664, 49.036791653103329 ], [ 68.980017428927979, 49.030017428927977 ], [ 68.98554382324221, 49.028599378797772 ], [ 68.989456176757841, 49.025567287868952 ], [ 68.991666666666703, 49.025 ], [ 68.99228413899742, 49.027160305447076 ], [ 68.995215861002634, 49.031173027886311 ], [ 68.996640353732673, 49.040961032443604 ], [ 69.01466030544708, 49.042284138997424 ], [ 69.035339694552988, 49.061882527669297 ], [ 69.039660305447086, 49.063117472330759 ], [ 69.043673027886314, 49.066049194335967 ], [ 69.05, 49.066666666666691 ], [ 69.056591118706621, 49.066313340928843 ], [ 69.060075547960096, 49.062853325737876 ], [ 69.070833333333368, 49.0625 ], [ 69.071970621744825, 49.05806884765628 ], [ 69.078420003255246, 49.063067287868954 ], [ 69.093877156575559, 49.061932712131103 ], [ 69.097789510091175, 49.058900621202284 ], [ 69.125, 49.058333333333358 ], [ 69.125967746310792, 49.054562717013916 ], [ 69.13125, 49.050468614366345 ], [ 69.136753336588569, 49.054733954535621 ], [ 69.143877156575556, 49.05359937879777 ], [ 69.147789510091172, 49.050567287868951 ], [ 69.153315904405417, 49.049149237738746 ], [ 69.15507236056861, 49.042304484049509 ], [ 69.173043823242224, 49.041099378797767 ], [ 69.185289510091181, 49.029733954535615 ], [ 69.193877156575553, 49.028599378797772 ], [ 69.201956176757847, 49.021400621202282 ], [ 69.206377156575556, 49.020266045464439 ], [ 69.210289510091172, 49.017233954535619 ], [ 69.214710489908882, 49.016099378797769 ], [ 69.235289510091178, 48.996400621202284 ], [ 69.2375, 48.995833333333358 ], [ 69.238714938693604, 49.000567287868954 ], [ 69.256377156575553, 48.999432712131103 ], [ 69.260289510091184, 48.996400621202284 ], [ 69.266666666666694, 48.995833333333358 ], [ 69.269091118706626, 48.995480007595511 ], [ 69.272575547960102, 48.992019992404543 ], [ 69.275, 48.991666666666696 ], [ 69.275, 49.020833333333357 ], [ 69.274470350477458, 49.031414794921901 ], [ 69.270303683810795, 49.036559380425373 ], [ 69.272175767686662, 49.042196316189262 ], [ 69.285581461588578, 49.041137017144123 ], [ 69.289418538411496, 49.038029649522599 ], [ 69.2916666666667, 49.0375 ], [ 69.306326972113752, 49.036882527669299 ], [ 69.310339694552979, 49.033950805664091 ], [ 69.314660305447077, 49.032715861002629 ], [ 69.322839694552982, 49.025617472330758 ], [ 69.32716030544708, 49.024382527669296 ], [ 69.33286404079864, 49.020215861002633 ], [ 69.339660305447083, 49.021450805664088 ], [ 69.345364040798643, 49.025617472330758 ], [ 69.356326972113749, 49.024382527669296 ], [ 69.360416666666694, 49.021394856770861 ], [ 69.364506361219654, 49.024382527669296 ], [ 69.378364054362009, 49.02573513454864 ], [ 69.379935031467042, 49.036528184678843 ], [ 69.383333333333368, 49.0375 ], [ 69.389924452039963, 49.037853325737871 ], [ 69.394120279947956, 49.042019992404541 ], [ 69.406591118706629, 49.041313340928845 ], [ 69.414242214626768, 49.033686659071208 ], [ 69.425, 49.03333333333336 ], [ 69.425907389322944, 49.030074055989608 ], [ 69.43296407063805, 49.028109063042564 ], [ 69.441061740451417, 49.018839518229193 ], [ 69.442775811089447, 49.012683444552977 ], [ 69.44782714843754, 49.008938259548636 ], [ 69.4563395182292, 49.00772840711808 ], [ 69.461959499783021, 49.003561740451417 ], [ 69.473006184895866, 49.004771592881973 ], [ 69.478626166449686, 49.008938259548636 ], [ 69.48682827419708, 49.007495795355929 ], [ 69.488169352213575, 48.984209526909751 ], [ 69.493660481770874, 48.979771592881974 ], [ 69.502172851562534, 48.978561740451418 ], [ 69.507792833116355, 48.974395073784748 ], [ 69.510506184895874, 48.975604926215304 ], [ 69.520045979817738, 48.983938259548637 ], [ 69.536530558268268, 48.982648044162353 ], [ 69.538407389322956, 48.975907389322941 ], [ 69.544925944010458, 48.974092610677111 ], [ 69.546438259548651, 48.968660481770861 ], [ 69.549395073784751, 48.964672851562526 ], [ 69.55, 48.95 ], [ 69.554166666666703, 48.95 ], [ 69.555054050021738, 48.953458319769993 ], [ 69.56471048990889, 48.954733954535619 ], [ 69.568622843424521, 48.957766045464439 ], [ 69.577210489908893, 48.958900621202282 ], [ 69.581122843424509, 48.961932712131102 ], [ 69.588246663411496, 48.963067287868952 ], [ 69.593754747178849, 48.958798556857666 ], [ 69.599344211154545, 48.963459947374162 ], [ 69.600567287868955, 48.977210489908884 ], [ 69.60456271701392, 48.982365587022599 ], [ 69.611901516384577, 48.984248860677113 ], [ 69.6125, 49.004166666666691 ], [ 69.635543823242216, 49.004733954535617 ], [ 69.639456176757847, 49.007766045464436 ], [ 69.643877156575556, 49.008900621202287 ], [ 69.647789510091187, 49.011932712131106 ], [ 69.656377156575559, 49.01306728786895 ], [ 69.660289510091175, 49.016099378797769 ], [ 69.674100409613757, 49.017327880859405 ], [ 69.676137288411496, 49.025264485677113 ], [ 69.682196044921909, 49.020568847656278 ], [ 69.683900621202298, 49.027210489908882 ], [ 69.69526604546445, 49.039456176757838 ], [ 69.696400621202287, 49.05637715657555 ], [ 69.699432712131113, 49.060289510091174 ], [ 69.700887383355067, 49.06595831976999 ], [ 69.710543823242219, 49.067233954535617 ], [ 69.726956176757852, 49.082766045464439 ], [ 69.733333333333363, 49.083333333333364 ], [ 69.74387715657555, 49.082766045464439 ], [ 69.747789510091181, 49.079733954535619 ], [ 69.765451727973129, 49.078599378797769 ], [ 69.766666666666708, 49.083333333333364 ], [ 69.777424452039966, 49.082980007595516 ], [ 69.780908881293442, 49.079519992404542 ], [ 69.783333333333374, 49.079166666666694 ], [ 69.784184095594654, 49.075850762261311 ], [ 69.7875, 49.075 ], [ 69.788067287868955, 49.077210489908879 ], [ 69.791099378797782, 49.081122843424509 ], [ 69.792233954535632, 49.089710489908882 ], [ 69.799432712131107, 49.097789510091175 ], [ 69.800637817382849, 49.115760972764782 ], [ 69.807482571072086, 49.117517428927982 ], [ 69.808900621202298, 49.123043823242213 ], [ 69.812896050347263, 49.128198920355928 ], [ 69.818877156575553, 49.129733954535617 ], [ 69.822789510091184, 49.132766045464436 ], [ 69.827210489908893, 49.133900621202287 ], [ 69.836580403645868, 49.142249552408884 ], [ 69.8375, 49.145833333333364 ], [ 69.839924452039966, 49.146186659071205 ], [ 69.84375, 49.149985419379369 ], [ 69.847575547960105, 49.146186659071205 ], [ 69.85, 49.145833333333364 ], [ 69.852210489908884, 49.145266045464439 ], [ 69.856122843424515, 49.142233954535619 ], [ 69.860543823242224, 49.141099378797769 ], [ 69.864456176757855, 49.13806728786895 ], [ 69.870437282986146, 49.136532253689268 ], [ 69.87443271213111, 49.131377156575546 ], [ 69.875903659396741, 49.125645616319474 ], [ 69.889456176757847, 49.113067287868951 ], [ 69.898043823242219, 49.111932712131107 ], [ 69.906122843424512, 49.104733954535618 ], [ 69.910543823242222, 49.103599378797767 ], [ 69.914456176757852, 49.100567287868948 ], [ 69.923043823242224, 49.099432712131104 ], [ 69.931122843424518, 49.092233954535615 ], [ 69.936791653103342, 49.090779283311662 ], [ 69.938208346896744, 49.080054050021729 ], [ 69.941666666666706, 49.079166666666694 ], [ 69.95659111870664, 49.078813340928846 ], [ 69.960416666666703, 49.075014580620689 ], [ 69.964242214626779, 49.078813340928846 ], [ 69.991666666666688, 49.079166666666694 ], [ 69.992578294542128, 49.082719251844644 ], [ 70.018877156575542, 49.083900621202282 ], [ 70.022916666666688, 49.087031385633708 ], [ 70.026956176757835, 49.083900621202282 ], [ 70.048785061306447, 49.082766045464439 ], [ 70.050567287868944, 49.089710489908882 ], [ 70.053697882758271, 49.09375 ], [ 70.050567287868944, 49.097789510091175 ], [ 70.049432712131093, 49.129913330078153 ], [ 70.054562547471818, 49.136532253689268 ], [ 70.060543823242213, 49.13806728786895 ], [ 70.06445617675783, 49.141099378797769 ], [ 70.068877156575539, 49.142233954535619 ], [ 70.074344041612434, 49.146793280707492 ], [ 70.075, 49.154166666666697 ], [ 70.081377156575542, 49.153599378797772 ], [ 70.085289510091172, 49.150567287868952 ], [ 70.089710489908882, 49.149432712131102 ], [ 70.093622843424498, 49.146400621202282 ], [ 70.098043823242207, 49.145266045464439 ], [ 70.101956176757838, 49.142233954535619 ], [ 70.11161261664499, 49.140958319769993 ], [ 70.113467746310789, 49.133729383680581 ], [ 70.120086669921903, 49.128599378797773 ], [ 70.123043823242213, 49.129733954535617 ], [ 70.12695617675783, 49.132766045464436 ], [ 70.139710489908879, 49.133900621202287 ], [ 70.145086669921895, 49.13806728786895 ], [ 70.156377156575545, 49.136932712131106 ], [ 70.160289510091175, 49.133900621202287 ], [ 70.170833333333363, 49.133333333333361 ], [ 70.171801079644126, 49.129562717013918 ], [ 70.176956176757841, 49.125567287868954 ], [ 70.18137715657555, 49.124432712131103 ], [ 70.185289510091167, 49.121400621202284 ], [ 70.207424079047328, 49.120209757487004 ], [ 70.208333333333357, 49.116666666666696 ], [ 70.210757785373289, 49.117019992404543 ], [ 70.222575547960091, 49.128813340928851 ], [ 70.231591118706618, 49.129519992404539 ], [ 70.235075547960093, 49.132980007595513 ], [ 70.245833333333351, 49.133333333333361 ], [ 70.24619140625002, 49.135790337456626 ], [ 70.251742214626759, 49.141313340928846 ], [ 70.256591118706623, 49.142019992404542 ], [ 70.264242214626762, 49.149646674262179 ], [ 70.269091118706626, 49.150353325737875 ], [ 70.273287116156709, 49.154519992404545 ], [ 70.281591118706615, 49.153813340928849 ], [ 70.285075547960091, 49.150353325737875 ], [ 70.291666666666686, 49.15 ], [ 70.292019992404533, 49.160757785373292 ], [ 70.295480007595515, 49.164242214626768 ], [ 70.296191067165822, 49.169121805826848 ], [ 70.305908881293433, 49.178813340928848 ], [ 70.316666666666691, 49.179166666666696 ], [ 70.316313340928843, 49.194091118706623 ], [ 70.304519992404536, 49.205908881293432 ], [ 70.304166666666688, 49.2125 ], [ 70.308333333333351, 49.2125 ], [ 70.310543823242213, 49.213067287868952 ], [ 70.314456176757844, 49.216099378797772 ], [ 70.31998240152997, 49.217517598470081 ], [ 70.322048272026933, 49.225567287868955 ], [ 70.331377156575542, 49.224432712131104 ], [ 70.335289510091172, 49.221400621202285 ], [ 70.343877156575545, 49.220266045464442 ], [ 70.347789510091175, 49.217233954535615 ], [ 70.389710489908879, 49.216099378797772 ], [ 70.39375, 49.212968783908451 ], [ 70.397789510091172, 49.216099378797772 ], [ 70.402210489908882, 49.217233954535615 ], [ 70.406122843424498, 49.220266045464442 ], [ 70.410543823242207, 49.221400621202285 ], [ 70.414456176757838, 49.224432712131104 ], [ 70.42304382324221, 49.225567287868955 ], [ 70.4321701049805, 49.23369920518666 ], [ 70.434248012966606, 49.225602383083796 ], [ 70.46991865370012, 49.224397616916264 ], [ 70.471970452202711, 49.216402011447514 ], [ 70.478420003255238, 49.221400621202285 ], [ 70.481377156575547, 49.220266045464442 ], [ 70.485289510091178, 49.217233954535615 ], [ 70.5125, 49.216666666666697 ], [ 70.5125, 49.22083333333336 ], [ 70.527424452039952, 49.221186659071208 ], [ 70.530908881293428, 49.224646674262182 ], [ 70.535757785373292, 49.225353325737878 ], [ 70.539242214626768, 49.228813340928845 ], [ 70.566666666666691, 49.229166666666693 ], [ 70.575, 49.229166666666693 ], [ 70.575683254665819, 49.209181552463136 ], [ 70.586485799153678, 49.207535468207496 ], [ 70.588142734103755, 49.202031622992649 ], [ 70.591023932562962, 49.197968377007406 ], [ 70.592704772949247, 49.192385694715739 ], [ 70.610468377007408, 49.191023932562963 ], [ 70.620199584960972, 49.18269059922963 ], [ 70.631301710340736, 49.183976067437094 ], [ 70.637178209092909, 49.188142734103764 ], [ 70.639635043674076, 49.186857265896293 ], [ 70.652031622992652, 49.175642734103761 ], [ 70.657588365342903, 49.173969862196209 ], [ 70.659104749891526, 49.159104749891519 ], [ 70.674498664008269, 49.157534450954891 ], [ 70.68269059922963, 49.147968207465304 ], [ 70.683333333333366, 49.145833333333364 ], [ 70.689710489908876, 49.146400621202282 ], [ 70.69778951009117, 49.153599378797772 ], [ 70.714710489908882, 49.154733954535615 ], [ 70.718622843424512, 49.157766045464435 ], [ 70.727210489908884, 49.158900621202285 ], [ 70.731122843424501, 49.161932712131104 ], [ 70.73554382324221, 49.163067287868955 ], [ 70.739456176757841, 49.166099378797774 ], [ 70.752210489908876, 49.167233954535618 ], [ 70.757586669921906, 49.171400621202288 ], [ 70.768877156575542, 49.170266045464437 ], [ 70.781122843424512, 49.158900621202285 ], [ 70.789710489908884, 49.157766045464435 ], [ 70.793622843424501, 49.154733954535615 ], [ 70.799149068196641, 49.15331590440541 ], [ 70.800899590386308, 49.146494547526068 ], [ 70.814710489908876, 49.145266045464439 ], [ 70.82278951009117, 49.13806728786895 ], [ 70.827210489908879, 49.136932712131106 ], [ 70.835289510091172, 49.129733954535617 ], [ 70.841020880805146, 49.128263007269993 ], [ 70.853599378797767, 49.11471048990888 ], [ 70.855054050021735, 49.109041680230064 ], [ 70.865747070312523, 49.107629055447077 ], [ 70.870266045464433, 49.102210489908884 ], [ 70.871684095594645, 49.096684095594647 ], [ 70.87721048990889, 49.095266045464435 ], [ 70.889456176757847, 49.083900621202282 ], [ 70.893877156575556, 49.082766045464439 ], [ 70.897789510091172, 49.079733954535619 ], [ 70.9, 49.079166666666694 ], [ 70.900850762261314, 49.075850762261311 ], [ 70.904166666666697, 49.075 ], [ 70.904166666666697, 49.070833333333361 ], [ 70.903813340928849, 49.068408881293429 ], [ 70.899646674262186, 49.064213053385444 ], [ 70.900353325737882, 49.060075547960096 ], [ 70.907980007595512, 49.052424452039958 ], [ 70.90833333333336, 49.041666666666693 ], [ 70.9104682074653, 49.04102376302086 ], [ 70.914531792534746, 49.038142903645863 ], [ 70.91880154079864, 49.036857096354197 ], [ 70.922865125868086, 49.033976236979193 ], [ 70.935468207465306, 49.032690429687527 ], [ 70.939531792534751, 49.02980957031253 ], [ 70.970054456922767, 49.028468831380238 ], [ 70.9714762369792, 49.014531792534747 ], [ 70.991023763020863, 48.993801540798636 ], [ 70.992309570312528, 48.989531792534748 ], [ 70.999357096354203, 48.98130154079864 ], [ 71.001261732313395, 48.974976603190129 ], [ 71.006198459201414, 48.971476236979193 ], [ 71.014634874131971, 48.970190429687527 ], [ 71.018698459201417, 48.96730957031253 ], [ 71.031301540798637, 48.966023763020857 ], [ 71.035365125868083, 48.96314290364586 ], [ 71.040702311197947, 48.961535644531274 ], [ 71.0416666666667, 48.958333333333357 ], [ 71.05, 48.958333333333357 ], [ 71.052424452039958, 48.958686659071205 ], [ 71.064582655164955, 48.970819769965303 ], [ 71.068408881293436, 48.967019992404538 ], [ 71.073257785373301, 48.966313340928849 ], [ 71.076742214626762, 48.962853325737875 ], [ 71.091666666666697, 48.9625 ], [ 71.103357272677982, 48.961811998155412 ], [ 71.105166286892398, 48.9493825276693 ], [ 71.127160305447077, 48.950617472330755 ], [ 71.13125, 48.95360514322919 ], [ 71.137030707465314, 48.9493825276693 ], [ 71.143826972113743, 48.950617472330755 ], [ 71.147839694552985, 48.953549194335963 ], [ 71.179166666666703, 48.954166666666694 ], [ 71.204166666666694, 48.954166666666694 ], [ 71.205303955078151, 48.949735514322946 ], [ 71.210289510091172, 48.953599378797769 ], [ 71.2125, 48.954166666666694 ], [ 71.216666666666697, 48.954166666666694 ], [ 71.227424452039969, 48.954519992404542 ], [ 71.231620279947947, 48.958686659071205 ], [ 71.256591118706623, 48.957980007595509 ], [ 71.260075547960099, 48.954519992404542 ], [ 71.302424452039958, 48.953813340928846 ], [ 71.30662027994795, 48.949646674262176 ], [ 71.314924452039961, 48.950353325737872 ], [ 71.318408881293436, 48.953813340928846 ], [ 71.320833333333368, 48.954166666666694 ], [ 71.336586507161485, 48.953559027777807 ], [ 71.3384195963542, 48.946416219075545 ], [ 71.347789510091175, 48.938067287868947 ], [ 71.358333333333363, 48.9375 ], [ 71.373257785373298, 48.937853325737876 ], [ 71.380908881293436, 48.945480007595513 ], [ 71.383333333333368, 48.945833333333361 ], [ 71.406591118706629, 48.945480007595513 ], [ 71.410075547960105, 48.942019992404539 ], [ 71.4125, 48.941666666666691 ], [ 71.423043823242224, 48.942233954535617 ], [ 71.426956176757841, 48.945266045464436 ], [ 71.435543823242227, 48.946400621202287 ], [ 71.439456176757844, 48.949432712131106 ], [ 71.452210489908893, 48.95056728786895 ], [ 71.456122843424509, 48.953599378797769 ], [ 71.465779283311662, 48.954875013563395 ], [ 71.467517428927991, 48.96164923773874 ], [ 71.473043823242222, 48.963067287868952 ], [ 71.476956176757852, 48.966099378797772 ], [ 71.4791666666667, 48.966666666666697 ], [ 71.523043823242219, 48.966099378797772 ], [ 71.526956176757849, 48.963067287868952 ], [ 71.531377156575559, 48.961932712131102 ], [ 71.536753336588575, 48.957766045464439 ], [ 71.543877156575562, 48.958900621202282 ], [ 71.549253336588578, 48.963067287868952 ], [ 71.552210489908887, 48.961932712131102 ], [ 71.556790161132852, 48.958383517795163 ], [ 71.57026604546445, 48.972789510091175 ], [ 71.572048272026947, 48.979733954535618 ], [ 71.585543823242219, 48.978599378797767 ], [ 71.594896104600735, 48.970266045464435 ], [ 71.623043823242227, 48.971400621202285 ], [ 71.626956176757844, 48.974432712131104 ], [ 71.635543823242216, 48.975567287868948 ], [ 71.640920003255246, 48.979733954535618 ], [ 71.648043823242219, 48.978599378797767 ], [ 71.653420003255249, 48.974432712131104 ], [ 71.664710489908884, 48.975567287868948 ], [ 71.668622843424515, 48.978599378797767 ], [ 71.674149237738746, 48.980017428927979 ], [ 71.675905693901939, 48.986862182617216 ], [ 71.693877156575553, 48.988067287868951 ], [ 71.710289510091187, 49.003599378797773 ], [ 71.7125, 49.004166666666691 ], [ 71.719933742947092, 49.003505452473988 ], [ 71.720833333333374, 49.0 ], [ 71.724376424153675, 48.999090915256104 ], [ 71.725, 48.9875 ], [ 71.725776502821219, 48.979886542426243 ], [ 71.7375, 48.979166666666693 ], [ 71.744091118706635, 48.979519992404541 ], [ 71.74757554796011, 48.982980007595515 ], [ 71.756591118706638, 48.983686659071211 ], [ 71.772575547960102, 48.999646674262181 ], [ 71.77671305338545, 49.000353325737876 ], [ 71.780908881293442, 48.996186659071206 ], [ 71.794091118706632, 48.995480007595511 ], [ 71.797575547960108, 48.992019992404543 ], [ 71.805882771809934, 48.991313340928848 ], [ 71.816308932834232, 49.001711697048641 ], [ 71.817019992404553, 49.006591118706623 ], [ 71.820480007595521, 49.010075547960099 ], [ 71.821186659071216, 49.01837972005211 ], [ 71.816681247287363, 49.022916666666696 ], [ 71.820480007595521, 49.026742214626765 ], [ 71.820833333333368, 49.029166666666697 ], [ 71.827424452039963, 49.029519992404538 ], [ 71.831620279947956, 49.033686659071208 ], [ 71.835757785373303, 49.032980007595512 ], [ 71.839242214626779, 49.029519992404538 ], [ 71.848257785373306, 49.028813340928849 ], [ 71.851742214626768, 49.025353325737875 ], [ 71.8541666666667, 49.025 ], [ 71.856591118706632, 49.025353325737875 ], [ 71.860075547960108, 49.028813340928849 ], [ 71.883333333333368, 49.029166666666697 ], [ 71.8875, 49.029166666666697 ], [ 71.891666666666708, 49.029166666666697 ], [ 71.891666666666708, 49.020833333333357 ], [ 71.891666666666708, 49.0125 ], [ 71.891010877821216, 49.005126614040826 ], [ 71.88554382324223, 49.000567287868954 ], [ 71.879562717013926, 48.999032253689265 ], [ 71.875567287868961, 48.99387715657555 ], [ 71.87443271213111, 48.985289510091171 ], [ 71.867233954535621, 48.977210489908884 ], [ 71.866099378797784, 48.972789510091175 ], [ 71.828729248046912, 48.934514702690997 ], [ 71.835543823242219, 48.932766045464433 ], [ 71.839456176757849, 48.929733954535614 ], [ 71.849154324001773, 48.928452555338566 ], [ 71.850201416015665, 48.923781331380233 ], [ 71.846400621202292, 48.918877156575547 ], [ 71.845833333333374, 48.9125 ], [ 71.846188354492227, 48.905879720052113 ], [ 71.851742214626768, 48.900353325737875 ], [ 71.858333333333377, 48.9 ], [ 71.864710489908887, 48.900567287868952 ], [ 71.868622843424518, 48.903599378797772 ], [ 71.882360500759589, 48.904821438259575 ], [ 71.891099378797776, 48.914456176757838 ], [ 71.892881605360287, 48.921400621202281 ], [ 71.902210489908896, 48.920266045464437 ], [ 71.907586669921912, 48.916099378797767 ], [ 71.910543823242222, 48.917233954535618 ], [ 71.914456176757852, 48.920266045464437 ], [ 71.918877156575562, 48.921400621202281 ], [ 71.922916666666708, 48.924531385633706 ], [ 71.926956176757855, 48.921400621202281 ], [ 71.956377156575556, 48.920266045464437 ], [ 71.964456176757849, 48.913067287868948 ], [ 71.998043823242227, 48.911932712131104 ], [ 72.003420003255243, 48.907766045464435 ], [ 72.01054382324223, 48.908900621202285 ], [ 72.014456176757847, 48.911932712131104 ], [ 72.027210489908896, 48.913067287868948 ], [ 72.031122843424512, 48.916099378797767 ], [ 72.039710489908899, 48.917233954535618 ], [ 72.047789510091178, 48.9244327121311 ], [ 72.0625, 48.925 ], [ 72.068877156575539, 48.925567287868951 ], [ 72.07278951009117, 48.92859937879777 ], [ 72.07831573486331, 48.930017428927975 ], [ 72.079733954535612, 48.935543823242213 ], [ 72.08808288574221, 48.944913736979196 ], [ 72.093877156575545, 48.946400621202287 ], [ 72.097789510091175, 48.949432712131106 ], [ 72.10221048990887, 48.95056728786895 ], [ 72.106122843424501, 48.953599378797769 ], [ 72.111649068196641, 48.955017428927981 ], [ 72.1125, 48.958333333333357 ], [ 72.131591118706623, 48.957980007595509 ], [ 72.135075547960099, 48.954519992404542 ], [ 72.141666666666694, 48.954166666666694 ], [ 72.142024739583363, 48.951709662543429 ], [ 72.147575547960088, 48.946186659071209 ], [ 72.1625, 48.945833333333361 ], [ 72.164924452039955, 48.946186659071209 ], [ 72.172575547960093, 48.953813340928846 ], [ 72.177424452039958, 48.954519992404542 ], [ 72.180908881293419, 48.957980007595509 ], [ 72.185757785373283, 48.958686659071205 ], [ 72.189242214626759, 48.962146674262179 ], [ 72.231591118706618, 48.962853325737875 ], [ 72.239242214626756, 48.970480007595512 ], [ 72.241666666666688, 48.97083333333336 ], [ 72.25, 48.97083333333336 ], [ 72.258333333333354, 48.97083333333336 ], [ 72.273043823242205, 48.971400621202285 ], [ 72.276956176757835, 48.974432712131104 ], [ 72.285543823242207, 48.975567287868948 ], [ 72.289456176757838, 48.978599378797767 ], [ 72.293877156575547, 48.979733954535618 ], [ 72.297789510091164, 48.982766045464437 ], [ 72.303315734863304, 48.984184095594642 ], [ 72.304166666666688, 48.9875 ], [ 72.304519992404536, 48.994091118706621 ], [ 72.320480007595506, 49.010075547960099 ], [ 72.320833333333354, 49.0125 ], [ 72.327424452039949, 49.012853325737872 ], [ 72.339242214626765, 49.024646674262179 ], [ 72.344091118706615, 49.025353325737875 ], [ 72.349641927083354, 49.030876329210095 ], [ 72.35, 49.03333333333336 ], [ 72.352424452039955, 49.033686659071208 ], [ 72.355908881293431, 49.037146674262182 ], [ 72.360757785373295, 49.037853325737871 ], [ 72.368408881293433, 49.045480007595515 ], [ 72.370833333333366, 49.045833333333363 ], [ 72.381591118706623, 49.046186659071211 ], [ 72.385075547960099, 49.049646674262178 ], [ 72.398257785373289, 49.050353325737873 ], [ 72.401742214626765, 49.053813340928848 ], [ 72.410757785373292, 49.054519992404543 ], [ 72.414242214626768, 49.057980007595511 ], [ 72.423257785373295, 49.058686659071206 ], [ 72.426742214626756, 49.062146674262181 ], [ 72.435757785373283, 49.062853325737876 ], [ 72.439242214626759, 49.066313340928843 ], [ 72.444091118706623, 49.067019992404539 ], [ 72.451742214626762, 49.074646674262183 ], [ 72.454166666666694, 49.075 ], [ 72.460757785373289, 49.075353325737872 ], [ 72.464242214626765, 49.078813340928846 ], [ 72.475, 49.079166666666694 ], [ 72.48966013590497, 49.079784138997425 ], [ 72.495364210340739, 49.083950805664088 ], [ 72.514660135904975, 49.082715861002633 ], [ 72.520364210340745, 49.078549194335963 ], [ 72.532351684570344, 49.079899766710099 ], [ 72.534701199001759, 49.088117472330758 ], [ 72.540971035427546, 49.08655598958336 ], [ 72.542372300889781, 49.067473687065998 ], [ 72.55216013590497, 49.066049194335967 ], [ 72.557864210340739, 49.061882527669297 ], [ 72.56049346923831, 49.063117472330759 ], [ 72.564506530761747, 49.066049194335967 ], [ 72.568826802571635, 49.067284138997422 ], [ 72.572839864095073, 49.07021586100263 ], [ 72.575, 49.070833333333361 ], [ 72.575353325737879, 49.060075547960096 ], [ 72.578813340928846, 49.056591118706628 ], [ 72.579519992404542, 49.047575547960093 ], [ 72.582980007595509, 49.044091118706625 ], [ 72.58369106716583, 49.039211697048636 ], [ 72.593408881293428, 49.029519992404538 ], [ 72.606591118706618, 49.028813340928849 ], [ 72.610075547960093, 49.025353325737875 ], [ 72.614924452039958, 49.024646674262179 ], [ 72.618408881293433, 49.021186659071205 ], [ 72.623290167914519, 49.020475260416696 ], [ 72.628813340928843, 49.014924452039956 ], [ 72.629166666666691, 49.0125 ], [ 72.631377156575553, 49.01306728786895 ], [ 72.639456176757847, 49.020266045464439 ], [ 72.643877156575542, 49.021400621202282 ], [ 72.649253336588572, 49.025567287868952 ], [ 72.657453579372856, 49.024261135525201 ], [ 72.659220716688395, 49.017375013563395 ], [ 72.669913906521288, 49.015962388780409 ], [ 72.674432712131107, 49.010543823242216 ], [ 72.675887383355061, 49.004875013563392 ], [ 72.686612616644993, 49.00345831976999 ], [ 72.688350931803413, 48.996684095594645 ], [ 72.691666666666691, 48.995833333333358 ], [ 72.692517598470076, 48.992517428927975 ], [ 72.698043823242216, 48.99109937879777 ], [ 72.701956176757847, 48.988067287868951 ], [ 72.704166666666694, 48.9875 ], [ 72.703813340928846, 48.985075547960093 ], [ 72.700353325737879, 48.981591118706625 ], [ 72.7, 48.979166666666693 ], [ 72.699646674262183, 48.976742214626761 ], [ 72.696186659071202, 48.973257785373292 ], [ 72.695833333333354, 48.97083333333336 ], [ 72.698043823242216, 48.970266045464435 ], [ 72.701956176757847, 48.967233954535615 ], [ 72.711564805772596, 48.965964423285619 ], [ 72.728599378797767, 48.948043823242216 ], [ 72.729733954535618, 48.935289510091174 ], [ 72.732766045464444, 48.93137715657555 ], [ 72.734041849772169, 48.921720716688391 ], [ 72.739710489908887, 48.920266045464437 ], [ 72.743622843424504, 48.917233954535618 ], [ 72.753279283311656, 48.915958319769992 ], [ 72.755134412977455, 48.90872938368058 ], [ 72.761753336588569, 48.903599378797772 ], [ 72.79804382324221, 48.904733954535615 ], [ 72.803420003255241, 48.908900621202285 ], [ 72.811620246039524, 48.907594468858534 ], [ 72.8125, 48.90416666666669 ], [ 72.814710489908876, 48.904733954535615 ], [ 72.826956176757847, 48.916099378797767 ], [ 72.852210489908884, 48.917233954535618 ], [ 72.856122843424515, 48.920266045464437 ], [ 72.863246663411488, 48.921400621202281 ], [ 72.868622843424504, 48.917233954535618 ], [ 72.873043823242213, 48.916099378797767 ], [ 72.876956176757844, 48.913067287868948 ], [ 72.919618394639784, 48.911932712131104 ], [ 72.920833333333363, 48.916666666666693 ], [ 72.925, 48.916666666666693 ], [ 72.933333333333366, 48.916666666666693 ], [ 72.9375, 48.916666666666693 ], [ 72.938272433810795, 48.913386366102458 ], [ 72.942665947808194, 48.912017822265653 ], [ 72.947751871744828, 48.916137017144123 ], [ 72.954166666666694, 48.916666666666693 ], [ 72.957672119140653, 48.917566257052975 ], [ 72.958333333333357, 48.925 ], [ 72.958333333333357, 48.929166666666696 ], [ 72.974086507161488, 48.929774305555583 ], [ 72.975, 48.933333333333358 ], [ 72.975772433810789, 48.936613633897593 ], [ 72.980165947808189, 48.937982177734398 ], [ 72.986559380425376, 48.932803683810789 ], [ 73.018914794921912, 48.933862982855928 ], [ 73.02292616102433, 48.937111748589437 ], [ 73.031085205078156, 48.929696316189265 ], [ 73.035581461588578, 48.928637017144126 ], [ 73.039418538411482, 48.925529649522595 ], [ 73.054166666666703, 48.925 ], [ 73.06471048990889, 48.925567287868951 ], [ 73.068622843424507, 48.92859937879777 ], [ 73.077210489908879, 48.929733954535614 ], [ 73.081122843424509, 48.932766045464433 ], [ 73.08664923773874, 48.934184095594645 ], [ 73.088067287868952, 48.939710489908883 ], [ 73.091099378797779, 48.943622843424507 ], [ 73.091666666666697, 48.945833333333361 ], [ 73.09583333333336, 48.945833333333361 ], [ 73.106619940863752, 48.945478990342906 ], [ 73.112146674262178, 48.939924452039961 ], [ 73.1125, 48.9375 ], [ 73.113467746310789, 48.933729383680586 ], [ 73.118622843424504, 48.929733954535614 ], [ 73.124417114257838, 48.928247070312523 ], [ 73.132766045464436, 48.918877156575547 ], [ 73.133900621202287, 48.914456176757838 ], [ 73.13806728786895, 48.909079996744815 ], [ 73.136763170030406, 48.900892469618078 ], [ 73.131377156575553, 48.896400621202282 ], [ 73.125396050347248, 48.894865587022593 ], [ 73.121400621202284, 48.889710489908879 ], [ 73.120124986436664, 48.880054050021727 ], [ 73.111932712131107, 48.877951727973112 ], [ 73.118622843424504, 48.871400621202284 ], [ 73.124603949652808, 48.869865587022595 ], [ 73.128599378797773, 48.86471048990888 ], [ 73.130134412977455, 48.858729383680583 ], [ 73.135289510091184, 48.854733954535618 ], [ 73.140815904405414, 48.853315904405406 ], [ 73.142233954535627, 48.847789510091175 ], [ 73.145266045464439, 48.843877156575545 ], [ 73.146466064453151, 48.825978936089435 ], [ 73.153316582573822, 48.820266045464436 ], [ 73.164710489908884, 48.82140062120228 ], [ 73.168622843424515, 48.824432712131099 ], [ 73.173043823242224, 48.82556728786895 ], [ 73.176956176757841, 48.828599378797769 ], [ 73.179166666666703, 48.829166666666694 ], [ 73.179733954535621, 48.82695617675784 ], [ 73.182766045464447, 48.823043823242216 ], [ 73.183900621202284, 48.818622843424507 ], [ 73.188067287868961, 48.813246663411483 ], [ 73.18693271213111, 48.810289510091174 ], [ 73.183900621202284, 48.806377156575543 ], [ 73.182482571072086, 48.800850762261312 ], [ 73.175582885742216, 48.79908040364586 ], [ 73.167233954535618, 48.789710489908877 ], [ 73.16581590440542, 48.78418409559464 ], [ 73.15891621907555, 48.782413736979194 ], [ 73.150567287868952, 48.773043823242212 ], [ 73.149432712131102, 48.739456176757841 ], [ 73.146400621202289, 48.73554382324221 ], [ 73.145833333333371, 48.729166666666693 ], [ 73.148257785373289, 48.728813340928845 ], [ 73.155908881293428, 48.721186659071208 ], [ 73.160757785373292, 48.720480007595512 ], [ 73.164242214626768, 48.717019992404538 ], [ 73.173257785373295, 48.716313340928842 ], [ 73.177453613281287, 48.712146674262179 ], [ 73.194091118706623, 48.712853325737875 ], [ 73.205908881293439, 48.724646674262175 ], [ 73.208333333333371, 48.725 ], [ 73.210757785373289, 48.725353325737871 ], [ 73.214953613281281, 48.729519992404541 ], [ 73.223257785373292, 48.728813340928845 ], [ 73.227453613281284, 48.724646674262175 ], [ 73.239924452039958, 48.725353325737871 ], [ 73.243408881293433, 48.728813340928845 ], [ 73.245833333333366, 48.729166666666693 ], [ 73.246191406250034, 48.726709662543428 ], [ 73.251742214626773, 48.721186659071208 ], [ 73.256591118706623, 48.720480007595512 ], [ 73.2604166666667, 48.716681247287354 ], [ 73.264242214626762, 48.720480007595512 ], [ 73.269091118706626, 48.721186659071208 ], [ 73.273286946614618, 48.725353325737871 ], [ 73.281591118706629, 48.724646674262175 ], [ 73.285075547960105, 48.721186659071208 ], [ 73.294091118706632, 48.720480007595512 ], [ 73.297575547960108, 48.717019992404538 ], [ 73.302424452039958, 48.716313340928842 ], [ 73.310075547960096, 48.708686659071205 ], [ 73.3125, 48.708333333333357 ], [ 73.313104926215317, 48.706160481770858 ], [ 73.316061740451417, 48.702172851562523 ], [ 73.317775811089447, 48.696016777886307 ], [ 73.32282714843754, 48.692271592881966 ], [ 73.328733317057328, 48.690627034505233 ], [ 73.342271592881971, 48.675852118598115 ], [ 73.341061740451423, 48.672827148437527 ], [ 73.333938259548646, 48.664672851562521 ], [ 73.332728407118083, 48.651993815104191 ], [ 73.32856174045142, 48.646373833550371 ], [ 73.329986572265653, 48.638271755642386 ], [ 73.340875922309067, 48.636723836263045 ], [ 73.350604926215311, 48.625816175672767 ], [ 73.349395073784748, 48.622827148437523 ], [ 73.346438259548648, 48.618839518229194 ], [ 73.345228407118086, 48.610327148437527 ], [ 73.342271592881971, 48.606339518229191 ], [ 73.341061740451423, 48.601993815104187 ], [ 73.338104926215308, 48.598006184895858 ], [ 73.3375, 48.583333333333357 ], [ 73.339924452039966, 48.582980007595509 ], [ 73.347575547960105, 48.575353325737872 ], [ 73.3541666666667, 48.575 ], [ 73.354939100477466, 48.578280300564259 ], [ 73.359332614474866, 48.579648844401063 ], [ 73.364418538411485, 48.575529649522593 ], [ 73.366666666666703, 48.575 ], [ 73.367803955078159, 48.570568847656276 ], [ 73.372916666666697, 48.574531385633705 ], [ 73.378420003255243, 48.570266045464436 ], [ 73.385543823242216, 48.57140062120228 ], [ 73.389456176757847, 48.574432712131099 ], [ 73.393877156575556, 48.57556728786895 ], [ 73.403229437934058, 48.583900621202282 ], [ 73.410543823242222, 48.582766045464432 ], [ 73.415920003255238, 48.578599378797769 ], [ 73.427210489908887, 48.579733954535612 ], [ 73.435407850477461, 48.587038167317729 ], [ 73.439592149522596, 48.583795166015648 ], [ 73.447789510091184, 48.591099378797765 ], [ 73.452210489908893, 48.592233954535615 ], [ 73.460289510091172, 48.599432712131097 ], [ 73.464710489908882, 48.600567287868948 ], [ 73.46875, 48.603698052300373 ], [ 73.472789510091175, 48.600567287868948 ], [ 73.4875, 48.6 ], [ 73.488067287868958, 48.589456176757835 ], [ 73.49109937879777, 48.585543823242212 ], [ 73.492233954535621, 48.576956176757832 ], [ 73.49943271213111, 48.568877156575546 ], [ 73.500708346896729, 48.559220716688394 ], [ 73.504166666666706, 48.558333333333358 ], [ 73.504166666666706, 48.554166666666688 ], [ 73.505017428927985, 48.550850762261305 ], [ 73.508333333333368, 48.55 ], [ 73.511649237738752, 48.549149237738739 ], [ 73.5125, 48.545833333333356 ], [ 73.515815904405414, 48.546684095594642 ], [ 73.517803955078165, 48.554431152343774 ], [ 73.522789510091187, 48.550567287868944 ], [ 73.531377156575559, 48.5494327121311 ], [ 73.535289510091175, 48.546400621202281 ], [ 73.543877156575562, 48.54526604546443 ], [ 73.549253336588578, 48.541099378797767 ], [ 73.55637715657555, 48.542233954535611 ], [ 73.560289510091181, 48.54526604546443 ], [ 73.568877156575553, 48.546400621202281 ], [ 73.572789510091184, 48.5494327121311 ], [ 73.583333333333371, 48.55 ], [ 73.584491984049521, 48.545947265625024 ], [ 73.589506361219648, 48.542284138997417 ], [ 73.597993638780423, 48.541049194335962 ], [ 73.606173027886314, 48.533950805664084 ], [ 73.620030721028684, 48.532598198784747 ], [ 73.621627468533021, 48.521627468533012 ], [ 73.631326972113754, 48.520215861002626 ], [ 73.635339694552982, 48.517284138997418 ], [ 73.645502387152817, 48.515805053710963 ], [ 73.649382527669303, 48.510493638780403 ], [ 73.65, 48.495833333333358 ], [ 73.645833333333371, 48.495833333333358 ], [ 73.646684095594651, 48.492517428927975 ], [ 73.652210489908896, 48.491099378797763 ], [ 73.660289510091175, 48.483900621202281 ], [ 73.6666666666667, 48.483333333333356 ], [ 73.667019992404548, 48.472575547960091 ], [ 73.670818752712705, 48.46875 ], [ 73.667019992404548, 48.464924452039952 ], [ 73.6666666666667, 48.454166666666687 ], [ 73.667019992404548, 48.451742214626762 ], [ 73.674986097547773, 48.443750678168428 ], [ 73.671186659071211, 48.439924452039953 ], [ 73.670480007595515, 48.422575547960093 ], [ 73.667019992404548, 48.419091118706618 ], [ 73.666313340928852, 48.410075547960091 ], [ 73.662853325737885, 48.406591118706622 ], [ 73.662146674262189, 48.397575547960088 ], [ 73.654519992404545, 48.389924452039949 ], [ 73.654166666666697, 48.383333333333354 ], [ 73.643673027886322, 48.382715861002623 ], [ 73.63966030544708, 48.379784138997415 ], [ 73.635339694552982, 48.37854919433596 ], [ 73.627160305447077, 48.371450805664082 ], [ 73.621601698133716, 48.369861518012172 ], [ 73.620039198133711, 48.359127468533011 ], [ 73.610339694552991, 48.357715861002625 ], [ 73.606326972113749, 48.354784138997417 ], [ 73.602006361219651, 48.353549194335962 ], [ 73.597916666666706, 48.35056152343752 ], [ 73.593826972113746, 48.353549194335962 ], [ 73.591666666666697, 48.354166666666686 ], [ 73.588208346896735, 48.35327928331165 ], [ 73.586932712131116, 48.343622843424498 ], [ 73.583900621202289, 48.339710489908875 ], [ 73.58262498643667, 48.330054050021722 ], [ 73.576956176757847, 48.328599378797762 ], [ 73.573043823242216, 48.325567287868942 ], [ 73.564456176757844, 48.324432712131099 ], [ 73.559301079644129, 48.320437282986134 ], [ 73.558333333333366, 48.316666666666691 ], [ 73.558686659071213, 48.310075547960089 ], [ 73.562853325737876, 48.305879720052104 ], [ 73.562146674262181, 48.289242214626761 ], [ 73.558686659071213, 48.285757785373285 ], [ 73.557980007595518, 48.276742214626758 ], [ 73.553813340928855, 48.272546386718773 ], [ 73.554519992404551, 48.247575547960089 ], [ 73.557980007595518, 48.244091118706621 ], [ 73.558333333333366, 48.241666666666688 ], [ 73.554166666666703, 48.241666666666688 ], [ 73.551742214626771, 48.242019992404536 ], [ 73.548257785373295, 48.245480007595503 ], [ 73.531620279947944, 48.246186659071199 ], [ 73.527424452039966, 48.242019992404536 ], [ 73.514953613281278, 48.241313340928841 ], [ 73.510757785373301, 48.245480007595503 ], [ 73.506620279947953, 48.246186659071199 ], [ 73.502424452039961, 48.242019992404536 ], [ 73.5, 48.241666666666688 ], [ 73.493408881293433, 48.241313340928841 ], [ 73.483691067165836, 48.231621636284743 ], [ 73.483333333333363, 48.229166666666686 ], [ 73.479804484049509, 48.22826097276478 ], [ 73.478599378797782, 48.210289510091165 ], [ 73.474080403645871, 48.204870944552972 ], [ 73.463387383355069, 48.203458319769986 ], [ 73.4625, 48.2 ], [ 73.463161214192738, 48.192566257052974 ], [ 73.470250447591184, 48.190747070312518 ], [ 73.478599378797782, 48.181377156575543 ], [ 73.479875013563401, 48.171720716688391 ], [ 73.486791653103339, 48.16994594997832 ], [ 73.488208346896741, 48.159220716688388 ], [ 73.495209757487018, 48.157424248589429 ], [ 73.495833333333366, 48.145833333333357 ], [ 73.489506361219654, 48.145215691460542 ], [ 73.484491984049512, 48.141552734375033 ], [ 73.482715861002632, 48.135339864095087 ], [ 73.479784138997431, 48.13132680257165 ], [ 73.478549194335969, 48.127006530761754 ], [ 73.475617472330768, 48.122993469238317 ], [ 73.474073621961836, 48.117593044704897 ], [ 73.468673027886325, 48.116049024793874 ], [ 73.464660305447083, 48.113117641872869 ], [ 73.4538991292318, 48.11155141194665 ], [ 73.45771586100264, 48.106326802571651 ], [ 73.458333333333371, 48.1041666666667 ], [ 73.458333333333371, 48.095833333333353 ], [ 73.447789510091184, 48.095266045464427 ], [ 73.443877156575553, 48.092233954535608 ], [ 73.413413492838572, 48.091059027777796 ], [ 73.411649237738743, 48.084184095594637 ], [ 73.406122843424512, 48.082766045464432 ], [ 73.402071804470523, 48.07962646484377 ], [ 73.389710489908893, 48.091099378797765 ], [ 73.38038160536027, 48.092233954535608 ], [ 73.378315904405412, 48.084184095594637 ], [ 73.372789510091181, 48.082766045464432 ], [ 73.36887715657555, 48.079733954535612 ], [ 73.356122843424515, 48.078599378797762 ], [ 73.350967746310801, 48.074603949652797 ], [ 73.349149237738743, 48.067517428927971 ], [ 73.34583333333336, 48.066666666666684 ], [ 73.341666666666697, 48.066666666666684 ], [ 73.339242214626765, 48.066313340928836 ], [ 73.329521348741352, 48.056618923611133 ], [ 73.328813340928846, 48.043408881293423 ], [ 73.323287963867216, 48.037855699327274 ], [ 73.314242214626773, 48.037146674262175 ], [ 73.306591118706635, 48.029519992404531 ], [ 73.304166666666703, 48.029166666666683 ], [ 73.300637817382849, 48.028260972764777 ], [ 73.299432712131107, 48.010289510091162 ], [ 73.296400621202295, 48.006377156575539 ], [ 73.295266045464444, 48.00195617675783 ], [ 73.279733954535629, 47.985543823242203 ], [ 73.279166666666697, 47.983333333333348 ], [ 73.271635945638053, 47.982598198784757 ], [ 73.27021586100264, 47.972839864095086 ], [ 73.266552734375026, 47.967825486924951 ], [ 73.260339694552982, 47.966049024793868 ], [ 73.252160305447077, 47.9589509752062 ], [ 73.243673027886317, 47.957715691460535 ], [ 73.235493638780412, 47.950617641872867 ], [ 73.231173027886314, 47.949382358127203 ], [ 73.227160305447086, 47.946450975206197 ], [ 73.218673027886311, 47.94521569146054 ], [ 73.213658650716184, 47.941552734375037 ], [ 73.211882527669303, 47.935339864095084 ], [ 73.208950805664088, 47.931326802571647 ], [ 73.20771586100264, 47.927006530761751 ], [ 73.200617472330762, 47.918826802571651 ], [ 73.1993825276693, 47.914506530761756 ], [ 73.196450805664099, 47.910493469238318 ], [ 73.195215861002637, 47.906173197428416 ], [ 73.192284138997422, 47.902160135904978 ], [ 73.191049194335974, 47.891197543674082 ], [ 73.195215861002637, 47.885493469238313 ], [ 73.196450805664099, 47.874530877007416 ], [ 73.191552734375037, 47.86782548692495 ], [ 73.184259711371553, 47.865740288628508 ], [ 73.183333333333366, 47.8625 ], [ 73.179166666666703, 47.8625 ], [ 73.179166666666703, 47.8541666666667 ], [ 73.171732923719645, 47.853505452473989 ], [ 73.170833333333363, 47.85 ], [ 73.1625, 47.85 ], [ 73.159184095594654, 47.849149068196645 ], [ 73.15833333333336, 47.845833333333367 ], [ 73.15833333333336, 47.8375 ], [ 73.154166666666697, 47.8375 ], [ 73.118622843424504, 47.836932712131109 ], [ 73.106377156575547, 47.825567287868957 ], [ 73.093622843424512, 47.824432712131113 ], [ 73.085543823242219, 47.817233954535624 ], [ 73.081122843424509, 47.816099378797773 ], [ 73.075967746310795, 47.812104119194913 ], [ 73.074149237738752, 47.805017598470087 ], [ 73.068622843424507, 47.803599378797777 ], [ 73.06458333333336, 47.800468783908457 ], [ 73.060543823242213, 47.803599378797777 ], [ 73.057586669921903, 47.804733954535621 ], [ 73.052210489908887, 47.800567287868958 ], [ 73.047789510091178, 47.799432712131107 ], [ 73.043877156575547, 47.796400621202288 ], [ 73.031122843424512, 47.795266045464444 ], [ 73.023043823242219, 47.788067287868955 ], [ 73.020833333333357, 47.7875 ], [ 73.020480007595523, 47.789924452039962 ], [ 73.008686659071216, 47.801742214626771 ], [ 73.008333333333368, 47.804166666666703 ], [ 73.006122843424507, 47.803599378797777 ], [ 73.002074517144123, 47.800461832682323 ], [ 72.99387715657555, 47.80776604546444 ], [ 72.986562771267387, 47.808900621202291 ], [ 72.977210489908884, 47.800567287868958 ], [ 72.922789510091178, 47.799432712131107 ], [ 72.918877156575547, 47.796400621202288 ], [ 72.914456176757838, 47.795266045464444 ], [ 72.910543823242222, 47.792233954535625 ], [ 72.892572360568607, 47.791029018825988 ], [ 72.891099378797776, 47.785289510091175 ], [ 72.879733954535624, 47.773043823242219 ], [ 72.879166666666691, 47.770833333333364 ], [ 72.878813340928843, 47.768408881293439 ], [ 72.875353325737876, 47.764924452039963 ], [ 72.875, 47.758333333333368 ], [ 72.860289510091178, 47.758900621202287 ], [ 72.856377156575547, 47.761932712131113 ], [ 72.851956176757838, 47.763067287868957 ], [ 72.848043823242222, 47.766099378797776 ], [ 72.842517598470081, 47.767517598470086 ], [ 72.841666666666697, 47.770833333333364 ], [ 72.840949503580759, 47.778180440266958 ], [ 72.834259711371558, 47.780093044704891 ], [ 72.832715691460535, 47.785493469238311 ], [ 72.829052734375026, 47.790507846408453 ], [ 72.821525404188392, 47.792660183376768 ], [ 72.820215691460533, 47.810493469238317 ], [ 72.813117641872864, 47.818673197428417 ], [ 72.811882358127193, 47.827160135904982 ], [ 72.806972249348988, 47.833299424913228 ], [ 72.80216013590497, 47.82978430853953 ], [ 72.793673197428419, 47.828549024793872 ], [ 72.789660135904981, 47.82561764187286 ], [ 72.786763339572516, 47.824382358127203 ], [ 72.777160135904978, 47.832715691460535 ], [ 72.771759711371558, 47.834259711371558 ], [ 72.769839816623289, 47.840974595811666 ], [ 72.752006530761747, 47.842284308539533 ], [ 72.7424984402127, 47.850535074869825 ], [ 72.74085710313588, 47.861811998155417 ], [ 72.7291666666667, 47.8625 ], [ 72.72083333333336, 47.8625 ], [ 72.718408881293428, 47.862853325737881 ], [ 72.710757785373289, 47.870480007595518 ], [ 72.704166666666694, 47.870833333333366 ], [ 72.704166666666694, 47.875 ], [ 72.701956176757847, 47.87443271213111 ], [ 72.693877156575553, 47.867233954535621 ], [ 72.686753336588566, 47.866099378797777 ], [ 72.68137715657555, 47.87026604546444 ], [ 72.678420003255241, 47.871400621202291 ], [ 72.67304382324221, 47.867233954535621 ], [ 72.667327880859403, 47.865767076280413 ], [ 72.6666666666667, 47.85833333333337 ], [ 72.660339864095079, 47.857715691460534 ], [ 72.656326802571641, 47.854784308539529 ], [ 72.647839864095076, 47.853549024793871 ], [ 72.643826802571638, 47.850617641872866 ], [ 72.634701199001768, 47.849382358127201 ], [ 72.632373046875031, 47.857525634765658 ], [ 72.624530877007402, 47.858950975206199 ], [ 72.618826802571647, 47.854784308539529 ], [ 72.596832953559058, 47.853549024793871 ], [ 72.595065138075114, 47.865695020887621 ], [ 72.589506530761739, 47.867284308539531 ], [ 72.585416666666688, 47.870271809895868 ], [ 72.581326802571638, 47.867284308539531 ], [ 72.57700653076175, 47.866049024793867 ], [ 72.568826802571635, 47.858950975206199 ], [ 72.553697543674076, 47.857715691460534 ], [ 72.547993469238307, 47.861882358127204 ], [ 72.545833333333363, 47.8625 ], [ 72.542375183105491, 47.861612616644997 ], [ 72.541099378797767, 47.851956176757845 ], [ 72.538067287868955, 47.848043823242222 ], [ 72.536932712131104, 47.843622843424512 ], [ 72.531837632921039, 47.837513224283889 ], [ 72.527210489908882, 47.841099378797779 ], [ 72.517881605360273, 47.842233954535622 ], [ 72.51581573486331, 47.834184265136756 ], [ 72.508994547526072, 47.832433742947082 ], [ 72.507672119140651, 47.817566257052988 ], [ 72.501956176757844, 47.816099378797773 ], [ 72.498043823242213, 47.813067287868954 ], [ 72.492375183105494, 47.811612616645 ], [ 72.49109937879777, 47.801956176757848 ], [ 72.488067287868944, 47.798043823242224 ], [ 72.4875, 47.7916666666667 ], [ 72.4875, 47.775 ], [ 72.489710489908873, 47.774432712131109 ], [ 72.493622843424504, 47.771400621202289 ], [ 72.499604119194899, 47.769865587022601 ], [ 72.503599378797773, 47.764710489908886 ], [ 72.505070156521299, 47.758979119194912 ], [ 72.518622843424509, 47.746400621202291 ], [ 72.524149068196635, 47.744982401529981 ], [ 72.525, 47.741666666666703 ], [ 72.528315734863313, 47.742517598470087 ], [ 72.530017598470081, 47.749149068196644 ], [ 72.53333333333336, 47.75 ], [ 72.553250969780848, 47.74940151638458 ], [ 72.554166666666688, 47.745833333333366 ], [ 72.558333333333366, 47.745833333333366 ], [ 72.564710489908876, 47.74526604546444 ], [ 72.568622843424507, 47.742233954535621 ], [ 72.577210489908879, 47.741099378797777 ], [ 72.582586669921895, 47.736932712131107 ], [ 72.585543823242219, 47.738067287868958 ], [ 72.589456176757835, 47.741099378797777 ], [ 72.598043823242222, 47.742233954535621 ], [ 72.602092149522591, 47.745371500651075 ], [ 72.610289510091178, 47.738067287868958 ], [ 72.623043823242213, 47.736932712131107 ], [ 72.626956176757844, 47.733900621202288 ], [ 72.635543823242216, 47.732766045464444 ], [ 72.639456176757847, 47.729733954535625 ], [ 72.653267076280414, 47.728505452473989 ], [ 72.654733954535615, 47.722789510091175 ], [ 72.657766045464442, 47.718877156575552 ], [ 72.659184265136744, 47.713350931803419 ], [ 72.664710489908884, 47.711932712131109 ], [ 72.672789510091178, 47.704733954535619 ], [ 72.679166666666688, 47.704166666666701 ], [ 72.67859937879777, 47.685289510091181 ], [ 72.675567287868944, 47.68137715657555 ], [ 72.674432712131107, 47.676956176757848 ], [ 72.67026604546443, 47.671579996744825 ], [ 72.672083028157573, 47.666844007704029 ], [ 72.676956176757841, 47.663067287868955 ], [ 72.685543823242213, 47.661932712131112 ], [ 72.689456176757844, 47.658900621202292 ], [ 72.695172119140651, 47.657433742947077 ], [ 72.695833333333354, 47.65 ], [ 72.695480007595521, 47.647575547960102 ], [ 72.692019992404539, 47.644091118706626 ], [ 72.691313340928843, 47.614242214626771 ], [ 72.687853325737876, 47.610757785373295 ], [ 72.687142266167569, 47.605878194173208 ], [ 72.677084011501762, 47.595847066243522 ], [ 72.672900729709227, 47.60000135633684 ], [ 72.667019992404548, 47.594091118706629 ], [ 72.6666666666667, 47.579166666666701 ], [ 72.667271762424079, 47.5769939846463 ], [ 72.670954047309053, 47.572027248806457 ], [ 72.662683444552982, 47.569724188910619 ], [ 72.658938429090739, 47.564672682020429 ], [ 72.6576595730252, 47.542466735839874 ], [ 72.64924197726782, 47.541222805447077 ], [ 72.642207336425813, 47.546438429090742 ], [ 72.625969102647602, 47.545146857367655 ], [ 72.624394904242649, 47.539493984646299 ], [ 72.613105095757405, 47.527172682020428 ], [ 72.611524624294731, 47.521497090657583 ], [ 72.589493984646296, 47.520228237575985 ], [ 72.585506015353758, 47.517271762424073 ], [ 72.583333333333357, 47.516666666666694 ], [ 72.576742214626762, 47.516313340928853 ], [ 72.571189032660612, 47.510787794325118 ], [ 72.570480007595506, 47.501742214626766 ], [ 72.566681247287349, 47.497916666666697 ], [ 72.570480007595506, 47.494091118706628 ], [ 72.571186659071202, 47.473284403483106 ], [ 72.562853325737876, 47.464924452039959 ], [ 72.5625, 47.4625 ], [ 72.569091118706623, 47.462146674262186 ], [ 72.573287116156706, 47.457980007595516 ], [ 72.581591118706626, 47.458686659071212 ], [ 72.585075547960102, 47.462146674262186 ], [ 72.610757785373295, 47.462853325737875 ], [ 72.614584181043867, 47.466652933756542 ], [ 72.626742214626759, 47.454519992404542 ], [ 72.631591118706623, 47.453813340928846 ], [ 72.635787116156706, 47.449646674262183 ], [ 72.644091118706626, 47.450353325737879 ], [ 72.647575547960102, 47.453813340928846 ], [ 72.652424452039952, 47.454519992404542 ], [ 72.655908881293428, 47.457980007595516 ], [ 72.6625, 47.458333333333364 ], [ 72.663387383355058, 47.4548751831055 ], [ 72.67304382324221, 47.453599378797776 ], [ 72.676956176757841, 47.450567287868957 ], [ 72.685543823242213, 47.449432712131106 ], [ 72.693622843424507, 47.442233954535624 ], [ 72.698043823242216, 47.441099378797773 ], [ 72.701956176757847, 47.438067287868954 ], [ 72.706377156575542, 47.43693271213111 ], [ 72.710289510091172, 47.433900621202284 ], [ 72.715815734863313, 47.432482401529981 ], [ 72.717233954535615, 47.426956176757841 ], [ 72.720266045464442, 47.423043823242217 ], [ 72.72083333333336, 47.420833333333363 ], [ 72.727210489908884, 47.421400621202288 ], [ 72.735289510091178, 47.42859937879777 ], [ 72.739710489908887, 47.429733954535621 ], [ 72.745086669921903, 47.433900621202284 ], [ 72.748043823242213, 47.43276604546444 ], [ 72.753420003255229, 47.42859937879777 ], [ 72.764710489908879, 47.429733954535621 ], [ 72.770086669921909, 47.433900621202284 ], [ 72.774189080132402, 47.432326592339443 ], [ 72.775850931803419, 47.425850931803417 ], [ 72.781377156575545, 47.424432712131107 ], [ 72.785289510091175, 47.421400621202288 ], [ 72.79804382324221, 47.420266045464437 ], [ 72.803420003255241, 47.416099378797774 ], [ 72.80637715657555, 47.417233954535618 ], [ 72.810289510091181, 47.420266045464437 ], [ 72.8125, 47.420833333333363 ], [ 72.812146674262181, 47.418408881293431 ], [ 72.808686659071213, 47.414924452039962 ], [ 72.808333333333366, 47.404166666666697 ], [ 72.80771569146053, 47.402006530761746 ], [ 72.803549024793867, 47.396302456325984 ], [ 72.804920281304277, 47.384133232964437 ], [ 72.815931532118086, 47.382530721028672 ], [ 72.816666666666691, 47.375 ], [ 72.816666666666691, 47.366666666666696 ], [ 72.814456176757844, 47.36609937879777 ], [ 72.808989291720948, 47.361540222167996 ], [ 72.807672119140648, 47.346732923719649 ], [ 72.801956176757841, 47.345266045464442 ], [ 72.79804382324221, 47.342233954535622 ], [ 72.793622843424501, 47.341099378797772 ], [ 72.78425309922963, 47.332750447591174 ], [ 72.782766045464442, 47.32695617675784 ], [ 72.770187547471821, 47.313403489854629 ], [ 72.764456176757847, 47.311932712131103 ], [ 72.760543823242216, 47.308900621202284 ], [ 72.747789510091167, 47.30776604546444 ], [ 72.734236823187956, 47.295187547471819 ], [ 72.732482401529978, 47.288350931803414 ], [ 72.7291666666667, 47.2875 ], [ 72.730017598470084, 47.284184265136744 ], [ 72.73554382324221, 47.282766045464442 ], [ 72.743622843424504, 47.275567287868952 ], [ 72.748043823242213, 47.274432712131102 ], [ 72.756122843424507, 47.267233954535619 ], [ 72.760543823242216, 47.266099378797769 ], [ 72.768622843424509, 47.258900621202287 ], [ 72.774354214138484, 47.257429843478761 ], [ 72.786932712131104, 47.24387715657555 ], [ 72.7875, 47.241666666666696 ], [ 72.781122843424512, 47.24109937879777 ], [ 72.771753099229628, 47.232750447591172 ], [ 72.769933742947075, 47.225661214192741 ], [ 72.756122843424507, 47.224432712131104 ], [ 72.742570156521296, 47.211854214138484 ], [ 72.740815734863304, 47.205017598470079 ], [ 72.734184265136747, 47.20331573486331 ], [ 72.732766045464444, 47.197789510091177 ], [ 72.719855244954459, 47.183987596299943 ], [ 72.706122843424509, 47.18276604546444 ], [ 72.700967746310795, 47.178770785861573 ], [ 72.7, 47.175 ], [ 72.7, 47.170833333333363 ], [ 72.706591118706626, 47.170480007595515 ], [ 72.710075547960102, 47.167019992404541 ], [ 72.714956834581187, 47.166308593750031 ], [ 72.720480007595512, 47.160757785373292 ], [ 72.72083333333336, 47.15833333333336 ], [ 72.7145443386502, 47.157677883572077 ], [ 72.707677883572075, 47.151488918728326 ], [ 72.715683661566871, 47.149016994900201 ], [ 72.717322116427979, 47.143711005316867 ], [ 72.720177883572077, 47.139622328016522 ], [ 72.721488783094642, 47.133087497287356 ], [ 72.717322116427979, 47.127122328016519 ], [ 72.715809292263486, 47.117415025499156 ], [ 72.696577284071211, 47.115909491644992 ], [ 72.695177883572072, 47.095587497287354 ], [ 72.699344550238749, 47.089622328016517 ], [ 72.7, 47.0875 ], [ 72.706591118706626, 47.087146674262179 ], [ 72.710075547960102, 47.083686659071205 ], [ 72.72083333333336, 47.083333333333364 ], [ 72.727160135904981, 47.082715861002633 ], [ 72.731173197428419, 47.079784138997425 ], [ 72.749192979600721, 47.078461032443606 ], [ 72.750768195258274, 47.067638481987878 ], [ 72.75797305636938, 47.06557854546444 ], [ 72.770215691460535, 47.052160305447075 ], [ 72.771450975206193, 47.047839694552977 ], [ 72.774382358127198, 47.043826972113742 ], [ 72.775926378038221, 47.038426378038224 ], [ 72.782656351725294, 47.036502414279539 ], [ 72.78333333333336, 47.025 ], [ 72.781122843424512, 47.024432712131102 ], [ 72.777210489908882, 47.021400621202282 ], [ 72.772789510091172, 47.020266045464439 ], [ 72.768877156575542, 47.017233954535619 ], [ 72.765920003255232, 47.016099378797769 ], [ 72.760543823242216, 47.020266045464439 ], [ 72.75739610460073, 47.021400621202282 ], [ 72.748043823242213, 47.01306728786895 ], [ 72.739456176757841, 47.011932712131106 ], [ 72.733989291720945, 47.007373385959227 ], [ 72.732766045464444, 46.993622843424504 ], [ 72.728247239854625, 46.988204277886311 ], [ 72.718622843424512, 46.9869327121311 ], [ 72.713467746310798, 46.982937282986136 ], [ 72.711649068196635, 46.97585076226131 ], [ 72.706122843424509, 46.974432712131104 ], [ 72.702210489908879, 46.971400621202285 ], [ 72.685289510091167, 46.970266045464435 ], [ 72.67304382324221, 46.958900621202282 ], [ 72.654166666666697, 46.958333333333357 ], [ 72.654770745171461, 46.942669677734401 ], [ 72.660289510091175, 46.938067287868947 ], [ 72.664710489908884, 46.936932712131103 ], [ 72.668622843424501, 46.933900621202284 ], [ 72.674417114257835, 46.932413736979193 ], [ 72.682766045464433, 46.92304382324221 ], [ 72.68418426513675, 46.917517428927979 ], [ 72.689710489908876, 46.916099378797767 ], [ 72.69778951009117, 46.908900621202285 ], [ 72.70331573486331, 46.907482571072073 ], [ 72.704166666666694, 46.90416666666669 ], [ 72.706623501247861, 46.903808593750028 ], [ 72.712146674262186, 46.898257785373289 ], [ 72.7125, 46.895833333333357 ], [ 72.714924452039952, 46.895480007595509 ], [ 72.718408881293428, 46.892019992404542 ], [ 72.72083333333336, 46.891666666666694 ], [ 72.724376424153675, 46.89075758192277 ], [ 72.725, 46.879166666666691 ], [ 72.725665452745247, 46.842448933919293 ], [ 72.742309400770424, 46.84075113932294 ], [ 72.740559387207057, 46.833419121636311 ], [ 72.735468377007408, 46.829809570312527 ], [ 72.727031622992655, 46.828523763020861 ], [ 72.722968377007405, 46.825642903645857 ], [ 72.714531622992652, 46.824357096354191 ], [ 72.710468377007402, 46.821476236979194 ], [ 72.702031622992649, 46.820190429687528 ], [ 72.696155124240477, 46.816023763020858 ], [ 72.689531622992646, 46.817309570312524 ], [ 72.683655124240474, 46.821476236979194 ], [ 72.664531622992655, 46.820190429687528 ], [ 72.660468377007405, 46.817309570312524 ], [ 72.647864956325975, 46.816023763020858 ], [ 72.639635043674076, 46.808976236979191 ], [ 72.635364956325986, 46.807690429687526 ], [ 72.631301710340736, 46.804809570312528 ], [ 72.629166666666691, 46.804166666666688 ], [ 72.626742214626759, 46.803813340928848 ], [ 72.623257785373298, 46.800353325737873 ], [ 72.616666666666688, 46.8 ], [ 72.610364956325981, 46.799357096354193 ], [ 72.602135043674068, 46.792309570312526 ], [ 72.597864956325978, 46.79102376302086 ], [ 72.59375, 46.788106282552107 ], [ 72.589583333333366, 46.791060384114608 ], [ 72.585468377007402, 46.788142903645856 ], [ 72.568698289659309, 46.78685709635419 ], [ 72.564635043674073, 46.783976236979193 ], [ 72.560364956325984, 46.782690429687527 ], [ 72.542373487684486, 46.765883721245686 ], [ 72.540959676106795, 46.738277859158011 ], [ 72.53333333333336, 46.7375 ], [ 72.53333333333336, 46.733333333333356 ], [ 72.533952501085096, 46.721823798285612 ], [ 72.540816582573811, 46.716099378797765 ], [ 72.55637715657555, 46.717233954535615 ], [ 72.561753336588566, 46.721400621202278 ], [ 72.568877156575553, 46.720266045464435 ], [ 72.57278951009117, 46.717233954535615 ], [ 72.57831573486331, 46.715815904405403 ], [ 72.580017598470079, 46.709184095594644 ], [ 72.585543823242219, 46.707766045464432 ], [ 72.593622843424512, 46.70056728786895 ], [ 72.603247239854625, 46.699295722113739 ], [ 72.60776604546443, 46.693877156575546 ], [ 72.608333333333363, 46.6875 ], [ 72.6041666666667, 46.6875 ], [ 72.601956176757838, 46.686932712131103 ], [ 72.596801079644123, 46.682937282986138 ], [ 72.595266045464442, 46.676956176757834 ], [ 72.592233954535615, 46.67304382324221 ], [ 72.590815734863313, 46.667517428927972 ], [ 72.585289510091172, 46.666099378797767 ], [ 72.581377156575542, 46.663067287868948 ], [ 72.575673760308192, 46.661603461371556 ], [ 72.574432712131099, 46.649253336588565 ], [ 72.578599378797776, 46.643877156575542 ], [ 72.579733954535612, 46.626956176757837 ], [ 72.586932712131102, 46.618877156575543 ], [ 72.5875, 46.6 ], [ 72.585075547960102, 46.599646674262175 ], [ 72.573257785373286, 46.587853325737868 ], [ 72.564242214626759, 46.587146674262179 ], [ 72.560757785373283, 46.583686659071205 ], [ 72.558333333333366, 46.583333333333357 ], [ 72.551742214626756, 46.582980007595509 ], [ 72.548257785373295, 46.579519992404535 ], [ 72.545833333333363, 46.579166666666687 ], [ 72.538399590386305, 46.578505452473983 ], [ 72.5375, 46.575 ], [ 72.5375, 46.570833333333354 ], [ 72.54105919731991, 46.569919840494812 ], [ 72.5416666666667, 46.554166666666688 ], [ 72.542020670572938, 46.539213731553843 ], [ 72.547575547960093, 46.533686659071201 ], [ 72.55, 46.53333333333336 ], [ 72.549642266167567, 46.530878363715303 ], [ 72.539924452039955, 46.521186659071205 ], [ 72.529166666666697, 46.520833333333357 ], [ 72.526956176757835, 46.520266045464432 ], [ 72.523043823242219, 46.517233954535612 ], [ 72.518622843424509, 46.516099378797769 ], [ 72.514710489908879, 46.51306728786895 ], [ 72.505054050021727, 46.511791653103323 ], [ 72.504166666666691, 46.508333333333354 ], [ 72.504166666666691, 46.504166666666691 ], [ 72.504757181803413, 46.480181206597244 ], [ 72.51028951009117, 46.475567287868948 ], [ 72.516083780924504, 46.474080403645857 ], [ 72.524432712131102, 46.464710489908875 ], [ 72.525661214192738, 46.450899590386307 ], [ 72.532937452528245, 46.449032253689261 ], [ 72.536932712131104, 46.443877156575546 ], [ 72.5375, 46.4375 ], [ 72.538350931803407, 46.434184095594638 ], [ 72.543877156575547, 46.432766045464433 ], [ 72.551956176757841, 46.425567287868944 ], [ 72.5625, 46.425 ], [ 72.581591118706626, 46.424646674262178 ], [ 72.601742214626768, 46.404519992404538 ], [ 72.61078779432512, 46.403810967339432 ], [ 72.616652425130241, 46.397917005750891 ], [ 72.612146674262178, 46.393379720052103 ], [ 72.612853325737873, 46.380908881293422 ], [ 72.616313340928841, 46.377424452039953 ], [ 72.616666666666688, 46.366666666666688 ], [ 72.617881605360267, 46.3619327121311 ], [ 72.627210489908876, 46.363067287868944 ], [ 72.631122843424507, 46.366099378797763 ], [ 72.641666666666694, 46.366666666666688 ], [ 72.642570156521288, 46.363145616319464 ], [ 72.656122843424512, 46.350567287868948 ], [ 72.664710489908884, 46.349432712131097 ], [ 72.668622843424501, 46.346400621202278 ], [ 72.678231472439265, 46.345131089952275 ], [ 72.695266045464436, 46.327210489908879 ], [ 72.696684265136753, 46.321684095594641 ], [ 72.702210489908879, 46.320266045464429 ], [ 72.706122843424509, 46.31723395453561 ], [ 72.739710489908887, 46.316099378797766 ], [ 72.743622843424504, 46.313067287868947 ], [ 72.752210489908876, 46.311932712131096 ], [ 72.765678575303852, 46.2994327121311 ], [ 72.773043823242219, 46.300567287868944 ], [ 72.776956176757835, 46.303599378797763 ], [ 72.7875, 46.304166666666688 ], [ 72.7875, 46.3 ], [ 72.790815734863315, 46.299149237738739 ], [ 72.7916666666667, 46.295833333333356 ], [ 72.789531622992655, 46.295190429687523 ], [ 72.781301710340742, 46.288142903645856 ], [ 72.777031622992652, 46.28685709635419 ], [ 72.772968377007402, 46.283976236979186 ], [ 72.752031622992646, 46.28269042968752 ], [ 72.73963504367407, 46.27147623697919 ], [ 72.735364956325981, 46.270190429687524 ], [ 72.731301710340745, 46.26730957031252 ], [ 72.727031622992655, 46.266023763020854 ], [ 72.718754916720954, 46.258936225043421 ], [ 72.714635043674079, 46.261857096354191 ], [ 72.710364956325989, 46.263142903645857 ], [ 72.706245083279114, 46.266063774956621 ], [ 72.697968377007413, 46.258976236979187 ], [ 72.693698289659309, 46.257690429687521 ], [ 72.68546837700741, 46.250642903645854 ], [ 72.655214606391084, 46.249314032660614 ], [ 72.653523932562962, 46.243698459201411 ], [ 72.650642734103755, 46.239634874131966 ], [ 72.649223327636747, 46.225719875759566 ], [ 72.6375, 46.225 ], [ 72.637853325737879, 46.222575547960091 ], [ 72.645480007595509, 46.214924452039952 ], [ 72.645833333333357, 46.208333333333357 ], [ 72.649417114257844, 46.207413736979184 ], [ 72.657871500651069, 46.197925482855922 ], [ 72.654733954535615, 46.193877156575539 ], [ 72.653198920355933, 46.187896050347241 ], [ 72.647916666666688, 46.183801947699671 ], [ 72.6427424112956, 46.187812296549502 ], [ 72.641465250651066, 46.182114664713559 ], [ 72.645266045464439, 46.177210489908873 ], [ 72.646801079644121, 46.171229383680576 ], [ 72.651956176757835, 46.167233954535611 ], [ 72.657672119140656, 46.165767076280403 ], [ 72.65833333333336, 46.158333333333353 ], [ 72.655908881293428, 46.157980007595505 ], [ 72.652083333333366, 46.154181247287347 ], [ 72.648257785373289, 46.157980007595505 ], [ 72.643408881293425, 46.158686659071201 ], [ 72.639924452039963, 46.162146674262175 ], [ 72.631618923611143, 46.162853325737871 ], [ 72.625355699327287, 46.156621297200545 ], [ 72.624646674262181, 46.147575547960088 ], [ 72.621186659071213, 46.144091118706619 ], [ 72.620833333333366, 46.1375 ], [ 72.624338785807325, 46.136600409613735 ], [ 72.625, 46.129166666666684 ], [ 72.624149068196644, 46.125850762261308 ], [ 72.618622843424504, 46.124432712131096 ], [ 72.614710489908887, 46.121400621202277 ], [ 72.6125, 46.120833333333351 ], [ 72.608333333333363, 46.120833333333351 ], [ 72.608333333333363, 46.1125 ], [ 72.605017598470084, 46.111649237738732 ], [ 72.603599378797767, 46.106122843424501 ], [ 72.600567287868955, 46.10221048990887 ], [ 72.599338785807319, 46.088399590386302 ], [ 72.593622843424512, 46.086932712131095 ], [ 72.589583333333366, 46.083801947699669 ], [ 72.585543823242219, 46.086932712131095 ], [ 72.570086669921906, 46.088067287868945 ], [ 72.564710489908876, 46.083900621202275 ], [ 72.558333333333366, 46.08333333333335 ], [ 72.55918426513675, 46.080017428927974 ], [ 72.564710489908876, 46.078599378797762 ], [ 72.585289510091172, 46.058900621202277 ], [ 72.589710489908882, 46.057766045464426 ], [ 72.593622843424512, 46.054733954535607 ], [ 72.59583333333336, 46.054166666666688 ], [ 72.595475260416691, 46.051709832085535 ], [ 72.589924452039952, 46.046186659071218 ], [ 72.585075547960102, 46.045480007595522 ], [ 72.564924452039961, 46.025353325737882 ], [ 72.560075547960096, 46.024646674262186 ], [ 72.556591118706621, 46.021186659071219 ], [ 72.543408881293431, 46.020480007595523 ], [ 72.539212883843348, 46.016313340928853 ], [ 72.535075547960091, 46.017019992404549 ], [ 72.531591118706629, 46.020480007595523 ], [ 72.529166666666697, 46.02083333333335 ], [ 72.505908881293422, 46.020480007595523 ], [ 72.502424452039961, 46.017019992404549 ], [ 72.497575547960096, 46.016313340928853 ], [ 72.489924452039958, 46.008686659071216 ], [ 72.4875, 46.008333333333368 ], [ 72.488117641872861, 46.006173197428417 ], [ 72.491049024793867, 46.00216013590498 ], [ 72.492383829752626, 45.988486226399772 ], [ 72.49799346923831, 45.986882358127204 ], [ 72.502006530761747, 45.983950975206199 ], [ 72.507406955295167, 45.982406955295176 ], [ 72.509326850043422, 45.975692070855068 ], [ 72.528341844346812, 45.974295552571647 ], [ 72.532774353027364, 45.968753560384151 ], [ 72.529784308539519, 45.964660135904985 ], [ 72.528195020887608, 45.959101528591617 ], [ 72.517460801866349, 45.957539198133716 ], [ 72.516049024793858, 45.947839864095087 ], [ 72.513117641872853, 45.94382680257165 ], [ 72.5125, 45.9375 ], [ 72.509184265136739, 45.936649068196651 ], [ 72.508333333333354, 45.933333333333366 ], [ 72.509701199001768, 45.928549024793874 ], [ 72.531326802571641, 45.929784308539531 ], [ 72.535339864095079, 45.932715691460537 ], [ 72.54089847140844, 45.934304979112447 ], [ 72.542528110080326, 45.945502217610709 ], [ 72.549530877007399, 45.950617641872867 ], [ 72.564660135904973, 45.949382358127203 ], [ 72.56867319742841, 45.946450975206197 ], [ 72.585493469238301, 45.94521569146054 ], [ 72.589506530761739, 45.942284308539527 ], [ 72.593826802571641, 45.94104902479387 ], [ 72.597839864095079, 45.938117641872864 ], [ 72.603869967990477, 45.936393568250899 ], [ 72.611882358127204, 45.927160135904984 ], [ 72.613302612304722, 45.917401801215313 ], [ 72.620833333333366, 45.9166666666667 ], [ 72.624149068196644, 45.915815734863315 ], [ 72.625, 45.9125 ], [ 72.627456834581196, 45.912141927083368 ], [ 72.633319091796906, 45.906250339084238 ], [ 72.628813340928843, 45.901712883843352 ], [ 72.629519992404539, 45.880908881293436 ], [ 72.641653781467042, 45.86875 ], [ 72.629519992404539, 45.856591118706632 ], [ 72.628813340928843, 45.843408881293435 ], [ 72.625353325737876, 45.839924452039966 ], [ 72.625, 45.8375 ], [ 72.628770785861576, 45.836532253689271 ], [ 72.632766045464436, 45.831377156575556 ], [ 72.633900621202287, 45.826956176757847 ], [ 72.636932712131099, 45.823043823242223 ], [ 72.638161214192735, 45.809232923719648 ], [ 72.641666666666694, 45.808333333333366 ], [ 72.654166666666697, 45.808333333333366 ], [ 72.665757412380671, 45.807709757487011 ], [ 72.667233954535618, 45.801956176757848 ], [ 72.67026604546443, 45.798043823242224 ], [ 72.670833333333363, 45.79583333333337 ], [ 72.671519639756966, 45.784172566731804 ], [ 72.677006530761744, 45.779784308539533 ], [ 72.68549346923831, 45.778549024793868 ], [ 72.693743387858106, 45.771389940049943 ], [ 72.698638916015653, 45.774966091579891 ], [ 72.703549024793858, 45.768826802571645 ], [ 72.70478430853953, 45.76450653076175 ], [ 72.707715691460535, 45.760493469238313 ], [ 72.709140353732664, 45.750705634223124 ], [ 72.728173149956632, 45.749307929144997 ], [ 72.7291666666667, 45.745833333333366 ], [ 72.7291666666667, 45.741666666666703 ], [ 72.725708516438829, 45.740779283311667 ], [ 72.724432712131104, 45.731122843424515 ], [ 72.719873555501323, 45.72565595838762 ], [ 72.706122843424509, 45.724432712131112 ], [ 72.702210489908879, 45.721400621202292 ], [ 72.69778951009117, 45.720266045464442 ], [ 72.693877156575553, 45.717233954535622 ], [ 72.688350931803413, 45.715815734863313 ], [ 72.686600409613746, 45.708994547526075 ], [ 72.672789510091178, 45.707766045464439 ], [ 72.667634412977463, 45.703770785861579 ], [ 72.666099378797767, 45.697789510091177 ], [ 72.663067287868955, 45.693877156575553 ], [ 72.661791483561231, 45.684220716688401 ], [ 72.654905361599418, 45.682453579372861 ], [ 72.653599378797765, 45.674253336588571 ], [ 72.657766045464442, 45.668877156575554 ], [ 72.658900621202278, 45.663714938693609 ], [ 72.651956176757835, 45.661932712131112 ], [ 72.648043823242219, 45.658900621202292 ], [ 72.643622843424509, 45.657766045464442 ], [ 72.638150702582493, 45.653202480740049 ], [ 72.636932712131099, 45.63871493869361 ], [ 72.644982401529973, 45.636649068196647 ], [ 72.646684265136741, 45.630017598470083 ], [ 72.65, 45.629166666666698 ], [ 72.65, 45.616666666666696 ], [ 72.646494547526075, 45.615767076280413 ], [ 72.645833333333357, 45.608333333333363 ], [ 72.654166666666697, 45.608333333333363 ], [ 72.65833333333336, 45.608333333333363 ], [ 72.658686659071208, 45.597575547960105 ], [ 72.671186659071211, 45.585049777560798 ], [ 72.670480007595515, 45.580908881293432 ], [ 72.667019992404548, 45.577424452039963 ], [ 72.6666666666667, 45.570833333333368 ], [ 72.668914964464008, 45.570303853352897 ], [ 72.67691836886938, 45.5630294799805 ], [ 72.682387118869386, 45.561741468641522 ], [ 72.686970520019557, 45.556414964464004 ], [ 72.688272603352885, 45.550886366102461 ], [ 72.692665947808194, 45.549517991807754 ], [ 72.697751702202723, 45.553637186686231 ], [ 72.704166666666694, 45.554166666666696 ], [ 72.710757785373289, 45.554519992404543 ], [ 72.714242214626765, 45.557980007595518 ], [ 72.7375, 45.558333333333366 ], [ 72.739924452039958, 45.558686659071213 ], [ 72.74412044949004, 45.562853325737876 ], [ 72.764924452039963, 45.562146674262181 ], [ 72.772575547960102, 45.554519992404543 ], [ 72.7875, 45.554166666666696 ], [ 72.788161214192741, 45.546732923719652 ], [ 72.793877156575547, 45.545266045464444 ], [ 72.797789510091178, 45.542233954535618 ], [ 72.804733954535621, 45.540451727973121 ], [ 72.80359937879777, 45.535289510091175 ], [ 72.799432712131107, 45.529913330078159 ], [ 72.800567287868958, 45.522789510091179 ], [ 72.80359937879777, 45.518877156575549 ], [ 72.804733954535621, 45.510289510091177 ], [ 72.808900621202284, 45.504913330078153 ], [ 72.807766045464433, 45.493622843424511 ], [ 72.799432712131107, 45.484270562066001 ], [ 72.801192389594206, 45.479388427734406 ], [ 72.806122843424504, 45.475567287868955 ], [ 72.810543823242213, 45.474432712131104 ], [ 72.814456176757844, 45.471400621202285 ], [ 72.823043823242216, 45.470266045464442 ], [ 72.826956176757847, 45.467233954535622 ], [ 72.832672119140653, 45.465767076280414 ], [ 72.833900621202289, 45.451956176757847 ], [ 72.836932712131102, 45.448043823242216 ], [ 72.838467746310798, 45.442062547471821 ], [ 72.843622843424512, 45.438067287868954 ], [ 72.850567287868955, 45.436285061306457 ], [ 72.849432712131104, 45.422789510091178 ], [ 72.842233954535615, 45.414710489908884 ], [ 72.840815734863313, 45.409184265136751 ], [ 72.8375, 45.40833333333336 ], [ 72.8375, 45.4 ], [ 72.85, 45.4 ], [ 72.850617472330754, 45.393673197428413 ], [ 72.854784138997431, 45.387969122992651 ], [ 72.853413221571216, 45.375799899631104 ], [ 72.842201741536485, 45.374168226454024 ], [ 72.833950975206193, 45.364660135904977 ], [ 72.832715691460535, 45.356173197428419 ], [ 72.829092068142387, 45.351212565104198 ], [ 72.837386067708366, 45.348841179741783 ], [ 72.8411051432292, 45.34375 ], [ 72.838117641872856, 45.339660135904978 ], [ 72.836882358127198, 45.331173197428413 ], [ 72.833950975206193, 45.327160135904975 ], [ 72.832226901584235, 45.321130032009577 ], [ 72.822993469238313, 45.313117641872857 ], [ 72.81678059895836, 45.311341179741781 ], [ 72.812533908420164, 45.305527750651073 ], [ 72.81867319742841, 45.300617641872861 ], [ 72.822993469238313, 45.299382358127197 ], [ 72.82700653076175, 45.296450975206191 ], [ 72.829166666666694, 45.295833333333363 ], [ 72.831591118706626, 45.295480007595515 ], [ 72.835075547960102, 45.292019992404541 ], [ 72.848285590277811, 45.291311815049944 ], [ 72.857980007595515, 45.281591118706629 ], [ 72.858333333333363, 45.279166666666697 ], [ 72.864924452039958, 45.278813340928849 ], [ 72.868408881293433, 45.275353325737875 ], [ 72.877424452039961, 45.274646674262179 ], [ 72.880908881293436, 45.271186659071212 ], [ 72.898257785373289, 45.270480007595516 ], [ 72.901742214626765, 45.267019992404542 ], [ 72.90833333333336, 45.266666666666694 ], [ 72.909184095594654, 45.26998240152998 ], [ 72.914710489908884, 45.271400621202289 ], [ 72.931122843424504, 45.286932712131104 ], [ 72.956377156575556, 45.288067287868955 ], [ 72.961753336588572, 45.292233954535618 ], [ 72.989710489908887, 45.291099378797774 ], [ 72.995086669921903, 45.286932712131104 ], [ 73.006377156575553, 45.288067287868955 ], [ 73.011753336588569, 45.292233954535618 ], [ 73.031377156575545, 45.291099378797774 ], [ 73.036753336588575, 45.286932712131104 ], [ 73.060543823242213, 45.288067287868955 ], [ 73.065920003255243, 45.292233954535618 ], [ 73.081377156575556, 45.291099378797774 ], [ 73.085289510091172, 45.288067287868955 ], [ 73.09583333333336, 45.2875 ], [ 73.09583333333336, 45.28333333333336 ], [ 73.1, 45.28333333333336 ], [ 73.110757785373295, 45.282980007595512 ], [ 73.114242214626771, 45.279519992404545 ], [ 73.116666666666703, 45.279166666666697 ], [ 73.125, 45.279166666666697 ], [ 73.128559027777811, 45.278253343370253 ], [ 73.129166666666691, 45.2625 ], [ 73.130153062608542, 45.259050496419299 ], [ 73.143826972113743, 45.257715691460533 ], [ 73.147839694552985, 45.254784308539527 ], [ 73.161513604058186, 45.253449503580761 ], [ 73.163497585720521, 45.246510314941432 ], [ 73.185493638780414, 45.24521569146053 ], [ 73.193673027886319, 45.238117641872861 ], [ 73.20216030544708, 45.236882358127197 ], [ 73.20786404079864, 45.232715691460534 ], [ 73.21049363878042, 45.233950975206191 ], [ 73.21619737413198, 45.238117641872861 ], [ 73.224212646484403, 45.236660766601588 ], [ 73.22580939398874, 45.225688001844645 ], [ 73.247993638780414, 45.224382358127201 ], [ 73.252006361219657, 45.221450975206189 ], [ 73.260493638780417, 45.220215691460531 ], [ 73.264506361219645, 45.217284308539526 ], [ 73.275, 45.216666666666697 ], [ 73.289710489908884, 45.216099378797772 ], [ 73.306122843424518, 45.20056728786895 ], [ 73.319933742947086, 45.199338785807321 ], [ 73.321739027235282, 45.19230431450741 ], [ 73.339710489908882, 45.191099378797773 ], [ 73.343622843424512, 45.188067287868954 ], [ 73.35, 45.1875 ], [ 73.350899590386319, 45.183994547526069 ], [ 73.358333333333363, 45.183333333333358 ], [ 73.357980007595515, 45.180908881293433 ], [ 73.354519992404548, 45.177424452039958 ], [ 73.353813340928852, 45.168408881293431 ], [ 73.350353325737885, 45.164924452039962 ], [ 73.35, 45.15833333333336 ], [ 73.352424452039969, 45.157980007595512 ], [ 73.360075547960108, 45.150353325737875 ], [ 73.364924452039958, 45.149646674262179 ], [ 73.368408881293433, 45.146186659071205 ], [ 73.373257785373298, 45.145480007595516 ], [ 73.376742214626773, 45.142019992404542 ], [ 73.381621636284748, 45.141308932834228 ], [ 73.391313340928846, 45.131591118706623 ], [ 73.392019992404542, 45.126742214626766 ], [ 73.395480007595523, 45.123257785373291 ], [ 73.395833333333371, 45.120833333333358 ], [ 73.395303683810795, 45.106085205078152 ], [ 73.392062717013928, 45.102083333333361 ], [ 73.396362982855933, 45.096773952908016 ], [ 73.394881863064271, 45.092314317491343 ], [ 73.385251871744828, 45.091137017144128 ], [ 73.381414794921909, 45.088029649522596 ], [ 73.366666666666703, 45.0875 ], [ 73.364418538411485, 45.086970350477458 ], [ 73.360581461588581, 45.083862982855933 ], [ 73.355078803168439, 45.082566663954019 ], [ 73.353637017144123, 45.078226047092045 ], [ 73.357803683810801, 45.073081461588572 ], [ 73.358333333333363, 45.066666666666691 ], [ 73.360543823242224, 45.066099378797773 ], [ 73.364456176757841, 45.063067287868954 ], [ 73.385543823242216, 45.061932712131103 ], [ 73.389456176757847, 45.058900621202284 ], [ 73.393877156575556, 45.05776604546444 ], [ 73.397789510091172, 45.054733954535621 ], [ 73.427210489908887, 45.05359937879777 ], [ 73.439456176757844, 45.042233954535618 ], [ 73.452210489908893, 45.041099378797767 ], [ 73.456122843424509, 45.038067287868948 ], [ 73.468877156575559, 45.036932712131104 ], [ 73.472789510091175, 45.033900621202285 ], [ 73.482487657335099, 45.032619222005238 ], [ 73.483534749348991, 45.027947998046905 ], [ 73.478902180989621, 45.021970621744821 ], [ 73.483333333333363, 45.020833333333357 ], [ 73.483976236979203, 45.018698459201417 ], [ 73.488142903645866, 45.012821790907147 ], [ 73.486772664388056, 44.992442491319473 ], [ 73.472865125868083, 44.991023763020863 ], [ 73.468801540798651, 44.988142903645858 ], [ 73.460365125868094, 44.986857096354193 ], [ 73.456301540798648, 44.983976236979196 ], [ 73.452031792534754, 44.98269042968753 ], [ 73.447968207465308, 44.979809570312526 ], [ 73.437719387478339, 44.978247748480932 ], [ 73.43269042968754, 44.971155124240475 ], [ 73.43406168619795, 44.955201890733534 ], [ 73.4375, 44.954166666666694 ], [ 73.436649237738749, 44.950850762261311 ], [ 73.42859937879777, 44.948785061306452 ], [ 73.429733954535621, 44.926956176757841 ], [ 73.432766045464447, 44.92304382324221 ], [ 73.433333333333366, 44.920833333333363 ], [ 73.418408881293431, 44.920480007595515 ], [ 73.41285366482208, 44.914952256944474 ], [ 73.4125, 44.870833333333358 ], [ 73.411857096354197, 44.868698459201411 ], [ 73.404809570312537, 44.860468207465303 ], [ 73.403390163845515, 44.84655320909291 ], [ 73.381198459201428, 44.845190429687527 ], [ 73.377134874131983, 44.842309570312523 ], [ 73.370809936523472, 44.840404934353323 ], [ 73.367309570312528, 44.835468207465304 ], [ 73.36570231119795, 44.83013102213544 ], [ 73.360365125868086, 44.828523763020861 ], [ 73.35630154079864, 44.825642903645857 ], [ 73.35096435546879, 44.824035644531278 ], [ 73.349357096354197, 44.818698459201414 ], [ 73.3464762369792, 44.814634874131968 ], [ 73.34583333333336, 44.8125 ], [ 73.339242214626765, 44.812146674262181 ], [ 73.335757785373303, 44.808686659071206 ], [ 73.330908881293439, 44.807980007595511 ], [ 73.327424452039963, 44.804519992404536 ], [ 73.325, 44.804166666666688 ], [ 73.3125, 44.804166666666688 ], [ 73.311649237738749, 44.800850762261312 ], [ 73.305017428927982, 44.799149237738739 ], [ 73.304166666666703, 44.795833333333356 ], [ 73.300850762261319, 44.794982571072076 ], [ 73.3, 44.791666666666693 ], [ 73.300887383355061, 44.788208346896724 ], [ 73.310543823242227, 44.786932712131104 ], [ 73.318622843424507, 44.779733954535615 ], [ 73.328247070312528, 44.778462388780405 ], [ 73.332766045464439, 44.773043823242212 ], [ 73.333900621202289, 44.751956176757837 ], [ 73.341099378797779, 44.743877156575543 ], [ 73.342233954535629, 44.739456176757841 ], [ 73.345364718967048, 44.735416666666694 ], [ 73.342233954535629, 44.731377156575547 ], [ 73.341099378797779, 44.726956176757838 ], [ 73.337968614366346, 44.722916666666691 ], [ 73.341198052300385, 44.71875 ], [ 73.338067287868952, 44.714710489908882 ], [ 73.3375, 44.708333333333357 ], [ 73.338387383355069, 44.704875013563395 ], [ 73.348043823242222, 44.703599378797769 ], [ 73.351956176757852, 44.70056728786895 ], [ 73.365706719292561, 44.699344211154539 ], [ 73.370266045464447, 44.693877156575546 ], [ 73.370833333333366, 44.679166666666688 ], [ 73.373257785373298, 44.678813340928841 ], [ 73.376742214626773, 44.675353325737873 ], [ 73.389924452039963, 44.674646674262178 ], [ 73.393408881293439, 44.671186659071203 ], [ 73.402424452039966, 44.670480007595508 ], [ 73.410075547960105, 44.662853325737871 ], [ 73.427424452039958, 44.662146674262175 ], [ 73.430908881293433, 44.658686659071208 ], [ 73.444120279947953, 44.657978312174507 ], [ 73.449646674262183, 44.652424452039952 ], [ 73.45, 44.65 ], [ 73.450661214192735, 44.642566257052977 ], [ 73.457750447591181, 44.640747070312521 ], [ 73.466099378797779, 44.631377156575546 ], [ 73.467634412977461, 44.625396050347248 ], [ 73.472789510091175, 44.621400621202284 ], [ 73.490672810872425, 44.620201619466172 ], [ 73.49943271213111, 44.61054382324221 ], [ 73.500850762261322, 44.605017428927972 ], [ 73.506377156575553, 44.603599378797767 ], [ 73.514456176757847, 44.596400621202278 ], [ 73.516666666666694, 44.59583333333336 ], [ 73.51631334092886, 44.585075547960095 ], [ 73.512146674262183, 44.58087972005211 ], [ 73.512853325737879, 44.576742214626762 ], [ 73.520480007595523, 44.569091118706623 ], [ 73.520833333333371, 44.566666666666691 ], [ 73.527210489908882, 44.566099378797766 ], [ 73.531122843424512, 44.563067287868947 ], [ 73.543877156575562, 44.561932712131096 ], [ 73.547789510091178, 44.558900621202284 ], [ 73.552210489908887, 44.557766045464433 ], [ 73.556122843424518, 44.554733954535614 ], [ 73.560543823242227, 44.553599378797763 ], [ 73.564456176757844, 44.550567287868944 ], [ 73.570250447591178, 44.54908040364586 ], [ 73.578599378797776, 44.539710489908877 ], [ 73.580017428927988, 44.53418409559464 ], [ 73.586838785807331, 44.53243374294707 ], [ 73.588155788845526, 44.517626614040822 ], [ 73.593622843424512, 44.51306728786895 ], [ 73.599149237738743, 44.511649237738737 ], [ 73.6, 44.508333333333354 ], [ 73.600623575846384, 44.496742418077282 ], [ 73.6041666666667, 44.495833333333358 ], [ 73.610543823242224, 44.495266045464433 ], [ 73.618622843424518, 44.488067287868944 ], [ 73.623043823242227, 44.4869327121311 ], [ 73.631122843424521, 44.479733954535611 ], [ 73.639710489908893, 44.478599378797767 ], [ 73.643622843424509, 44.475567287868948 ], [ 73.648043823242219, 44.474432712131097 ], [ 73.651956176757849, 44.471400621202278 ], [ 73.661612616645002, 44.470124986436652 ], [ 73.6625, 44.46666666666669 ], [ 73.6666666666667, 44.46666666666669 ], [ 73.669091118706632, 44.466313340928842 ], [ 73.672575547960108, 44.462853325737868 ], [ 73.695833333333368, 44.4625 ], [ 73.697048272026947, 44.467233954535615 ], [ 73.706377156575556, 44.466099378797765 ], [ 73.711753336588572, 44.461932712131102 ], [ 73.714710489908896, 44.463067287868945 ], [ 73.718622843424512, 44.466099378797765 ], [ 73.731377156575562, 44.467233954535615 ], [ 73.735289510091178, 44.470266045464435 ], [ 73.741666666666703, 44.470833333333353 ], [ 73.752424452039961, 44.471186659071201 ], [ 73.755908881293436, 44.474646674262175 ], [ 73.777424452039966, 44.475353325737871 ], [ 73.781250678168433, 44.479153103298636 ], [ 73.793408881293445, 44.467019992404538 ], [ 73.820833333333368, 44.46666666666669 ], [ 73.827210489908893, 44.466099378797765 ], [ 73.843622843424512, 44.45056728786895 ], [ 73.849603949652817, 44.449032253689261 ], [ 73.853599378797782, 44.443877156575546 ], [ 73.855062188042567, 44.4381771511502 ], [ 73.872789510091181, 44.421400621202281 ], [ 73.87721048990889, 44.42026604546443 ], [ 73.881122843424521, 44.417233954535611 ], [ 73.90742153591583, 44.416052585177972 ], [ 73.909239027235287, 44.40897115071617 ], [ 73.928260972764789, 44.407695515950543 ], [ 73.929733954535621, 44.401956176757835 ], [ 73.932766045464447, 44.398043823242212 ], [ 73.933900621202298, 44.389456176757832 ], [ 73.94526604546445, 44.377210489908876 ], [ 73.946400621202301, 44.372789510091167 ], [ 73.949432712131113, 44.368877156575543 ], [ 73.95, 44.3625 ], [ 73.95659111870664, 44.362146674262178 ], [ 73.960075547960102, 44.358686659071203 ], [ 73.975, 44.358333333333356 ], [ 73.975850762261317, 44.355017428927972 ], [ 73.9791666666667, 44.354166666666686 ], [ 73.981591118706632, 44.353813340928838 ], [ 73.989242214626771, 44.346186659071201 ], [ 73.994091118706635, 44.345480007595505 ], [ 73.998286946614627, 44.341313340928842 ], [ 74.002424452039975, 44.342019992404538 ], [ 74.006620279947953, 44.346186659071201 ], [ 74.010757785373301, 44.345480007595505 ], [ 74.014953613281293, 44.341313340928842 ], [ 74.044091118706632, 44.342019992404538 ], [ 74.048286946614624, 44.346186659071201 ], [ 74.052424452039972, 44.345480007595505 ], [ 74.055908881293448, 44.342019992404538 ], [ 74.066666666666706, 44.34166666666669 ], [ 74.067019992404539, 44.339242214626758 ], [ 74.082980007595509, 44.323257785373286 ], [ 74.083686659071205, 44.297575547960093 ], [ 74.092019992404531, 44.289215766059051 ], [ 74.091313340928849, 44.255908881293422 ], [ 74.087853325737868, 44.252424452039953 ], [ 74.087146674262172, 44.247575547960089 ], [ 74.082980007595509, 44.243379720052104 ], [ 74.083686659071205, 44.230908881293423 ], [ 74.087146674262172, 44.227424452039955 ], [ 74.0875, 44.225 ], [ 74.0875, 44.220833333333353 ], [ 74.083333333333357, 44.220833333333353 ], [ 74.080017598470079, 44.219982571072066 ], [ 74.079166666666694, 44.21666666666669 ], [ 74.071732923719637, 44.216005452473979 ], [ 74.070833333333368, 44.2125 ], [ 74.077424452039949, 44.212146674262172 ], [ 74.08125, 44.208347913954015 ], [ 74.085075547960088, 44.212146674262172 ], [ 74.0875, 44.2125 ], [ 74.115793185763906, 44.211856757269985 ], [ 74.12021569146053, 44.206326972113736 ], [ 74.121635945638047, 44.196568467881967 ], [ 74.129166666666691, 44.195833333333354 ], [ 74.133333333333354, 44.195833333333354 ], [ 74.164924452039955, 44.195480007595506 ], [ 74.168408881293431, 44.192019992404532 ], [ 74.1875, 44.191666666666684 ], [ 74.188186306423631, 44.180005900065126 ], [ 74.19367319742841, 44.17561747233075 ], [ 74.210493469238301, 44.174382527669295 ], [ 74.214506530761739, 44.17145080566408 ], [ 74.232502407497847, 44.170129394531273 ], [ 74.241049024793867, 44.160493638780402 ], [ 74.242371114095079, 44.142491319444467 ], [ 74.24783986409507, 44.138117472330748 ], [ 74.261697387695335, 44.136764865451411 ], [ 74.263117641872853, 44.127006361219635 ], [ 74.275617641872856, 44.113306342230921 ], [ 74.274382358127198, 44.106173027886307 ], [ 74.271387905544728, 44.102073838975713 ], [ 74.286882358127201, 44.085493638780399 ], [ 74.2875, 44.079166666666687 ], [ 74.2875, 44.075 ], [ 74.302424452039958, 44.074646674262191 ], [ 74.305908881293433, 44.071186659071216 ], [ 74.319091118706623, 44.070480007595521 ], [ 74.322575547960099, 44.067019992404546 ], [ 74.333333333333357, 44.066666666666706 ], [ 74.333686659071205, 44.064242214626773 ], [ 74.349646674262175, 44.048257785373302 ], [ 74.350355699327281, 44.03921220567495 ], [ 74.356249660915822, 44.033347574869829 ], [ 74.360787116156715, 44.037853325737885 ], [ 74.369091118706621, 44.037146674262189 ], [ 74.373287116156703, 44.032980007595519 ], [ 74.381591118706623, 44.033686659071215 ], [ 74.385787116156706, 44.037853325737885 ], [ 74.394091118706626, 44.037146674262189 ], [ 74.397575547960088, 44.033686659071215 ], [ 74.404166666666697, 44.033333333333367 ], [ 74.405017598470081, 44.030017598470089 ], [ 74.411791483561217, 44.028279283311669 ], [ 74.413067287868955, 44.018622843424517 ], [ 74.416931321885869, 44.01363711886939 ], [ 74.4125, 44.0125 ], [ 74.412853325737871, 43.997575547960103 ], [ 74.416313340928838, 43.994091118706635 ], [ 74.416666666666686, 43.9791666666667 ], [ 74.417233954535618, 43.972789510091182 ], [ 74.424432712131107, 43.964710489908889 ], [ 74.42585093180341, 43.959184265136756 ], [ 74.43137715657555, 43.957766045464446 ], [ 74.435289510091167, 43.954733954535627 ], [ 74.4375, 43.954166666666701 ], [ 74.438387383355064, 43.950708516438837 ], [ 74.448043823242216, 43.949432712131113 ], [ 74.451956176757832, 43.946400621202294 ], [ 74.456377156575542, 43.945266045464443 ], [ 74.460289510091172, 43.942233954535624 ], [ 74.468877156575545, 43.94109937879778 ], [ 74.472789510091175, 43.938067287868961 ], [ 74.481377156575547, 43.93693271213111 ], [ 74.485289510091178, 43.933900621202291 ], [ 74.49387715657555, 43.932766045464447 ], [ 74.497789510091167, 43.929733954535621 ], [ 74.507445949978319, 43.928458150227897 ], [ 74.508333333333354, 43.925 ], [ 74.508686659071202, 43.922575547960101 ], [ 74.512146674262183, 43.919091118706632 ], [ 74.512858072916686, 43.91420983208554 ], [ 74.518408881293425, 43.908686659071215 ], [ 74.527424452039952, 43.907980007595519 ], [ 74.530908881293428, 43.904519992404545 ], [ 74.5375, 43.904166666666697 ], [ 74.5416666666667, 43.904166666666697 ], [ 74.552424452039958, 43.903813340928856 ], [ 74.555908881293433, 43.900353325737882 ], [ 74.5625, 43.9 ], [ 74.562853325737876, 43.889242214626769 ], [ 74.582980007595509, 43.869091118706628 ], [ 74.583686659071205, 43.864242214626771 ], [ 74.587853325737868, 43.860046217176681 ], [ 74.587146674262186, 43.847575547960105 ], [ 74.583686659071205, 43.844091118706629 ], [ 74.583333333333357, 43.833333333333364 ], [ 74.584184265136741, 43.830017598470086 ], [ 74.589710489908882, 43.828599378797776 ], [ 74.593622843424512, 43.825567287868957 ], [ 74.6, 43.825 ], [ 74.6041666666667, 43.825 ], [ 74.605017598470084, 43.821684265136753 ], [ 74.61054382324221, 43.820266045464443 ], [ 74.614456176757841, 43.817233954535624 ], [ 74.624112616644993, 43.8159581502279 ], [ 74.625850931803413, 43.80918426513675 ], [ 74.631377156575553, 43.80776604546444 ], [ 74.63528951009117, 43.804733954535621 ], [ 74.639710489908879, 43.803599378797777 ], [ 74.643622843424509, 43.800567287868958 ], [ 74.648043823242219, 43.799432712131107 ], [ 74.651956176757835, 43.796400621202288 ], [ 74.664710489908884, 43.795266045464444 ], [ 74.672789510091178, 43.788067287868955 ], [ 74.677210489908887, 43.786932712131112 ], [ 74.681122843424504, 43.783900621202292 ], [ 74.685543823242213, 43.782766045464442 ], [ 74.69778951009117, 43.771400621202289 ], [ 74.702210489908879, 43.770266045464446 ], [ 74.706122843424509, 43.767233954535627 ], [ 74.708333333333357, 43.766666666666701 ], [ 74.707980007595509, 43.739242214626771 ], [ 74.704519992404542, 43.735757785373295 ], [ 74.703812493218351, 43.714216274685363 ], [ 74.681591118706621, 43.692019992404546 ], [ 74.676742214626756, 43.691313340928851 ], [ 74.669091118706618, 43.683686659071213 ], [ 74.6666666666667, 43.683333333333366 ], [ 74.666308932834227, 43.680878194173211 ], [ 74.656591118706629, 43.671186659071211 ], [ 74.654166666666697, 43.670833333333363 ], [ 74.654519992404545, 43.664242214626768 ], [ 74.657980007595512, 43.660757785373299 ], [ 74.65833333333336, 43.65 ], [ 74.659184265136744, 43.646684265136749 ], [ 74.664710489908884, 43.645266045464439 ], [ 74.672789510091178, 43.638067287868957 ], [ 74.677210489908887, 43.636932712131106 ], [ 74.681122843424504, 43.633900621202287 ], [ 74.6875, 43.633333333333368 ], [ 74.689710489908876, 43.632766045464443 ], [ 74.701956176757847, 43.621400621202291 ], [ 74.706377156575542, 43.62026604546444 ], [ 74.710289510091172, 43.617233954535621 ], [ 74.719945949978325, 43.615958150227897 ], [ 74.72083333333336, 43.6125 ], [ 74.727424452039955, 43.612146674262185 ], [ 74.743408881293433, 43.596186659071215 ], [ 74.752424452039961, 43.595480007595519 ], [ 74.755908881293436, 43.592019992404545 ], [ 74.760757785373286, 43.591313340928849 ], [ 74.764242214626762, 43.587853325737882 ], [ 74.766666666666694, 43.5875 ], [ 74.767517598470079, 43.584184265136749 ], [ 74.774417114257844, 43.582413567437101 ], [ 74.782766045464442, 43.573043823242216 ], [ 74.78333333333336, 43.570833333333368 ], [ 74.78333333333336, 43.566666666666698 ], [ 74.786838785807319, 43.565767076280416 ], [ 74.7875, 43.558333333333366 ], [ 74.787146674262175, 43.543408881293431 ], [ 74.779519992404545, 43.535757785373292 ], [ 74.779166666666697, 43.529166666666697 ], [ 74.782937452528245, 43.528198920355933 ], [ 74.786932712131104, 43.523043823242219 ], [ 74.788161214192741, 43.509232923719651 ], [ 74.795437452528233, 43.507365587022598 ], [ 74.799432712131107, 43.502210489908883 ], [ 74.8, 43.5 ], [ 74.814924452039961, 43.499646674262181 ], [ 74.822575547960099, 43.492019992404543 ], [ 74.835757785373289, 43.491313340928848 ], [ 74.839242214626765, 43.487853325737881 ], [ 74.841666666666697, 43.4875 ], [ 74.84583333333336, 43.4875 ], [ 74.84583333333336, 43.4625 ], [ 74.846186659071208, 43.455908881293432 ], [ 74.857980007595515, 43.444091118706631 ], [ 74.858686659071211, 43.418408881293431 ], [ 74.862146674262178, 43.414924452039962 ], [ 74.8625, 43.395833333333364 ], [ 74.86340908474395, 43.392290242513049 ], [ 74.885543823242216, 43.391099378797776 ], [ 74.889456176757847, 43.388067287868957 ], [ 74.914710489908884, 43.386932712131106 ], [ 74.922789510091178, 43.379733954535624 ], [ 74.927210489908887, 43.378599378797773 ], [ 74.935289510091181, 43.371400621202284 ], [ 74.956377156575556, 43.37026604546444 ], [ 74.960289510091172, 43.367233954535621 ], [ 74.975, 43.366666666666696 ], [ 74.975, 43.3625 ], [ 74.975, 43.358333333333363 ], [ 74.978315904405406, 43.357482401529978 ], [ 74.9791666666667, 43.3541666666667 ], [ 74.982482571072083, 43.353315734863308 ], [ 74.983900621202281, 43.347789510091175 ], [ 74.99109937879777, 43.339710489908882 ], [ 74.992233954535621, 43.335289510091172 ], [ 74.995266045464433, 43.331377156575549 ], [ 74.996684095594645, 43.325850931803416 ], [ 75.00221048990889, 43.324432712131106 ], [ 75.01028951009117, 43.317233954535617 ], [ 75.015815904405414, 43.315815734863314 ], [ 75.017634412977458, 43.308729214138481 ], [ 75.022789510091172, 43.304733954535621 ], [ 75.039710489908884, 43.30359937879777 ], [ 75.051956176757841, 43.292233954535618 ], [ 75.057482571072086, 43.290815734863308 ], [ 75.058333333333366, 43.2875 ], [ 75.060543823242213, 43.286932712131104 ], [ 75.069913736979203, 43.278583780924507 ], [ 75.071651882595518, 43.271810743543867 ], [ 75.07593722873267, 43.270266045464439 ], [ 75.085289510091172, 43.278599378797772 ], [ 75.093877156575559, 43.279733954535622 ], [ 75.110289510091178, 43.295266045464437 ], [ 75.117413330078151, 43.296400621202288 ], [ 75.122789510091181, 43.292233954535618 ], [ 75.165451727973121, 43.291099378797774 ], [ 75.1666666666667, 43.295833333333363 ], [ 75.169091118706632, 43.296186659071211 ], [ 75.172575547960108, 43.299646674262185 ], [ 75.175, 43.3 ], [ 75.1875, 43.3 ], [ 75.189924452039961, 43.299646674262185 ], [ 75.197575547960099, 43.292019992404541 ], [ 75.202424452039963, 43.291313340928852 ], [ 75.205908881293439, 43.287853325737878 ], [ 75.214954630533882, 43.287144300672772 ], [ 75.220480007595512, 43.281591118706629 ], [ 75.22083333333336, 43.279166666666697 ], [ 75.223257785373292, 43.278813340928849 ], [ 75.226742214626768, 43.275353325737875 ], [ 75.235757785373295, 43.274646674262179 ], [ 75.239242214626771, 43.271186659071212 ], [ 75.241666666666703, 43.270833333333364 ], [ 75.248257785373298, 43.271186659071212 ], [ 75.252453613281276, 43.275353325737875 ], [ 75.256591118706623, 43.274646674262179 ], [ 75.260075547960099, 43.271186659071212 ], [ 75.264924452039963, 43.270480007595516 ], [ 75.268408881293439, 43.267019992404542 ], [ 75.273257785373289, 43.266313340928846 ], [ 75.276742214626765, 43.262853325737879 ], [ 75.279166666666697, 43.2625 ], [ 75.279166666666697, 43.258333333333361 ], [ 75.28272569444448, 43.257420010036924 ], [ 75.28333333333336, 43.241666666666696 ], [ 75.283950805664091, 43.235339864095081 ], [ 75.291049194335969, 43.227160135904974 ], [ 75.292460801866355, 43.217460801866345 ], [ 75.303194851345523, 43.215898471408451 ], [ 75.305138481987882, 43.20910152859161 ], [ 75.314660305447077, 43.207715691460535 ], [ 75.322839694552982, 43.20061764187286 ], [ 75.336513604058197, 43.199282836914094 ], [ 75.33860643174917, 43.191963365342907 ], [ 75.347839694552988, 43.183950975206194 ], [ 75.364660305447075, 43.18271569146053 ], [ 75.368673027886317, 43.179784308539524 ], [ 75.370833333333366, 43.179166666666696 ], [ 75.370480007595518, 43.168408881293431 ], [ 75.367019992404551, 43.164924452039962 ], [ 75.366666666666703, 43.141666666666694 ], [ 75.366666666666703, 43.1375 ], [ 75.373257785373298, 43.137146674262183 ], [ 75.380908881293436, 43.129519992404539 ], [ 75.385757785373301, 43.128813340928851 ], [ 75.389242214626762, 43.125353325737876 ], [ 75.395833333333371, 43.125 ], [ 75.410757785373292, 43.124646674262181 ], [ 75.414242214626768, 43.121186659071206 ], [ 75.441666666666706, 43.120833333333358 ], [ 75.4625, 43.120833333333358 ], [ 75.463399590386317, 43.117327880859406 ], [ 75.47083333333336, 43.116666666666696 ], [ 75.473043823242222, 43.11609937879777 ], [ 75.476956176757852, 43.113067287868951 ], [ 75.481377156575562, 43.111932712131107 ], [ 75.489456176757841, 43.104733954535618 ], [ 75.49387715657555, 43.103599378797767 ], [ 75.497789510091181, 43.100567287868948 ], [ 75.506377156575553, 43.099432712131104 ], [ 75.510289510091184, 43.096400621202285 ], [ 75.514710489908893, 43.095266045464435 ], [ 75.522789510091187, 43.088067287868952 ], [ 75.528315904405417, 43.08664923773874 ], [ 75.529166666666697, 43.083333333333364 ], [ 75.544091118706632, 43.083686659071205 ], [ 75.547575547960108, 43.087146674262179 ], [ 75.554166666666703, 43.0875 ], [ 75.555017428927982, 43.084184095594644 ], [ 75.558333333333366, 43.083333333333364 ], [ 75.559242418077289, 43.079790242513049 ], [ 75.582424248589447, 43.07854309082034 ], [ 75.584220716688407, 43.071541680230062 ], [ 75.593877156575559, 43.070266045464436 ], [ 75.597789510091175, 43.067233954535617 ], [ 75.60331590440542, 43.065815904405412 ], [ 75.6041666666667, 43.0625 ], [ 75.614924452039972, 43.062146674262181 ], [ 75.618408881293433, 43.058686659071206 ], [ 75.623257785373298, 43.057980007595511 ], [ 75.626742214626773, 43.054519992404543 ], [ 75.635757785373301, 43.053813340928848 ], [ 75.643408881293439, 43.046186659071211 ], [ 75.664924452039969, 43.045480007595515 ], [ 75.672575547960108, 43.037853325737871 ], [ 75.702424452039963, 43.037146674262182 ], [ 75.706620279947956, 43.032980007595512 ], [ 75.723257785373306, 43.033686659071208 ], [ 75.727453613281284, 43.037853325737871 ], [ 75.731591118706632, 43.037146674262182 ], [ 75.739242214626771, 43.029519992404538 ], [ 75.75, 43.029166666666697 ], [ 75.75221048990889, 43.028599378797772 ], [ 75.756122843424521, 43.025567287868952 ], [ 75.761649237738752, 43.02414923773874 ], [ 75.7625, 43.020833333333357 ], [ 75.762146674262183, 43.018408881293432 ], [ 75.758686659071216, 43.014924452039956 ], [ 75.758333333333368, 42.995833333333358 ], [ 75.761649237738752, 42.994982571072072 ], [ 75.763067287868964, 42.989456176757841 ], [ 75.774432712131116, 42.977210489908884 ], [ 75.775567287868967, 42.972789510091175 ], [ 75.779733954535629, 42.967413330078152 ], [ 75.778492906358537, 42.955063205295168 ], [ 75.775, 42.954166666666694 ], [ 75.775824652777814, 42.941011216905409 ], [ 75.8062889946832, 42.942322116427981 ], [ 75.812254163954023, 42.946488783094644 ], [ 75.814622328016526, 42.945177883572072 ], [ 75.818711005316871, 42.942322116427981 ], [ 75.825, 42.941666666666691 ], [ 75.83159111870664, 42.941313340928843 ], [ 75.835786946614618, 42.937146674262181 ], [ 75.839924452039966, 42.937853325737876 ], [ 75.843408881293442, 42.941313340928843 ], [ 75.848257785373306, 42.942019992404539 ], [ 75.852453613281284, 42.946186659071209 ], [ 75.860757785373295, 42.945480007595513 ], [ 75.864953613281287, 42.941313340928843 ], [ 75.869091118706635, 42.942019992404539 ], [ 75.873286946614627, 42.946186659071209 ], [ 75.885757785373301, 42.945480007595513 ], [ 75.889242214626776, 42.942019992404539 ], [ 75.895833333333371, 42.941666666666691 ], [ 75.898257785373303, 42.942019992404539 ], [ 75.906617567274338, 42.950353325737872 ], [ 75.910757785373306, 42.949646674262176 ], [ 75.914584011501773, 42.945847235785614 ], [ 75.923284233941004, 42.954519992404542 ], [ 75.935757785373298, 42.953813340928846 ], [ 75.939242214626773, 42.950353325737872 ], [ 75.954166666666708, 42.95 ], [ 75.954520840115038, 42.939215087890652 ], [ 75.964950731065557, 42.928813340928848 ], [ 75.969091118706615, 42.929519992404543 ], [ 75.973287116156712, 42.933686659071206 ], [ 75.989924452039958, 42.932980007595511 ], [ 75.998284403483098, 42.924646674262178 ], [ 76.002424452039946, 42.925353325737873 ], [ 76.005908881293422, 42.928813340928848 ], [ 76.008333333333354, 42.929166666666696 ], [ 76.015866767035618, 42.92843119303388 ], [ 76.020215691460521, 42.922993638780412 ], [ 76.021832953559056, 42.911882527669299 ], [ 76.039660135904967, 42.913117472330754 ], [ 76.043673197428404, 42.916049194335962 ], [ 76.05, 42.916666666666693 ], [ 76.060757785373283, 42.917019992404541 ], [ 76.06495378282338, 42.921186659071203 ], [ 76.081591118706626, 42.920480007595515 ], [ 76.085417344835093, 42.916680569118952 ], [ 76.093408881293428, 42.924646674262178 ], [ 76.131591118706623, 42.925353325737873 ], [ 76.135075547960099, 42.928813340928848 ], [ 76.160757785373292, 42.929519992404543 ], [ 76.164953782823375, 42.933686659071206 ], [ 76.189924452039961, 42.932980007595511 ], [ 76.193408881293422, 42.929519992404543 ], [ 76.195833333333354, 42.929166666666696 ], [ 76.196186659071202, 42.926742214626763 ], [ 76.199646674262169, 42.923257785373288 ], [ 76.2, 42.920833333333363 ], [ 76.214924452039952, 42.921186659071203 ], [ 76.218408881293428, 42.924646674262178 ], [ 76.22083333333336, 42.925 ], [ 76.239924452039958, 42.924646674262178 ], [ 76.243408881293433, 42.921186659071203 ], [ 76.273257785373289, 42.920480007595515 ], [ 76.276742214626765, 42.917019992404541 ], [ 76.285757785373292, 42.916313340928845 ], [ 76.289242214626768, 42.912853325737871 ], [ 76.304166666666688, 42.9125 ], [ 76.304519992404536, 42.910075547960098 ], [ 76.308686659071199, 42.905879720052113 ], [ 76.307980007595518, 42.897575547960095 ], [ 76.299646674262178, 42.889215766059053 ], [ 76.300358751085099, 42.885044013129367 ], [ 76.310075547960096, 42.875353325737876 ], [ 76.314924452039961, 42.874646674262181 ], [ 76.318408881293422, 42.871186659071206 ], [ 76.323290167914521, 42.87047526041669 ], [ 76.328813340928846, 42.864924452039958 ], [ 76.329166666666694, 42.8625 ], [ 76.34583333333336, 42.8625 ], [ 76.352210489908884, 42.863067287868951 ], [ 76.356122843424501, 42.86609937879777 ], [ 76.36054382324221, 42.867233954535614 ], [ 76.364583333333357, 42.870364718967039 ], [ 76.368622843424504, 42.867233954535614 ], [ 76.375746663411491, 42.86609937879777 ], [ 76.381122843424507, 42.870266045464433 ], [ 76.389710489908879, 42.871400621202284 ], [ 76.393622843424509, 42.874432712131103 ], [ 76.42304382324221, 42.875567287868947 ], [ 76.426956176757841, 42.878599378797766 ], [ 76.435543823242213, 42.879733954535617 ], [ 76.443622843424507, 42.886932712131099 ], [ 76.463246663411482, 42.88806728786895 ], [ 76.468622843424498, 42.88390062120228 ], [ 76.475746663411485, 42.882766045464436 ], [ 76.481122843424501, 42.886932712131099 ], [ 76.486649068196641, 42.888350762261311 ], [ 76.4875, 42.891666666666694 ], [ 76.488067287868944, 42.893877156575549 ], [ 76.49109937879777, 42.897789510091172 ], [ 76.492517598470073, 42.90331590440541 ], [ 76.499338785807311, 42.905066257052979 ], [ 76.5, 42.9125 ], [ 76.503315734863307, 42.91335076226131 ], [ 76.504166666666691, 42.916666666666693 ], [ 76.510757785373286, 42.917019992404541 ], [ 76.514953782823383, 42.921186659071203 ], [ 76.535757785373292, 42.920480007595515 ], [ 76.539242214626768, 42.917019992404541 ], [ 76.545833333333363, 42.916666666666693 ], [ 76.546684265136747, 42.91335076226131 ], [ 76.552210489908887, 42.911932712131104 ], [ 76.556122843424504, 42.908900621202285 ], [ 76.573043823242216, 42.907766045464435 ], [ 76.577083333333363, 42.904635281033009 ], [ 76.581122843424509, 42.907766045464435 ], [ 76.593877156575545, 42.908900621202285 ], [ 76.597789510091175, 42.911932712131104 ], [ 76.6, 42.9125 ], [ 76.602424452039955, 42.912853325737871 ], [ 76.606620449490038, 42.917019992404541 ], [ 76.614924452039958, 42.916313340928845 ], [ 76.618408881293433, 42.912853325737871 ], [ 76.623257785373298, 42.912146674262182 ], [ 76.62745378282338, 42.907980007595512 ], [ 76.644091118706626, 42.908686659071208 ], [ 76.648287116156709, 42.912853325737871 ], [ 76.652424452039952, 42.912146674262182 ], [ 76.656620449490049, 42.907980007595512 ], [ 76.669091118706618, 42.908686659071208 ], [ 76.673287116156715, 42.912853325737871 ], [ 76.677424452039958, 42.912146674262182 ], [ 76.680908881293433, 42.908686659071208 ], [ 76.694091118706623, 42.907980007595512 ], [ 76.698287116156706, 42.903813340928849 ], [ 76.714924452039952, 42.904519992404538 ], [ 76.718408881293428, 42.907980007595512 ], [ 76.725, 42.90833333333336 ], [ 76.727424452039955, 42.908686659071208 ], [ 76.730908881293431, 42.912146674262182 ], [ 76.735757785373295, 42.912853325737871 ], [ 76.743408881293433, 42.920480007595515 ], [ 76.75, 42.920833333333363 ], [ 76.750353325737876, 42.927424452039958 ], [ 76.753813340928843, 42.930908881293426 ], [ 76.754519992404539, 42.935046386718774 ], [ 76.750353325737876, 42.939242214626759 ], [ 76.75, 42.941666666666691 ], [ 76.750358072916697, 42.944123670789956 ], [ 76.755908881293436, 42.949646674262176 ], [ 76.769091118706626, 42.950353325737872 ], [ 76.773287116156709, 42.954519992404542 ], [ 76.789924452039955, 42.953813340928846 ], [ 76.793408881293431, 42.950353325737872 ], [ 76.798257785373295, 42.949646674262176 ], [ 76.801742214626771, 42.946186659071209 ], [ 76.808333333333366, 42.945833333333361 ], [ 76.808691406250034, 42.948290337456626 ], [ 76.814242214626759, 42.953813340928846 ], [ 76.819091118706623, 42.954519992404542 ], [ 76.822575547960099, 42.957980007595509 ], [ 76.827455139160179, 42.958691067165823 ], [ 76.837853325737882, 42.969117228190129 ], [ 76.837146674262186, 42.973257785373292 ], [ 76.833331976996561, 42.977099270290822 ], [ 76.839242214626765, 42.982980007595515 ], [ 76.84583333333336, 42.983333333333363 ], [ 76.846720716688395, 42.979875013563394 ], [ 76.856377156575547, 42.978599378797767 ], [ 76.860289510091178, 42.975567287868948 ], [ 76.86887715657555, 42.974432712131104 ], [ 76.872789510091181, 42.971400621202285 ], [ 76.889710489908879, 42.970266045464435 ], [ 76.897907850477466, 42.962961832682318 ], [ 76.901956176757835, 42.966099378797772 ], [ 76.93137715657555, 42.967233954535615 ], [ 76.943622843424507, 42.978599378797767 ], [ 76.956377156575556, 42.979733954535618 ], [ 76.961753336588572, 42.983900621202281 ], [ 76.973043823242222, 42.982766045464437 ], [ 76.976956176757838, 42.979733954535618 ], [ 76.9875, 42.979166666666693 ], [ 76.989672851562531, 42.979771592881974 ], [ 76.995292833116352, 42.983938259548637 ], [ 77.00339491102433, 42.982513427734403 ], [ 77.004942830403678, 42.971624077690997 ], [ 77.014493815104203, 42.963104926215301 ], [ 77.019925944010453, 42.961592610677108 ], [ 77.022162204318604, 42.953561740451413 ], [ 77.039672851562528, 42.954771592881968 ], [ 77.043660481770857, 42.957728407118083 ], [ 77.056339518229194, 42.958938259548638 ], [ 77.060327148437537, 42.961895073784746 ], [ 77.0625, 42.9625 ], [ 77.063219875759586, 42.974223497178848 ], [ 77.077134874131971, 42.975642903645863 ], [ 77.08536512586808, 42.98269042968753 ], [ 77.0875, 42.983333333333363 ], [ 77.091666666666697, 42.983333333333363 ], [ 77.092517428927977, 42.980017428927979 ], [ 77.098043823242222, 42.978599378797767 ], [ 77.101956176757838, 42.975567287868948 ], [ 77.114710489908887, 42.974432712131104 ], [ 77.118622843424504, 42.971400621202285 ], [ 77.123043823242213, 42.970266045464435 ], [ 77.12708333333336, 42.967135281033009 ], [ 77.131122843424507, 42.970266045464435 ], [ 77.154166666666697, 42.97083333333336 ], [ 77.154166666666697, 42.958333333333357 ], [ 77.154901801215303, 42.950802612304713 ], [ 77.164660305447086, 42.9493825276693 ], [ 77.168673027886314, 42.946450805664085 ], [ 77.185493638780414, 42.94521586100263 ], [ 77.189506361219657, 42.942284138997422 ], [ 77.19382697211374, 42.94104919433596 ], [ 77.197839694552982, 42.938117472330752 ], [ 77.208002387152803, 42.936638387044297 ], [ 77.211882527669303, 42.931326972113744 ], [ 77.213471815321213, 42.925768364800376 ], [ 77.224028184678858, 42.924231635199682 ], [ 77.225, 42.920833333333363 ], [ 77.225, 42.9125 ], [ 77.227210489908884, 42.911932712131104 ], [ 77.231122843424515, 42.908900621202285 ], [ 77.236649237738746, 42.907482571072073 ], [ 77.2375, 42.90416666666669 ], [ 77.248257785373298, 42.904519992404538 ], [ 77.251742214626773, 42.907980007595512 ], [ 77.256591118706623, 42.908686659071208 ], [ 77.264950900607673, 42.917019992404541 ], [ 77.269091118706626, 42.916313340928845 ], [ 77.272575547960102, 42.912853325737871 ], [ 77.281591118706629, 42.912146674262182 ], [ 77.285416666666706, 42.908347913954017 ], [ 77.289242214626768, 42.912146674262182 ], [ 77.295833333333363, 42.9125 ], [ 77.331591118706626, 42.912146674262182 ], [ 77.339242214626765, 42.904519992404538 ], [ 77.344091118706629, 42.903813340928849 ], [ 77.348286946614621, 42.899646674262179 ], [ 77.352424452039969, 42.900353325737875 ], [ 77.355908881293431, 42.903813340928849 ], [ 77.364924452039958, 42.904519992404538 ], [ 77.368408881293433, 42.907980007595512 ], [ 77.379166666666706, 42.90833333333336 ], [ 77.37952473958336, 42.910790337456625 ], [ 77.385075547960099, 42.916313340928845 ], [ 77.398257785373303, 42.917019992404541 ], [ 77.401742214626765, 42.920480007595515 ], [ 77.406591118706629, 42.921186659071203 ], [ 77.410075547960105, 42.924646674262178 ], [ 77.414924452039969, 42.925353325737873 ], [ 77.419120279947947, 42.929519992404543 ], [ 77.427424452039958, 42.928813340928848 ], [ 77.43162027994795, 42.924646674262178 ], [ 77.444091118706638, 42.925353325737873 ], [ 77.447575547960099, 42.928813340928848 ], [ 77.456591118706626, 42.929519992404543 ], [ 77.464242214626765, 42.937146674262181 ], [ 77.47083333333336, 42.9375 ], [ 77.473043823242222, 42.936932712131103 ], [ 77.486511908637183, 42.9244327121311 ], [ 77.49387715657555, 42.925567287868951 ], [ 77.497789510091181, 42.92859937879777 ], [ 77.510543823242216, 42.929733954535614 ], [ 77.514583333333363, 42.932864718967039 ], [ 77.519337632921037, 42.92917989095055 ], [ 77.524432712131116, 42.935289510091174 ], [ 77.525850762261314, 42.940815904405412 ], [ 77.529166666666697, 42.941666666666691 ], [ 77.5375, 42.941666666666691 ], [ 77.548257785373295, 42.941313340928843 ], [ 77.551742214626771, 42.937853325737876 ], [ 77.556591118706635, 42.937146674262181 ], [ 77.564242214626773, 42.929519992404543 ], [ 77.569091118706638, 42.928813340928848 ], [ 77.580908881293439, 42.917019992404541 ], [ 77.602424452039969, 42.916313340928845 ], [ 77.605908881293431, 42.912853325737871 ], [ 77.608333333333363, 42.9125 ], [ 77.610757785373295, 42.912853325737871 ], [ 77.614242214626771, 42.916313340928845 ], [ 77.625, 42.916666666666693 ], [ 77.648257785373303, 42.916313340928845 ], [ 77.651742214626765, 42.912853325737871 ], [ 77.658333333333374, 42.9125 ], [ 77.664924452039969, 42.912853325737871 ], [ 77.668408881293445, 42.916313340928845 ], [ 77.670833333333363, 42.916666666666693 ], [ 77.677424452039972, 42.916313340928845 ], [ 77.680908881293433, 42.912853325737871 ], [ 77.694091118706638, 42.912146674262182 ], [ 77.697575547960099, 42.908686659071208 ], [ 77.7, 42.90833333333336 ], [ 77.754166666666706, 42.90833333333336 ], [ 77.769091118706626, 42.908686659071208 ], [ 77.772575547960102, 42.912146674262182 ], [ 77.8, 42.9125 ], [ 77.800353325737888, 42.910075547960098 ], [ 77.812146674262195, 42.898257785373289 ], [ 77.81285332573789, 42.893408881293432 ], [ 77.816313340928858, 42.889924452039956 ], [ 77.816666666666706, 42.883333333333361 ], [ 77.844091118706629, 42.883686659071209 ], [ 77.847575547960105, 42.887146674262176 ], [ 77.8541666666667, 42.8875 ], [ 77.878249613444027, 42.886907280815997 ], [ 77.880066257052974, 42.879827880859402 ], [ 77.893877156575542, 42.878599378797766 ], [ 77.897789510091172, 42.875567287868947 ], [ 77.9, 42.875 ], [ 77.902424452039952, 42.874646674262181 ], [ 77.906620449490035, 42.870480007595511 ], [ 77.919091118706618, 42.871186659071206 ], [ 77.922575547960093, 42.874646674262181 ], [ 77.927424452039958, 42.875353325737876 ], [ 77.930908881293419, 42.878813340928843 ], [ 77.933333333333351, 42.879166666666691 ], [ 77.93664906819663, 42.878315904405405 ], [ 77.9375, 42.875 ], [ 77.940958150227885, 42.874112616644993 ], [ 77.942369588216167, 42.863429090711833 ], [ 77.951956176757832, 42.854733954535618 ], [ 77.960543823242205, 42.853599378797767 ], [ 77.964456176757835, 42.850567287868948 ], [ 77.966666666666683, 42.85 ], [ 77.969091118706615, 42.850353325737871 ], [ 77.972575547960091, 42.853813340928845 ], [ 77.985757785373281, 42.854519992404541 ], [ 78.002449883355055, 42.871186659071206 ], [ 78.010757785373286, 42.870480007595511 ], [ 78.018408881293425, 42.862853325737873 ], [ 78.03333333333336, 42.8625 ], [ 78.035757785373292, 42.862146674262178 ], [ 78.039242214626753, 42.858686659071203 ], [ 78.044091118706618, 42.857980007595515 ], [ 78.047575547960093, 42.854519992404541 ], [ 78.05, 42.854166666666693 ], [ 78.060757785373283, 42.853813340928845 ], [ 78.064242214626759, 42.850353325737871 ], [ 78.093381076388908, 42.849646674262175 ], [ 78.099641927083354, 42.855876329210098 ], [ 78.1, 42.858333333333363 ], [ 78.102424452039955, 42.858686659071203 ], [ 78.105908881293431, 42.862146674262178 ], [ 78.114924452039958, 42.862853325737873 ], [ 78.118408881293419, 42.866313340928848 ], [ 78.120833333333351, 42.866666666666696 ], [ 78.121720716688387, 42.863208346896727 ], [ 78.131377156575539, 42.8619327121311 ], [ 78.13528951009117, 42.858900621202281 ], [ 78.143877156575542, 42.857766045464437 ], [ 78.147916666666688, 42.854635281033012 ], [ 78.151956176757835, 42.857766045464437 ], [ 78.156377156575545, 42.858900621202281 ], [ 78.160289510091175, 42.8619327121311 ], [ 78.168877156575547, 42.863067287868951 ], [ 78.172789510091164, 42.86609937879777 ], [ 78.179166666666688, 42.866666666666696 ], [ 78.179166666666688, 42.875 ], [ 78.181591118706621, 42.875353325737876 ], [ 78.185075547960096, 42.878813340928843 ], [ 78.189924452039961, 42.879519992404539 ], [ 78.193408881293422, 42.882980007595513 ], [ 78.195833333333354, 42.883333333333361 ], [ 78.198257785373286, 42.882980007595513 ], [ 78.201742214626762, 42.879519992404539 ], [ 78.206591118706626, 42.878813340928843 ], [ 78.214951070149766, 42.870480007595511 ], [ 78.219091118706615, 42.871186659071206 ], [ 78.222575547960091, 42.874646674262181 ], [ 78.235757785373295, 42.875353325737876 ], [ 78.239242214626756, 42.878813340928843 ], [ 78.241666666666688, 42.879166666666691 ], [ 78.242566257052971, 42.875661214192732 ], [ 78.256377156575539, 42.874432712131103 ], [ 78.26028951009117, 42.871400621202284 ], [ 78.268877156575542, 42.870266045464433 ], [ 78.272789510091172, 42.867233954535614 ], [ 78.281377156575545, 42.86609937879777 ], [ 78.285289510091175, 42.863067287868951 ], [ 78.291666666666686, 42.8625 ], [ 78.302424452039958, 42.862146674262178 ], [ 78.305908881293433, 42.858686659071203 ], [ 78.354166666666686, 42.858333333333363 ], [ 78.35501759847007, 42.861649237738739 ], [ 78.362104119194896, 42.863467746310789 ], [ 78.36609937879777, 42.868622843424504 ], [ 78.367233954535621, 42.873043823242213 ], [ 78.370266045464433, 42.876956176757837 ], [ 78.371541849772157, 42.886612616644989 ], [ 78.377210489908876, 42.88806728786895 ], [ 78.381122843424507, 42.891099378797769 ], [ 78.383333333333354, 42.891666666666694 ], [ 78.384184265136739, 42.888350762261311 ], [ 78.389710489908879, 42.886932712131099 ], [ 78.397789510091172, 42.879733954535617 ], [ 78.404166666666697, 42.879166666666691 ], [ 78.406591118706629, 42.878813340928843 ], [ 78.410416666666691, 42.875014580620686 ], [ 78.414242214626768, 42.878813340928843 ], [ 78.427424452039958, 42.879519992404539 ], [ 78.430908881293433, 42.882980007595513 ], [ 78.4375, 42.883333333333361 ], [ 78.437858072916697, 42.885790337456626 ], [ 78.443408881293422, 42.891313340928846 ], [ 78.456591118706626, 42.892019992404542 ], [ 78.460075547960102, 42.895480007595509 ], [ 78.466666666666697, 42.895833333333357 ], [ 78.485757785373295, 42.896186659071205 ], [ 78.493408881293433, 42.903813340928849 ], [ 78.495833333333366, 42.90416666666669 ], [ 78.49668426513675, 42.900850762261314 ], [ 78.5, 42.9 ], [ 78.500735134548634, 42.892469278971383 ], [ 78.510493469238313, 42.891049194335963 ], [ 78.51450653076175, 42.888117472330755 ], [ 78.522993469238301, 42.8868825276693 ], [ 78.527006530761739, 42.883950805664085 ], [ 78.531326802571641, 42.88271586100263 ], [ 78.535339864095079, 42.879784138997422 ], [ 78.5416666666667, 42.879166666666691 ], [ 78.5416666666667, 42.875 ], [ 78.542517598470084, 42.871684095594645 ], [ 78.54804382324221, 42.870266045464433 ], [ 78.551956176757841, 42.867233954535614 ], [ 78.568877156575553, 42.86609937879777 ], [ 78.57278951009117, 42.863067287868951 ], [ 78.583333333333357, 42.8625 ], [ 78.583333333333357, 42.858333333333363 ], [ 78.584301079644121, 42.854562717013913 ], [ 78.589583333333366, 42.850468614366342 ], [ 78.595086669921898, 42.854733954535618 ], [ 78.624087185329884, 42.853556993272598 ], [ 78.625899590386311, 42.846494547526071 ], [ 78.633333333333354, 42.84583333333336 ], [ 78.644842868381104, 42.845214165581623 ], [ 78.649432712131102, 42.839710489908882 ], [ 78.650708516438826, 42.830054050021729 ], [ 78.656377156575545, 42.828599378797769 ], [ 78.660289510091175, 42.82556728786895 ], [ 78.664710489908884, 42.824432712131099 ], [ 78.672789510091178, 42.817233954535617 ], [ 78.683333333333366, 42.816666666666691 ], [ 78.698257785373286, 42.817019992404539 ], [ 78.710783555772593, 42.829519992404542 ], [ 78.723257785373292, 42.828813340928846 ], [ 78.726742214626768, 42.825353325737872 ], [ 78.735757785373295, 42.824646674262176 ], [ 78.739242214626771, 42.821186659071209 ], [ 78.775, 42.820833333333361 ], [ 78.775567287868952, 42.818622843424507 ], [ 78.778599378797765, 42.814710489908876 ], [ 78.780017598470081, 42.809184095594645 ], [ 78.786649068196638, 42.807482571072072 ], [ 78.7875, 42.804166666666688 ], [ 78.789924452039955, 42.804519992404536 ], [ 78.798284403483095, 42.812853325737876 ], [ 78.806591118706621, 42.812146674262181 ], [ 78.810075547960096, 42.808686659071206 ], [ 78.827424452039963, 42.807980007595511 ], [ 78.830908881293425, 42.804519992404536 ], [ 78.835757785373289, 42.803813340928848 ], [ 78.839953782823386, 42.799646674262178 ], [ 78.856591118706632, 42.800353325737873 ], [ 78.860075547960093, 42.803813340928848 ], [ 78.866666666666703, 42.804166666666688 ], [ 78.867517428927982, 42.800850762261312 ], [ 78.873043823242213, 42.7994327121311 ], [ 78.876956176757844, 42.796400621202281 ], [ 78.883333333333368, 42.795833333333356 ], [ 78.891666666666694, 42.795833333333356 ], [ 78.892517428927974, 42.792517428927979 ], [ 78.898043823242219, 42.791099378797767 ], [ 78.902083333333366, 42.787968614366342 ], [ 78.906122843424512, 42.791099378797767 ], [ 78.90833333333336, 42.791666666666693 ], [ 78.909301079644123, 42.78789605034725 ], [ 78.914456176757838, 42.783900621202285 ], [ 78.92304382324221, 42.782766045464435 ], [ 78.928420003255241, 42.778599378797765 ], [ 78.956377156575556, 42.779733954535615 ], [ 78.961753336588572, 42.783900621202285 ], [ 78.978262668185792, 42.782688734266515 ], [ 78.9791666666667, 42.77916666666669 ], [ 78.985443115234403, 42.778498670789958 ], [ 78.989583333333357, 42.775649685329888 ], [ 78.995664808485273, 42.779834662543429 ], [ 79.02427164713545, 42.778433566623292 ], [ 79.025728352864618, 42.746572197808185 ], [ 79.052109781901066, 42.745165337456619 ], [ 79.056223551432325, 42.742334662543428 ], [ 79.064609781901069, 42.740998670789956 ], [ 79.081223551432316, 42.725667995876762 ], [ 79.089609781901075, 42.724332004123291 ], [ 79.093723551432319, 42.721501329210092 ], [ 79.097943115234401, 42.720165337456621 ], [ 79.102056884765659, 42.717334662543429 ], [ 79.106276448567741, 42.715998670789958 ], [ 79.114556884765662, 42.709001329210096 ], [ 79.120991685655412, 42.706964111328148 ], [ 79.124332004123289, 42.702109781901065 ], [ 79.125667995876768, 42.697890218098983 ], [ 79.145165337456632, 42.677109781901066 ], [ 79.145833333333371, 42.675 ], [ 79.145833333333371, 42.666666666666693 ], [ 79.146400621202289, 42.664456176757838 ], [ 79.149432712131102, 42.660543823242215 ], [ 79.150567287868952, 42.656122843424505 ], [ 79.153599378797779, 42.652210489908882 ], [ 79.154733954535615, 42.647789510091172 ], [ 79.157766045464442, 42.643877156575542 ], [ 79.159041680230061, 42.63422071668839 ], [ 79.167233954535618, 42.632118394639782 ], [ 79.166099378797782, 42.614456176757834 ], [ 79.153599378797779, 42.600988091362872 ], [ 79.154733954535615, 42.585289510091172 ], [ 79.157864718967048, 42.58125 ], [ 79.153599378797779, 42.575746663411479 ], [ 79.154733954535615, 42.5686228434245 ], [ 79.157766045464442, 42.564710489908876 ], [ 79.159301079644123, 42.558729383680578 ], [ 79.164456176757838, 42.554733954535614 ], [ 79.168877156575547, 42.553599378797763 ], [ 79.172789510091178, 42.550567287868944 ], [ 79.185543823242213, 42.5494327121311 ], [ 79.193622843424507, 42.542233954535611 ], [ 79.195833333333368, 42.541666666666693 ], [ 79.195480007595521, 42.526742214626758 ], [ 79.192019992404539, 42.523257785373289 ], [ 79.191666666666691, 42.516666666666687 ], [ 79.192233954535624, 42.514456176757832 ], [ 79.195266045464436, 42.510543823242209 ], [ 79.196400621202287, 42.5061228434245 ], [ 79.203712632921039, 42.49791666666669 ], [ 79.196295166015659, 42.489592149522593 ], [ 79.20056728786895, 42.484079996744811 ], [ 79.199432712131113, 42.468622843424498 ], [ 79.195266045464436, 42.463246663411482 ], [ 79.196400621202287, 42.460289510091165 ], [ 79.199432712131113, 42.456377156575542 ], [ 79.20056728786895, 42.44778951009117 ], [ 79.207766045464439, 42.439710489908876 ], [ 79.208900621202289, 42.435289510091167 ], [ 79.211932712131102, 42.431377156575543 ], [ 79.213350762261314, 42.425850762261305 ], [ 79.216666666666697, 42.425 ], [ 79.216666666666697, 42.416666666666686 ], [ 79.2125, 42.416666666666686 ], [ 79.210289510091172, 42.417233954535611 ], [ 79.20625, 42.420364718967036 ], [ 79.200967746310795, 42.416270616319466 ], [ 79.199149237738752, 42.40918409559464 ], [ 79.193622843424507, 42.407766045464435 ], [ 79.18971048990889, 42.404733954535615 ], [ 79.172789510091178, 42.403599378797765 ], [ 79.168877156575547, 42.400567287868945 ], [ 79.163161214192741, 42.399100409613737 ], [ 79.161932712131104, 42.38528951009117 ], [ 79.153139580620689, 42.375595092773459 ], [ 79.133333333333368, 42.375 ], [ 79.097575547960105, 42.375353325737869 ], [ 79.094091118706629, 42.378813340928843 ], [ 79.085075547960102, 42.379519992404539 ], [ 79.081591118706626, 42.382980007595506 ], [ 79.076742214626762, 42.383686659071202 ], [ 79.073257785373301, 42.387146674262176 ], [ 79.066666666666691, 42.3875 ], [ 79.047575547960093, 42.387146674262176 ], [ 79.044091118706632, 42.383686659071202 ], [ 79.039242214626768, 42.382980007595506 ], [ 79.035757785373292, 42.379519992404539 ], [ 79.030908881293428, 42.378813340928843 ], [ 79.027083333333366, 42.375014580620679 ], [ 79.022916666666703, 42.379152086046027 ], [ 79.019091118706626, 42.375353325737869 ], [ 79.014242214626762, 42.374646674262173 ], [ 79.010757785373301, 42.371186659071199 ], [ 78.989242214626771, 42.370480007595511 ], [ 78.985757785373295, 42.367019992404536 ], [ 78.980908881293431, 42.366313340928841 ], [ 78.971187676323808, 42.356618245442732 ], [ 78.97083333333336, 42.345833333333353 ], [ 78.971400621202292, 42.343622843424498 ], [ 78.974541219075547, 42.339570787217902 ], [ 78.958900621202289, 42.323043823242209 ], [ 78.957445949978322, 42.317375013563392 ], [ 78.946720716688404, 42.31595831976999 ], [ 78.944982571072075, 42.309184095594638 ], [ 78.939456176757844, 42.307766045464433 ], [ 78.935543823242213, 42.304733954535614 ], [ 78.926956176757841, 42.303599378797763 ], [ 78.92304382324221, 42.300567287868944 ], [ 78.913387383355058, 42.299291653103317 ], [ 78.9125, 42.295833333333356 ], [ 78.889242214626762, 42.296186659071203 ], [ 78.885757785373286, 42.299646674262178 ], [ 78.873286946614613, 42.300353325737866 ], [ 78.869091118706621, 42.296186659071203 ], [ 78.864242214626771, 42.295480007595508 ], [ 78.860757785373295, 42.292019992404533 ], [ 78.858333333333363, 42.291666666666686 ], [ 78.851742214626768, 42.292019992404533 ], [ 78.848257785373292, 42.295480007595508 ], [ 78.841666666666697, 42.295833333333356 ], [ 78.835289510091172, 42.29526604546443 ], [ 78.825919765896302, 42.286917114257832 ], [ 78.824149068196647, 42.28001742892797 ], [ 78.818622843424507, 42.278599378797765 ], [ 78.814710489908876, 42.275567287868945 ], [ 78.810289510091181, 42.274432712131095 ], [ 78.802210489908887, 42.267233954535612 ], [ 78.796684265136747, 42.2658159044054 ], [ 78.795833333333363, 42.2625 ], [ 78.7875, 42.2625 ], [ 78.78333333333336, 42.2625 ], [ 78.7770443386502, 42.261844550238735 ], [ 78.772955661349854, 42.258988783094637 ], [ 78.756211005316871, 42.257677883572072 ], [ 78.739622328016523, 42.242322116427971 ], [ 78.67157423231339, 42.240985785590297 ], [ 78.670833333333363, 42.229166666666686 ], [ 78.6625, 42.229166666666686 ], [ 78.659184265136744, 42.228315904405406 ], [ 78.65833333333336, 42.225 ], [ 78.654166666666697, 42.225 ], [ 78.651742214626765, 42.224646674262175 ], [ 78.648257785373289, 42.221186659071201 ], [ 78.639953782823383, 42.220480007595505 ], [ 78.635757785373286, 42.224646674262175 ], [ 78.622575547960096, 42.225353325737871 ], [ 78.619091118706621, 42.228813340928838 ], [ 78.608333333333363, 42.229166666666686 ], [ 78.607482401529978, 42.225850762261302 ], [ 78.601956176757838, 42.224432712131097 ], [ 78.598043823242222, 42.221400621202278 ], [ 78.593622843424512, 42.220266045464427 ], [ 78.589710489908882, 42.217233954535608 ], [ 78.584184265136741, 42.215815904405403 ], [ 78.582365587022593, 42.208729383680577 ], [ 78.577210489908879, 42.204733954535612 ], [ 78.57278951009117, 42.203599378797762 ], [ 78.564710489908876, 42.19640062120228 ], [ 78.556122843424504, 42.195266045464429 ], [ 78.552210489908887, 42.19223395453561 ], [ 78.547789510091178, 42.191099378797766 ], [ 78.543877156575547, 42.188067287868947 ], [ 78.531122843424498, 42.186932712131096 ], [ 78.527210489908882, 42.183900621202277 ], [ 78.525, 42.183333333333351 ], [ 78.522575547960102, 42.182980007595503 ], [ 78.517024739583363, 42.177457004123283 ], [ 78.516666666666694, 42.175 ], [ 78.514242214626762, 42.174646674262171 ], [ 78.510757785373286, 42.171186659071203 ], [ 78.454166666666694, 42.170833333333356 ], [ 78.45331573486331, 42.167517428927972 ], [ 78.45, 42.166666666666686 ], [ 78.443622843424507, 42.16609937879776 ], [ 78.439710489908876, 42.163067287868941 ], [ 78.435289510091167, 42.161932712131097 ], [ 78.427210489908873, 42.154733954535608 ], [ 78.422789510091178, 42.153599378797765 ], [ 78.418877156575547, 42.150567287868945 ], [ 78.409220716688395, 42.149291653103319 ], [ 78.40833333333336, 42.145833333333357 ], [ 78.393408881293425, 42.146186659071198 ], [ 78.389582655164958, 42.14998609754776 ], [ 78.381591118706623, 42.142019992404535 ], [ 78.373287116156703, 42.141313340928839 ], [ 78.369091118706621, 42.145480007595509 ], [ 78.360787116156715, 42.146186659071198 ], [ 78.356591118706618, 42.142019992404535 ], [ 78.347575547960091, 42.141313340928839 ], [ 78.344091118706615, 42.137853325737865 ], [ 78.325, 42.1375 ], [ 78.324112616644996, 42.134041680230055 ], [ 78.314456176757844, 42.132766045464429 ], [ 78.310543823242213, 42.12973395453561 ], [ 78.308333333333351, 42.129166666666684 ], [ 78.302006530761744, 42.12854919433596 ], [ 78.296694776746989, 42.124669053819467 ], [ 78.295065138075117, 42.113471815321198 ], [ 78.289506530761741, 42.111882527669287 ], [ 78.285493469238304, 42.10895080566408 ], [ 78.281173197428416, 42.107715861002625 ], [ 78.277160135904978, 42.104784138997417 ], [ 78.268673197428413, 42.103549194335955 ], [ 78.260493469238298, 42.096450805664084 ], [ 78.25617319742841, 42.095215861002622 ], [ 78.252160135904973, 42.092284138997414 ], [ 78.243673197428407, 42.091049194335959 ], [ 78.23966013590497, 42.088117472330751 ], [ 78.234101528591609, 42.086528184678841 ], [ 78.232539198133708, 42.075794135199672 ], [ 78.222839864095079, 42.074382527669293 ], [ 78.218826802571641, 42.071450805664085 ], [ 78.210339864095076, 42.070215861002623 ], [ 78.206326802571638, 42.067284138997415 ], [ 78.19367319742841, 42.06604919433596 ], [ 78.189660135904973, 42.063117472330745 ], [ 78.172839864095081, 42.06188252766929 ], [ 78.168826802571644, 42.058950805664082 ], [ 78.164506530761741, 42.05771586100262 ], [ 78.160493469238304, 42.054784138997412 ], [ 78.156173197428416, 42.053549194335957 ], [ 78.152160135904978, 42.05061747233075 ], [ 78.15, 42.05 ], [ 78.141666666666694, 42.05 ], [ 78.141308593750026, 42.047542995876753 ], [ 78.135757785373286, 42.042019992404533 ], [ 78.133333333333354, 42.041666666666686 ], [ 78.132980007595506, 42.039242214626753 ], [ 78.129519992404539, 42.035757785373285 ], [ 78.129166666666691, 42.033333333333353 ], [ 78.131326802571635, 42.032715691460538 ], [ 78.135339864095073, 42.029784308539533 ], [ 78.140740288628493, 42.02824028862851 ], [ 78.142284308539516, 42.02283986409509 ], [ 78.149382358127198, 42.014660135904982 ], [ 78.150617641872856, 42.010339864095087 ], [ 78.153549024793861, 42.00632680257165 ], [ 78.154841105143248, 41.980015394422779 ], [ 78.160339864095079, 41.975617641872866 ], [ 78.165740288628498, 41.974073621961843 ], [ 78.167284308539521, 41.968673197428423 ], [ 78.170215691460527, 41.964660135904985 ], [ 78.171635945638045, 41.954901801215314 ], [ 78.179166666666688, 41.954166666666701 ], [ 78.181591118706621, 41.953813340928853 ], [ 78.185075547960096, 41.950353325737879 ], [ 78.195833333333354, 41.95 ], [ 78.196186659071202, 41.947575547960106 ], [ 78.203813340928846, 41.939924452039968 ], [ 78.204166666666694, 41.9375 ], [ 78.208333333333357, 41.9375 ], [ 78.231377156575547, 41.938067287868961 ], [ 78.235289510091164, 41.94109937879778 ], [ 78.239710489908873, 41.942233954535624 ], [ 78.24375, 41.945364549424944 ], [ 78.247789510091167, 41.942233954535624 ], [ 78.252210489908876, 41.94109937879778 ], [ 78.256122843424507, 41.938067287868961 ], [ 78.264710489908879, 41.93693271213111 ], [ 78.276956176757835, 41.925567287868958 ], [ 78.288437228732661, 41.924432712131107 ], [ 78.297789510091164, 41.932766045464447 ], [ 78.311600409613746, 41.933994547526076 ], [ 78.3125, 41.9375 ], [ 78.329166666666694, 41.9375 ], [ 78.329827880859398, 41.930066257052985 ], [ 78.336649068196635, 41.928315734863318 ], [ 78.338067287868952, 41.922789510091178 ], [ 78.341197882758266, 41.91875 ], [ 78.338067287868952, 41.914710489908892 ], [ 78.336932712131102, 41.910289510091182 ], [ 78.332766045464439, 41.904913330078159 ], [ 78.333900621202275, 41.901956176757849 ], [ 78.341099378797765, 41.893877156575556 ], [ 78.342233954535615, 41.872789510091181 ], [ 78.353599378797767, 41.860543823242224 ], [ 78.354166666666686, 41.85833333333337 ], [ 78.353812493218342, 41.847546895345083 ], [ 78.348257785373292, 41.842019992404545 ], [ 78.34583333333336, 41.841666666666697 ], [ 78.317584737141956, 41.84107767740889 ], [ 78.315779283311656, 41.83404184977217 ], [ 78.306122843424504, 41.832766045464446 ], [ 78.293877156575547, 41.821400621202287 ], [ 78.291666666666686, 41.820833333333368 ], [ 78.290529547797334, 41.825264655219215 ], [ 78.285543823242207, 41.821400621202287 ], [ 78.28333333333336, 41.820833333333368 ], [ 78.282766045464427, 41.814456176757844 ], [ 78.271293131510447, 41.802094692654116 ], [ 78.274432712131102, 41.798043823242224 ], [ 78.275567287868952, 41.793622843424515 ], [ 78.29526604546443, 41.773043823242219 ], [ 78.296400621202281, 41.764456176757847 ], [ 78.299432712131107, 41.760543823242223 ], [ 78.300899590386308, 41.754827880859409 ], [ 78.308333333333351, 41.754166666666698 ], [ 78.308333333333351, 41.75 ], [ 78.301956176757841, 41.74943271213111 ], [ 78.289710489908884, 41.738067287868958 ], [ 78.281122843424498, 41.736932712131107 ], [ 78.277210489908882, 41.733900621202288 ], [ 78.271684265136741, 41.732482401529978 ], [ 78.270266045464439, 41.726956176757845 ], [ 78.265706888834657, 41.72148929172095 ], [ 78.25195617675783, 41.720266045464442 ], [ 78.239710489908873, 41.708900621202289 ], [ 78.226956176757838, 41.707766045464439 ], [ 78.223043823242207, 41.704733954535619 ], [ 78.218622843424498, 41.703599378797776 ], [ 78.210543823242205, 41.696400621202287 ], [ 78.206122843424509, 41.695266045464443 ], [ 78.202210489908879, 41.692233954535624 ], [ 78.199253336588569, 41.691099378797773 ], [ 78.19375, 41.695364549424944 ], [ 78.189710489908876, 41.692233954535624 ], [ 78.185289510091167, 41.691099378797773 ], [ 78.18137715657555, 41.688067287868954 ], [ 78.176956176757841, 41.68693271213111 ], [ 78.168877156575547, 41.679733954535621 ], [ 78.164456176757838, 41.678599378797777 ], [ 78.160543823242207, 41.675567287868958 ], [ 78.156122843424498, 41.674432712131107 ], [ 78.152210489908882, 41.671400621202288 ], [ 78.143622843424509, 41.670266045464444 ], [ 78.139710489908879, 41.667233954535625 ], [ 78.12695617675783, 41.666099378797774 ], [ 78.123043823242213, 41.663067287868955 ], [ 78.116666666666688, 41.6625 ], [ 78.114242214626756, 41.662146674262182 ], [ 78.110757785373281, 41.658686659071215 ], [ 78.108333333333363, 41.658333333333367 ], [ 78.107728237575984, 41.656160651312966 ], [ 78.104771762424065, 41.652172682020435 ], [ 78.103561570909307, 41.626993984646298 ], [ 78.099394904242644, 41.621374003092477 ], [ 78.100819905598982, 41.613271925184492 ], [ 78.111709255642381, 41.611724005805151 ], [ 78.120300632052974, 41.602091640896298 ], [ 78.116061570909309, 41.596374003092478 ], [ 78.117271762424068, 41.585327317979633 ], [ 78.120228237575972, 41.581339348687095 ], [ 78.120833333333351, 41.579166666666701 ], [ 78.120480007595503, 41.572575547960099 ], [ 78.116680569118941, 41.568749321831632 ], [ 78.125353325737876, 41.560048929850289 ], [ 78.124641248914955, 41.555877346462708 ], [ 78.114924452039958, 41.546186659071211 ], [ 78.108333333333363, 41.545833333333363 ], [ 78.107672119140645, 41.538399590386319 ], [ 78.100850931803407, 41.536649068196645 ], [ 78.099432712131104, 41.531122843424512 ], [ 78.091099378797765, 41.521770562066003 ], [ 78.092233954535615, 41.514456176757847 ], [ 78.095266045464427, 41.510543823242216 ], [ 78.09583333333336, 41.5 ], [ 78.09583333333336, 41.491666666666696 ], [ 78.092517598470081, 41.490815734863311 ], [ 78.091666666666683, 41.4875 ], [ 78.089242214626765, 41.487146674262185 ], [ 78.077424452039949, 41.475353325737878 ], [ 78.075, 41.475 ], [ 78.074646674262169, 41.468408881293435 ], [ 78.071186659071202, 41.464924452039959 ], [ 78.070477634006096, 41.455878872341607 ], [ 78.064924452039946, 41.450353325737879 ], [ 78.039242214626753, 41.449646674262183 ], [ 78.031591118706615, 41.442019992404546 ], [ 78.029166666666683, 41.441666666666698 ], [ 78.026956176757835, 41.442233954535624 ], [ 78.023043823242205, 41.445266045464443 ], [ 78.018622843424495, 41.446400621202287 ], [ 78.013467746310781, 41.450395880805154 ], [ 78.011649068196633, 41.45748240152998 ], [ 78.006122843424507, 41.458900621202289 ], [ 78.002210489908876, 41.461932712131109 ], [ 77.997789510091167, 41.463067287868952 ], [ 77.992634412977452, 41.467062547471819 ], [ 77.990779283311653, 41.474291483561231 ], [ 77.981122843424501, 41.475567287868955 ], [ 77.97721048990887, 41.478599378797774 ], [ 77.972789510091161, 41.479733954535618 ], [ 77.964710489908882, 41.486932712131107 ], [ 77.960289510091172, 41.488067287868958 ], [ 77.956377156575542, 41.49109937879777 ], [ 77.951956176757832, 41.492233954535621 ], [ 77.948043823242216, 41.49526604546444 ], [ 77.9375, 41.495833333333366 ], [ 77.936932712131096, 41.493622843424511 ], [ 77.933900621202284, 41.489710489908887 ], [ 77.932433742947069, 41.483994547526073 ], [ 77.925, 41.483333333333363 ], [ 77.924096510145418, 41.479812452528243 ], [ 77.910543823242207, 41.467233954535622 ], [ 77.900919426812081, 41.465962388780412 ], [ 77.896400621202275, 41.460543823242219 ], [ 77.894982401529973, 41.455017598470086 ], [ 77.888145785861568, 41.453263176812094 ], [ 77.875567287868947, 41.439710489908883 ], [ 77.875, 41.4375 ], [ 77.875, 41.433333333333366 ], [ 77.874032253689251, 41.429562547471818 ], [ 77.867413330078151, 41.424432712131107 ], [ 77.860289510091164, 41.425567287868951 ], [ 77.854913330078148, 41.429733954535621 ], [ 77.825912814670161, 41.428556993272601 ], [ 77.824149068196633, 41.421684265136747 ], [ 77.818622843424507, 41.420266045464437 ], [ 77.814710489908876, 41.417233954535618 ], [ 77.810289510091167, 41.416099378797774 ], [ 77.806377156575536, 41.413067287868955 ], [ 77.792566257052968, 41.411838785807319 ], [ 77.790815734863301, 41.405017598470081 ], [ 77.785289510091161, 41.403599378797772 ], [ 77.781377156575545, 41.400567287868952 ], [ 77.776956176757835, 41.399432712131109 ], [ 77.773043823242205, 41.396400621202289 ], [ 77.767517598470079, 41.39498240152998 ], [ 77.765698920355916, 41.387895880805154 ], [ 77.760543823242202, 41.383900621202287 ], [ 77.756122843424492, 41.382766045464436 ], [ 77.752210489908876, 41.379733954535624 ], [ 77.739456176757827, 41.378599378797773 ], [ 77.731377156575547, 41.371400621202284 ], [ 77.721720716688381, 41.37012481689456 ], [ 77.719865587022582, 41.362895880805155 ], [ 77.714710489908867, 41.358900621202288 ], [ 77.7125, 41.358333333333363 ], [ 77.712853325737868, 41.355908881293431 ], [ 77.716313340928835, 41.352424452039962 ], [ 77.717024739583351, 41.34754316541887 ], [ 77.722575547960091, 41.342019992404545 ], [ 77.727424452039955, 41.341313340928849 ], [ 77.730908881293416, 41.337853325737875 ], [ 77.733333333333348, 41.3375 ], [ 77.73410593668622, 41.334219699435792 ], [ 77.738499281141515, 41.332851325141085 ], [ 77.744892544216597, 41.338029479980499 ], [ 77.74808163113066, 41.336970520019563 ], [ 77.760251702202709, 41.325529479980496 ], [ 77.7625, 41.325 ], [ 77.762146674262183, 41.318408881293429 ], [ 77.757980007595521, 41.314212883843346 ], [ 77.758686659071216, 41.310075547960096 ], [ 77.762146674262183, 41.306591118706628 ], [ 77.7625, 41.304166666666696 ], [ 77.758333333333368, 41.304166666666696 ], [ 77.743622843424518, 41.304733954535621 ], [ 77.739710489908887, 41.30776604546444 ], [ 77.732586669921915, 41.308900621202284 ], [ 77.727210489908884, 41.304733954535621 ], [ 77.701956176757847, 41.30359937879777 ], [ 77.696801079644132, 41.29960411919491 ], [ 77.694927639431455, 41.292304314507405 ], [ 77.676956176757841, 41.291099378797774 ], [ 77.671801079644126, 41.287104119194908 ], [ 77.670833333333363, 41.28333333333336 ], [ 77.635075547960099, 41.283686659071208 ], [ 77.622917344835102, 41.295819600423208 ], [ 77.619091118706635, 41.292019992404541 ], [ 77.597575547960105, 41.291313340928852 ], [ 77.594091118706629, 41.287853325737878 ], [ 77.57328423394101, 41.287146674262182 ], [ 77.564924452039961, 41.295480007595515 ], [ 77.5625, 41.295833333333363 ], [ 77.561649237738749, 41.292517598470084 ], [ 77.556122843424518, 41.291099378797774 ], [ 77.552210489908887, 41.288067287868955 ], [ 77.539456176757852, 41.286932712131104 ], [ 77.535543823242222, 41.283900621202285 ], [ 77.529166666666697, 41.28333333333336 ], [ 77.522789510091187, 41.282766045464442 ], [ 77.514710489908893, 41.275567287868952 ], [ 77.511753336588569, 41.274432712131102 ], [ 77.50625, 41.278697882758273 ], [ 77.50221048990889, 41.275567287868952 ], [ 77.493622843424518, 41.274432712131102 ], [ 77.489710489908887, 41.271400621202289 ], [ 77.481122843424515, 41.270266045464439 ], [ 77.477210489908884, 41.267233954535619 ], [ 77.461753336588572, 41.266099378797769 ], [ 77.455385335286493, 41.271034749348985 ], [ 77.450714111328153, 41.269987657335101 ], [ 77.44929165310333, 41.259220716688397 ], [ 77.443622843424507, 41.257766045464436 ], [ 77.435543823242227, 41.250567287868954 ], [ 77.431122843424518, 41.249432712131103 ], [ 77.427210489908887, 41.246400621202284 ], [ 77.414456176757852, 41.24526604546444 ], [ 77.410543823242222, 41.242233954535621 ], [ 77.401956176757849, 41.24109937879777 ], [ 77.398043823242219, 41.238067287868951 ], [ 77.366666666666703, 41.2375 ], [ 77.347575547960105, 41.237853325737873 ], [ 77.344091118706629, 41.241313340928848 ], [ 77.339242214626765, 41.242019992404543 ], [ 77.335416666666703, 41.245818752712701 ], [ 77.331591118706626, 41.242019992404543 ], [ 77.310075547960096, 41.241313340928848 ], [ 77.306591118706635, 41.237853325737873 ], [ 77.28333333333336, 41.2375 ], [ 77.282980007595512, 41.244091118706628 ], [ 77.275353325737882, 41.251742214626766 ], [ 77.274646674262186, 41.256591118706623 ], [ 77.271186659071219, 41.260075547960099 ], [ 77.270833333333371, 41.2625 ], [ 77.268408881293439, 41.262146674262183 ], [ 77.260757785373301, 41.254519992404539 ], [ 77.247575547960096, 41.253813340928851 ], [ 77.244091118706635, 41.250353325737876 ], [ 77.239242214626771, 41.249646674262181 ], [ 77.235416666666694, 41.245847913954023 ], [ 77.231591118706632, 41.249646674262181 ], [ 77.225, 41.25 ], [ 77.22083333333336, 41.25 ], [ 77.185075547960096, 41.249646674262181 ], [ 77.177424452039958, 41.242019992404543 ], [ 77.160786946614621, 41.241313340928848 ], [ 77.156591118706629, 41.245480007595518 ], [ 77.151742214626765, 41.246186659071206 ], [ 77.148257785373289, 41.249646674262181 ], [ 77.139953613281278, 41.250353325737876 ], [ 77.135757785373301, 41.246186659071206 ], [ 77.130908881293436, 41.245480007595518 ], [ 77.127424452039961, 41.242019992404543 ], [ 77.116666666666703, 41.241666666666696 ], [ 77.116308593750034, 41.239209832085535 ], [ 77.110757785373295, 41.233686659071211 ], [ 77.085075547960102, 41.232980007595515 ], [ 77.081591118706626, 41.229519992404541 ], [ 77.076742214626762, 41.228813340928845 ], [ 77.073257785373301, 41.225353325737878 ], [ 77.070833333333368, 41.225 ], [ 77.051956176757841, 41.225567287868955 ], [ 77.045846557617224, 41.23066236707902 ], [ 77.049531385633713, 41.235416666666694 ], [ 77.046400621202281, 41.239456176757841 ], [ 77.04492763943145, 41.245195685492654 ], [ 77.026956176757849, 41.246400621202284 ], [ 77.022916666666703, 41.249531216091611 ], [ 77.018741183810789, 41.246295166015656 ], [ 77.010543823242216, 41.253599378797773 ], [ 77.003229437934053, 41.254733954535617 ], [ 76.99387715657555, 41.246400621202284 ], [ 76.964456176757835, 41.24526604546444 ], [ 76.960543823242219, 41.242233954535621 ], [ 76.94778951009117, 41.24109937879777 ], [ 76.943877156575553, 41.238067287868951 ], [ 76.930381605360267, 41.236932712131107 ], [ 76.92859937879777, 41.24387715657555 ], [ 76.925567287868958, 41.247789510091174 ], [ 76.925, 41.25 ], [ 76.918622843424515, 41.250567287868954 ], [ 76.913637288411493, 41.254431321885882 ], [ 76.9116889105903, 41.246840074327288 ], [ 76.907586669921898, 41.24526604546444 ], [ 76.902210489908882, 41.249432712131103 ], [ 76.895086669921909, 41.250567287868954 ], [ 76.889710489908879, 41.246400621202284 ], [ 76.881122843424507, 41.24526604546444 ], [ 76.867401801215308, 41.232430691189265 ], [ 76.86609937879777, 41.224253336588568 ], [ 76.870364718967039, 41.21875 ], [ 76.867233954535621, 41.214710489908882 ], [ 76.866666666666703, 41.2125 ], [ 76.865779283311667, 41.209041849772163 ], [ 76.856122843424515, 41.207766045464439 ], [ 76.850746663411485, 41.203599378797769 ], [ 76.842546420627201, 41.204905361599423 ], [ 76.840451727973118, 41.213067287868952 ], [ 76.814456176757844, 41.211932712131102 ], [ 76.810543823242213, 41.208900621202282 ], [ 76.806122843424504, 41.207766045464439 ], [ 76.802210489908887, 41.204733954535619 ], [ 76.8, 41.204166666666694 ], [ 76.793408881293431, 41.203813340928846 ], [ 76.789582485622859, 41.200013732910186 ], [ 76.777424452039952, 41.212146674262179 ], [ 76.770833333333357, 41.2125 ], [ 76.764242214626762, 41.212146674262179 ], [ 76.760757785373286, 41.208686659071212 ], [ 76.758333333333354, 41.208333333333364 ], [ 76.755908881293436, 41.208686659071212 ], [ 76.752424452039961, 41.212146674262179 ], [ 76.748287116156718, 41.212853325737875 ], [ 76.744091118706621, 41.208686659071212 ], [ 76.733333333333363, 41.208333333333364 ], [ 76.721742587619389, 41.208956909179719 ], [ 76.720266045464442, 41.214710489908882 ], [ 76.715656704372861, 41.220237562391524 ], [ 76.695833333333354, 41.22083333333336 ], [ 76.691666666666691, 41.22083333333336 ], [ 76.685327317979628, 41.221438429090739 ], [ 76.681339348687089, 41.224394904242651 ], [ 76.668660651312962, 41.225605095757409 ], [ 76.664576043023033, 41.22863328721791 ], [ 76.656339348687098, 41.221438429090739 ], [ 76.647827317979633, 41.220228237575981 ], [ 76.643839348687095, 41.217271762424076 ], [ 76.62699398464629, 41.216061570909318 ], [ 76.621548631456193, 41.21166076660159 ], [ 76.620117187500028, 41.196663072374157 ], [ 76.611959330240907, 41.195228237575982 ], [ 76.606339348687086, 41.199394904242652 ], [ 76.6041666666667, 41.2 ], [ 76.603813340928852, 41.172575547960101 ], [ 76.599646674262175, 41.168379550510011 ], [ 76.600353325737871, 41.164242214626768 ], [ 76.604519992404533, 41.160046217176678 ], [ 76.603807915581626, 41.155877346462702 ], [ 76.594091118706629, 41.146186659071205 ], [ 76.589211527506535, 41.145475599500898 ], [ 76.579519992404542, 41.135757785373293 ], [ 76.579166666666694, 41.133333333333361 ], [ 76.560075547960096, 41.133686659071209 ], [ 76.556591118706621, 41.137146674262183 ], [ 76.547575547960093, 41.137853325737872 ], [ 76.544091118706618, 41.141313340928846 ], [ 76.526742214626765, 41.142019992404542 ], [ 76.517024400499153, 41.15171169704864 ], [ 76.516313340928846, 41.156591118706622 ], [ 76.510786437988301, 41.162145826551679 ], [ 76.5, 41.1625 ], [ 76.499645148383266, 41.155881076388916 ], [ 76.489924452039958, 41.146186659071205 ], [ 76.483333333333363, 41.145833333333364 ], [ 76.476956176757838, 41.146400621202282 ], [ 76.471801079644123, 41.150396050347247 ], [ 76.469952392578151, 41.157599216037354 ], [ 76.461562771267381, 41.158900621202285 ], [ 76.452210489908879, 41.150567287868952 ], [ 76.444873725043422, 41.149432712131102 ], [ 76.433988104926243, 41.159306335449244 ], [ 76.433333333333366, 41.166666666666693 ], [ 76.432196214464, 41.171097988552546 ], [ 76.427210489908873, 41.167233954535618 ], [ 76.422789510091178, 41.166099378797774 ], [ 76.413419765896293, 41.157750447591177 ], [ 76.411932712131104, 41.151956176757842 ], [ 76.408900621202278, 41.148043823242219 ], [ 76.407766045464442, 41.143622843424509 ], [ 76.400567287868952, 41.135543823242216 ], [ 76.4, 41.129166666666691 ], [ 76.399338785807316, 41.121732923719648 ], [ 76.393622843424509, 41.12026604546444 ], [ 76.389710489908879, 41.117233954535621 ], [ 76.376956176757844, 41.11609937879777 ], [ 76.373043823242213, 41.113067287868951 ], [ 76.364456176757841, 41.111932712131107 ], [ 76.36054382324221, 41.108900621202281 ], [ 76.356122843424501, 41.107766045464437 ], [ 76.352210489908884, 41.104733954535618 ], [ 76.347789510091175, 41.103599378797767 ], [ 76.342413330078145, 41.099432712131104 ], [ 76.331122843424509, 41.100567287868948 ], [ 76.325746663411479, 41.104733954535618 ], [ 76.317559136284743, 41.103429836697075 ], [ 76.313067287868947, 41.098043823242215 ], [ 76.3125, 41.09583333333336 ], [ 76.310075547960096, 41.095480007595512 ], [ 76.304524739583357, 41.089957004123292 ], [ 76.304166666666688, 41.0875 ], [ 76.280908881293428, 41.087146674262179 ], [ 76.277083333333351, 41.083347913954022 ], [ 76.273257785373289, 41.087146674262179 ], [ 76.268408881293425, 41.087853325737875 ], [ 76.256591118706623, 41.099646674262182 ], [ 76.251742214626759, 41.100353325737878 ], [ 76.248257785373283, 41.103813340928845 ], [ 76.239242214626756, 41.104519992404541 ], [ 76.233691406250017, 41.110042995876761 ], [ 76.233333333333363, 41.1125 ], [ 76.231122843424501, 41.111932712131107 ], [ 76.223043823242207, 41.104733954535618 ], [ 76.214456176757835, 41.103599378797767 ], [ 76.210543823242205, 41.100567287868948 ], [ 76.201956176757832, 41.099432712131104 ], [ 76.198043823242216, 41.096400621202285 ], [ 76.18945617675783, 41.095266045464435 ], [ 76.180086432562959, 41.086917114257844 ], [ 76.178255038791249, 41.079780748155407 ], [ 76.151956176757835, 41.078599378797769 ], [ 76.147907850477452, 41.075461832682322 ], [ 76.139710489908879, 41.082766045464439 ], [ 76.1375, 41.083333333333364 ], [ 76.137146674262169, 41.080908881293432 ], [ 76.133686659071202, 41.077424452039956 ], [ 76.133333333333354, 41.075 ], [ 76.132980007595506, 41.072575547960099 ], [ 76.129519992404539, 41.069091118706623 ], [ 76.129166666666691, 41.0625 ], [ 76.122575547960096, 41.062146674262181 ], [ 76.119091118706621, 41.058686659071206 ], [ 76.105908881293431, 41.057980007595511 ], [ 76.102424452039955, 41.054519992404543 ], [ 76.070833333333354, 41.054166666666696 ], [ 76.064242214626759, 41.053813340928848 ], [ 76.056591118706621, 41.046186659071211 ], [ 76.047575547960093, 41.045480007595515 ], [ 76.044091118706618, 41.042019992404541 ], [ 76.0375, 41.041666666666693 ], [ 76.037146674262175, 41.039242214626761 ], [ 76.033686659071208, 41.035757785373292 ], [ 76.032980007595512, 41.030908881293428 ], [ 76.029519992404531, 41.027424452039959 ], [ 76.029166666666683, 41.025 ], [ 76.022575547960088, 41.025353325737875 ], [ 76.014924452039949, 41.032980007595512 ], [ 75.989242214626756, 41.033686659071208 ], [ 75.985757785373281, 41.037146674262182 ], [ 75.980908881293431, 41.037853325737871 ], [ 75.977424452039955, 41.041313340928845 ], [ 75.9625, 41.041666666666693 ], [ 75.959184265136741, 41.040815904405406 ], [ 75.958333333333357, 41.0375 ], [ 75.956122843424495, 41.036932712131104 ], [ 75.948043823242216, 41.029733954535615 ], [ 75.93945617675783, 41.028599378797772 ], [ 75.934301079644115, 41.024603949652807 ], [ 75.932482401529967, 41.017517428927981 ], [ 75.92585093180341, 41.015815904405407 ], [ 75.925, 41.0125 ], [ 75.922575547960093, 41.012853325737872 ], [ 75.919091118706618, 41.016313340928846 ], [ 75.904166666666683, 41.016666666666694 ], [ 75.903260972764784, 41.013137817382841 ], [ 75.88528951009117, 41.011932712131106 ], [ 75.873043823242213, 41.000567287868954 ], [ 75.868622843424504, 40.999432712131103 ], [ 75.864710489908873, 40.996400621202284 ], [ 75.839456176757835, 40.995266045464433 ], [ 75.835543823242205, 40.992233954535614 ], [ 75.816666666666691, 40.991666666666696 ], [ 75.815757412380663, 40.995209757487004 ], [ 75.804166666666688, 40.995833333333358 ], [ 75.803315734863304, 40.992517428927975 ], [ 75.796684265136733, 40.990815904405409 ], [ 75.794865587022585, 40.983729383680583 ], [ 75.78971048990887, 40.979733954535618 ], [ 75.7875, 40.979166666666693 ], [ 75.785075547960091, 40.978813340928845 ], [ 75.781591118706615, 40.975353325737871 ], [ 75.758333333333354, 40.975 ], [ 75.755908881293422, 40.974646674262182 ], [ 75.744091118706621, 40.962853325737875 ], [ 75.729166666666686, 40.9625 ], [ 75.726742214626753, 40.962146674262179 ], [ 75.723257785373278, 40.958686659071205 ], [ 75.716666666666697, 40.958333333333357 ], [ 75.708333333333357, 40.958333333333357 ], [ 75.707980007595509, 40.951742214626762 ], [ 75.70001390245227, 40.943750678168428 ], [ 75.704519992404528, 40.939213053385444 ], [ 75.703813340928832, 40.935075547960096 ], [ 75.696186659071202, 40.927424452039958 ], [ 75.695833333333368, 40.920833333333363 ], [ 75.689456176757844, 40.920266045464437 ], [ 75.685543823242227, 40.917233954535618 ], [ 75.678420003255241, 40.916099378797767 ], [ 75.671970621744833, 40.921097819010441 ], [ 75.670266045464444, 40.914456176757838 ], [ 75.657324896918439, 40.900622219509572 ], [ 75.636753336588583, 40.899432712131102 ], [ 75.631377156575553, 40.903599378797772 ], [ 75.628420003255243, 40.904733954535615 ], [ 75.623043823242227, 40.900567287868952 ], [ 75.614456176757841, 40.899432712131102 ], [ 75.609301079644126, 40.895437282986137 ], [ 75.608333333333363, 40.891666666666694 ], [ 75.605908881293431, 40.891313340928846 ], [ 75.602424452039969, 40.887853325737872 ], [ 75.583333333333371, 40.8875 ], [ 75.581122843424509, 40.886932712131099 ], [ 75.559477064344648, 40.866212632921034 ], [ 75.557766045464447, 40.861753336588571 ], [ 75.562038167317738, 40.856241183810788 ], [ 75.554733954535621, 40.848043823242215 ], [ 75.553315904405423, 40.842517428927977 ], [ 75.547789510091178, 40.841099378797772 ], [ 75.543877156575562, 40.838067287868952 ], [ 75.533333333333374, 40.8375 ], [ 75.532445949978339, 40.834041680230058 ], [ 75.521720716688407, 40.832624986436656 ], [ 75.519982571072077, 40.825850762261311 ], [ 75.513350762261325, 40.824149237738737 ], [ 75.5125, 40.820833333333361 ], [ 75.501742214626773, 40.820480007595513 ], [ 75.498257785373298, 40.817019992404539 ], [ 75.493408881293433, 40.816313340928843 ], [ 75.485757785373295, 40.808686659071206 ], [ 75.475, 40.808333333333358 ], [ 75.475, 40.804166666666688 ], [ 75.464242214626765, 40.803813340928848 ], [ 75.460757785373303, 40.800353325737873 ], [ 75.455908881293439, 40.799646674262178 ], [ 75.444091118706638, 40.787853325737871 ], [ 75.422575547960108, 40.787146674262175 ], [ 75.419091118706632, 40.783686659071208 ], [ 75.402453613281281, 40.782980007595512 ], [ 75.398257785373303, 40.787146674262175 ], [ 75.395833333333371, 40.7875 ], [ 75.392517428927988, 40.786649237738743 ], [ 75.390779283311659, 40.779875013563391 ], [ 75.381122843424507, 40.778599378797765 ], [ 75.364710489908887, 40.76306728786895 ], [ 75.343622843424512, 40.761932712131099 ], [ 75.339710489908882, 40.75890062120228 ], [ 75.333333333333371, 40.758333333333361 ], [ 75.322789510091184, 40.757766045464436 ], [ 75.318877156575553, 40.754733954535617 ], [ 75.31312357584639, 40.753257581922767 ], [ 75.3125, 40.741666666666688 ], [ 75.308333333333366, 40.741666666666688 ], [ 75.305908881293433, 40.741313340928841 ], [ 75.302424452039958, 40.737853325737873 ], [ 75.294117567274341, 40.737146674262178 ], [ 75.285757785373292, 40.745480007595511 ], [ 75.280908881293442, 40.746186659071206 ], [ 75.277424452039966, 40.749646674262181 ], [ 75.270833333333371, 40.75 ], [ 75.264506361219645, 40.749382527669297 ], [ 75.260493638780417, 40.74645080566409 ], [ 75.250794135199683, 40.745039198133703 ], [ 75.249231635199692, 40.734305148654542 ], [ 75.243673027886317, 40.732715861002632 ], [ 75.235493638780412, 40.725617472330754 ], [ 75.2, 40.725 ], [ 75.199646674262183, 40.718408881293428 ], [ 75.196186659071216, 40.714924452039952 ], [ 75.195833333333368, 40.7125 ], [ 75.196186659071216, 40.710075547960095 ], [ 75.204519992404542, 40.701715766059053 ], [ 75.203813340928846, 40.693408881293429 ], [ 75.200353325737879, 40.689924452039953 ], [ 75.2, 40.683333333333358 ], [ 75.197575547960099, 40.682980007595511 ], [ 75.189924452039961, 40.675353325737873 ], [ 75.185075547960096, 40.674646674262178 ], [ 75.179524739583371, 40.669123670789958 ], [ 75.179166666666703, 40.666666666666693 ], [ 75.172789510091178, 40.667233954535618 ], [ 75.168877156575547, 40.67026604546443 ], [ 75.165920003255238, 40.671400621202281 ], [ 75.160543823242222, 40.667233954535618 ], [ 75.147789510091172, 40.666099378797767 ], [ 75.143877156575556, 40.663067287868948 ], [ 75.139456176757847, 40.661932712131097 ], [ 75.135543823242216, 40.658900621202278 ], [ 75.130017428927985, 40.657482571072073 ], [ 75.128599378797773, 40.651956176757835 ], [ 75.125567287868961, 40.648043823242212 ], [ 75.12443271213111, 40.643622843424502 ], [ 75.121400621202284, 40.639710489908879 ], [ 75.120266045464447, 40.631122843424507 ], [ 75.117233954535621, 40.627210489908876 ], [ 75.115815904405409, 40.621684095594645 ], [ 75.110289510091178, 40.620266045464433 ], [ 75.099996609158012, 40.610930040147593 ], [ 75.107766045464444, 40.602210489908877 ], [ 75.108900621202281, 40.590920003255235 ], [ 75.104733954535618, 40.585543823242212 ], [ 75.103505452473996, 40.571732923719644 ], [ 75.097789510091175, 40.570266045464436 ], [ 75.092285834418433, 40.565676201714432 ], [ 75.091666666666697, 40.554166666666688 ], [ 75.092233954535615, 40.551956176757834 ], [ 75.095266045464442, 40.54804382324221 ], [ 75.09644741482208, 40.521745130750894 ], [ 75.102210489908884, 40.520266045464432 ], [ 75.110289510091178, 40.51306728786895 ], [ 75.114710489908887, 40.511932712131099 ], [ 75.118622843424504, 40.50890062120228 ], [ 75.124603949652808, 40.507365587022591 ], [ 75.128599378797773, 40.502210489908876 ], [ 75.130017428927985, 40.496684095594638 ], [ 75.135543823242216, 40.495266045464433 ], [ 75.143622843424509, 40.488067287868944 ], [ 75.149603949652814, 40.486532253689262 ], [ 75.153599378797779, 40.48137715657554 ], [ 75.154166666666697, 40.458333333333357 ], [ 75.143622843424509, 40.458900621202282 ], [ 75.139710489908879, 40.461932712131102 ], [ 75.136753336588569, 40.463067287868945 ], [ 75.131377156575553, 40.458900621202282 ], [ 75.122789510091181, 40.457766045464432 ], [ 75.114710489908887, 40.45056728786895 ], [ 75.110289510091178, 40.449432712131099 ], [ 75.105134412977463, 40.445437282986134 ], [ 75.103315904405406, 40.438350762261308 ], [ 75.1, 40.4375 ], [ 75.092566257052979, 40.438161214192732 ], [ 75.091666666666697, 40.441666666666691 ], [ 75.089242214626765, 40.442019992404539 ], [ 75.085757785373289, 40.445480007595506 ], [ 75.081620279947941, 40.446186659071202 ], [ 75.077083333333363, 40.441681247287349 ], [ 75.073257785373301, 40.445480007595506 ], [ 75.068408881293436, 40.446186659071202 ], [ 75.064924452039961, 40.449646674262176 ], [ 75.060786946614613, 40.450353325737872 ], [ 75.056591118706621, 40.446186659071202 ], [ 75.054166666666703, 40.445833333333354 ], [ 75.051742214626771, 40.446186659071202 ], [ 75.046191406250031, 40.451709662543422 ], [ 75.045833333333363, 40.454166666666687 ], [ 75.0416666666667, 40.454166666666687 ], [ 75.035289510091175, 40.454733954535612 ], [ 75.031377156575545, 40.457766045464432 ], [ 75.026956176757849, 40.458900621202282 ], [ 75.018877156575556, 40.466099378797765 ], [ 75.015920003255232, 40.467233954535615 ], [ 75.010543823242216, 40.463067287868945 ], [ 75.006122843424507, 40.461932712131102 ], [ 75.00221048990889, 40.458900621202282 ], [ 74.997789510091181, 40.457766045464432 ], [ 74.99387715657555, 40.454733954535612 ], [ 74.990920003255241, 40.453599378797769 ], [ 74.98554382324221, 40.457766045464432 ], [ 74.976956176757838, 40.458900621202282 ], [ 74.973043823242222, 40.461932712131102 ], [ 74.968622843424512, 40.463067287868945 ], [ 74.964710489908882, 40.466099378797765 ], [ 74.960289510091172, 40.467233954535615 ], [ 74.956377156575556, 40.470266045464435 ], [ 74.951956176757847, 40.471400621202278 ], [ 74.948043823242216, 40.474432712131097 ], [ 74.943622843424507, 40.475567287868948 ], [ 74.93971048990889, 40.478599378797767 ], [ 74.931122843424504, 40.479733954535611 ], [ 74.921752929687528, 40.488082885742209 ], [ 74.919982571072083, 40.494982571072072 ], [ 74.913350762261317, 40.496684095594638 ], [ 74.9125, 40.5 ], [ 74.897789510091172, 40.500567287868947 ], [ 74.893877156575556, 40.503599378797766 ], [ 74.888350762261311, 40.505017428927971 ], [ 74.8875, 40.508333333333354 ], [ 74.880908881293436, 40.508686659071202 ], [ 74.877424452039961, 40.512146674262176 ], [ 74.868408881293433, 40.512853325737872 ], [ 74.864924452039958, 40.516313340928839 ], [ 74.8625, 40.516666666666687 ], [ 74.847575547960105, 40.517019992404535 ], [ 74.844091118706629, 40.520480007595509 ], [ 74.841666666666697, 40.520833333333357 ], [ 74.840815734863313, 40.52414923773874 ], [ 74.8375, 40.525 ], [ 74.835075547960102, 40.524646674262172 ], [ 74.827424452039963, 40.517019992404535 ], [ 74.825, 40.516666666666687 ], [ 74.824382358127195, 40.514506361219638 ], [ 74.82145097520619, 40.510493638780403 ], [ 74.820215691460533, 40.506173027886305 ], [ 74.81604902479387, 40.500469292534746 ], [ 74.817284308539527, 40.49367302788631 ], [ 74.820271809895857, 40.489583333333357 ], [ 74.817284308539527, 40.485493638780405 ], [ 74.81604902479387, 40.477006361219644 ], [ 74.813061523437526, 40.472916666666691 ], [ 74.816105143229194, 40.46875 ], [ 74.813117641872864, 40.464660305447069 ], [ 74.81168585883249, 40.45482347276478 ], [ 74.7916666666667, 40.454166666666687 ], [ 74.792233954535618, 40.44778951009117 ], [ 74.799432712131107, 40.439710489908876 ], [ 74.800967746310789, 40.433729383680578 ], [ 74.806122843424504, 40.429733954535614 ], [ 74.810543823242213, 40.428599378797763 ], [ 74.831122843424509, 40.408900621202278 ], [ 74.835543823242219, 40.407766045464435 ], [ 74.851956176757838, 40.392233954535612 ], [ 74.857750447591172, 40.390747070312521 ], [ 74.86609937879777, 40.381377156575546 ], [ 74.867570326063401, 40.375645616319467 ], [ 74.881122843424507, 40.363067287868944 ], [ 74.885543823242216, 40.3619327121311 ], [ 74.889456176757847, 40.358900621202281 ], [ 74.896400621202289, 40.357118394639777 ], [ 74.895136515299512, 40.346723768446203 ], [ 74.891666666666694, 40.345833333333353 ], [ 74.890815904405414, 40.342517428927977 ], [ 74.884184095594648, 40.340815904405403 ], [ 74.882445949978333, 40.334041680230058 ], [ 74.872789510091181, 40.332766045464432 ], [ 74.864710489908887, 40.325567287868942 ], [ 74.8625, 40.325 ], [ 74.851742214626768, 40.325353325737865 ], [ 74.848257785373292, 40.328813340928839 ], [ 74.843408881293428, 40.329519992404535 ], [ 74.835757785373289, 40.337146674262172 ], [ 74.830908881293425, 40.337853325737868 ], [ 74.827424452039963, 40.341313340928842 ], [ 74.822575547960099, 40.342019992404538 ], [ 74.819091118706623, 40.345480007595505 ], [ 74.814242214626759, 40.346186659071201 ], [ 74.810757785373298, 40.349646674262175 ], [ 74.801742214626771, 40.350353325737871 ], [ 74.798257785373295, 40.353813340928838 ], [ 74.789953782823375, 40.354519992404533 ], [ 74.785757785373292, 40.350353325737871 ], [ 74.756620449490043, 40.349646674262175 ], [ 74.752424452039961, 40.353813340928838 ], [ 74.748283555772602, 40.354519992404533 ], [ 74.735417514377204, 40.341680230034747 ], [ 74.731591118706632, 40.345480007595505 ], [ 74.722575547960091, 40.346186659071201 ], [ 74.719091118706629, 40.349646674262175 ], [ 74.706620449490046, 40.350353325737871 ], [ 74.702424452039963, 40.346186659071201 ], [ 74.695833333333354, 40.345833333333353 ], [ 74.696186659071202, 40.343408881293428 ], [ 74.700353325737879, 40.339213053385436 ], [ 74.699646674262183, 40.322575547960092 ], [ 74.696186659071202, 40.319091118706616 ], [ 74.695480007595521, 40.314242214626759 ], [ 74.687853325737876, 40.306591118706621 ], [ 74.687146674262181, 40.301742214626756 ], [ 74.682980007595518, 40.297546386718771 ], [ 74.683686659071213, 40.289242214626761 ], [ 74.687853325737876, 40.285046386718768 ], [ 74.687146674262181, 40.280908881293421 ], [ 74.683686659071213, 40.277424452039952 ], [ 74.683333333333366, 40.266666666666687 ], [ 74.675899590386308, 40.267327880859398 ], [ 74.674120246039521, 40.274261135525194 ], [ 74.665920003255238, 40.275567287868945 ], [ 74.660543823242222, 40.271400621202275 ], [ 74.644896104600718, 40.270266045464432 ], [ 74.635543823242216, 40.278599378797765 ], [ 74.597789510091175, 40.279733954535608 ], [ 74.593736606174076, 40.28287489149308 ], [ 74.573043823242216, 40.263067287868942 ], [ 74.568622843424507, 40.261932712131099 ], [ 74.563467746310792, 40.257937282986134 ], [ 74.561932712131096, 40.251956176757837 ], [ 74.550567287868944, 40.239710489908873 ], [ 74.549432712131107, 40.235289510091164 ], [ 74.524016147189698, 40.208987087673634 ], [ 74.51028951009117, 40.207766045464432 ], [ 74.506377156575553, 40.204733954535612 ], [ 74.497789510091167, 40.203599378797762 ], [ 74.492634412977452, 40.199603949652797 ], [ 74.49109937879777, 40.1936228434245 ], [ 74.48710411919491, 40.188467746310785 ], [ 74.481122843424501, 40.186932712131096 ], [ 74.460543823242219, 40.167233954535611 ], [ 74.458333333333357, 40.166666666666686 ], [ 74.457672119140653, 40.159232923719635 ], [ 74.451956176757832, 40.157766045464427 ], [ 74.448043823242216, 40.154733954535608 ], [ 74.442517598470076, 40.153315904405403 ], [ 74.441666666666691, 40.15 ], [ 74.435075547960096, 40.149646674262186 ], [ 74.431591118706621, 40.146186659071219 ], [ 74.426742214626756, 40.145480007595523 ], [ 74.423257785373295, 40.142019992404549 ], [ 74.420833333333363, 40.141666666666687 ], [ 74.419865587022599, 40.137895880805161 ], [ 74.414710489908884, 40.133900621202294 ], [ 74.406122843424498, 40.132766045464443 ], [ 74.398043823242219, 40.125567287868961 ], [ 74.393622843424509, 40.12443271213111 ], [ 74.385543823242216, 40.117233954535628 ], [ 74.381122843424507, 40.116099378797777 ], [ 74.373043823242213, 40.108900621202295 ], [ 74.368622843424504, 40.107766045464444 ], [ 74.364710489908873, 40.104733954535625 ], [ 74.360289510091178, 40.103599378797782 ], [ 74.346821424696202, 40.091099378797779 ], [ 74.338381279839439, 40.092399597168004 ], [ 74.3375, 40.095833333333367 ], [ 74.326742214626762, 40.096186659071215 ], [ 74.323257785373286, 40.099646674262189 ], [ 74.318408881293422, 40.100353325737885 ], [ 74.306591118706621, 40.112146674262192 ], [ 74.302453782823378, 40.112853325737881 ], [ 74.298257785373295, 40.108686659071218 ], [ 74.293408881293431, 40.107980007595522 ], [ 74.289924452039955, 40.104519992404548 ], [ 74.275, 40.1041666666667 ], [ 74.274646674262172, 40.106591118706632 ], [ 74.271186659071205, 40.110075547960108 ], [ 74.270480007595509, 40.114924452039965 ], [ 74.267019992404542, 40.118408881293441 ], [ 74.266313340928846, 40.123257785373298 ], [ 74.258686659071202, 40.130908881293436 ], [ 74.258333333333354, 40.133333333333354 ], [ 74.256122843424507, 40.132766045464443 ], [ 74.248043823242213, 40.125567287868961 ], [ 74.238387383355061, 40.124291483561237 ], [ 74.2375, 40.120833333333366 ], [ 74.226742214626753, 40.121186659071213 ], [ 74.219091118706615, 40.128813340928858 ], [ 74.214953782823372, 40.129519992404553 ], [ 74.210757785373289, 40.125353325737883 ], [ 74.201742214626762, 40.124646674262188 ], [ 74.198257785373286, 40.121186659071213 ], [ 74.185075547960096, 40.120480007595525 ], [ 74.181591118706621, 40.117019992404551 ], [ 74.176742214626756, 40.116313340928855 ], [ 74.172916666666694, 40.112514580620697 ], [ 74.169091118706618, 40.116313340928855 ], [ 74.160783555772596, 40.117019992404551 ], [ 74.148257785373289, 40.104519992404548 ], [ 74.139953782823369, 40.103813340928852 ], [ 74.135757785373286, 40.107980007595522 ], [ 74.130908881293422, 40.108686659071218 ], [ 74.127082316080759, 40.112486436631983 ], [ 74.108688015408006, 40.094117906358541 ], [ 74.108333333333363, 40.0875 ], [ 74.093408881293428, 40.087146674262186 ], [ 74.085757785373289, 40.079519992404549 ], [ 74.069118923611128, 40.078813340928853 ], [ 74.062858072916683, 40.085043165418874 ], [ 74.0625, 40.0875 ], [ 74.060289510091167, 40.088067287868959 ], [ 74.052210489908873, 40.095266045464449 ], [ 74.046684265136747, 40.096684265136751 ], [ 74.045833333333348, 40.1 ], [ 74.043408881293431, 40.099646674262189 ], [ 74.039924452039955, 40.096186659071215 ], [ 74.03333333333336, 40.095833333333353 ], [ 74.032980007595512, 40.098257785373285 ], [ 74.025353325737868, 40.105908881293423 ], [ 74.025, 40.108333333333356 ], [ 74.024432712131102, 40.11054382324221 ], [ 74.020655992296028, 40.115416802300366 ], [ 74.015920003255232, 40.117233954535607 ], [ 74.010543823242216, 40.113067287868944 ], [ 74.007586669921892, 40.111932712131093 ], [ 74.00208333333336, 40.116198052300369 ], [ 73.998043823242213, 40.113067287868944 ], [ 73.974253336588561, 40.111932712131093 ], [ 73.968877156575545, 40.116099378797763 ], [ 73.955066257052977, 40.117327880859392 ], [ 73.953599378797762, 40.123043823242206 ], [ 73.949604119194902, 40.128198920355921 ], [ 73.945833333333368, 40.129166666666706 ], [ 73.945833333333354, 40.133333333333354 ], [ 73.945833333333354, 40.145833333333357 ], [ 73.939242214626759, 40.146186659071198 ], [ 73.927424452039958, 40.157980007595505 ], [ 73.920833333333377, 40.158333333333353 ], [ 73.921476067437084, 40.164634874131963 ], [ 73.92856818305124, 40.172916666666687 ], [ 73.920683458116343, 40.182123819986998 ], [ 73.914531622992641, 40.183976236979184 ], [ 73.90915391710071, 40.187789238823804 ], [ 73.907551405164952, 40.203498331705752 ], [ 73.875, 40.204166666666687 ], [ 73.87443271213111, 40.19778951009117 ], [ 73.863067287868958, 40.185543823242206 ], [ 73.861932712131107, 40.176956176757834 ], [ 73.854733954535632, 40.16887715657554 ], [ 73.853599378797782, 40.164456176757831 ], [ 73.846400621202292, 40.156377156575545 ], [ 73.845266045464442, 40.151956176757835 ], [ 73.842233954535629, 40.148043823242205 ], [ 73.840698920355933, 40.142062717013907 ], [ 73.834079996744833, 40.136932712131099 ], [ 73.821729871961836, 40.138173760308177 ], [ 73.819618394639789, 40.146400621202275 ], [ 73.814456176757844, 40.145266045464432 ], [ 73.810543823242227, 40.142233954535612 ], [ 73.806122843424518, 40.141099378797762 ], [ 73.802210489908887, 40.138067287868942 ], [ 73.796541680230078, 40.136612616644982 ], [ 73.795124986436662, 40.125887383355057 ], [ 73.788107638888931, 40.124086507161479 ], [ 73.7875, 40.108333333333356 ], [ 73.780908881293442, 40.107980007595522 ], [ 73.769091118706626, 40.096186659071215 ], [ 73.766666666666708, 40.095833333333353 ], [ 73.767233954535627, 40.085289510091179 ], [ 73.771400621202289, 40.079913330078163 ], [ 73.770159573025211, 40.067563035753075 ], [ 73.763082885742222, 40.065746900770435 ], [ 73.754733954535624, 40.056377156575557 ], [ 73.753198920355942, 40.050395880805155 ], [ 73.748043823242227, 40.046400621202295 ], [ 73.741666666666703, 40.045833333333356 ], [ 73.741099378797784, 40.039456176757845 ], [ 73.736932712131107, 40.034079996744829 ], [ 73.7381737603082, 40.021729702419741 ], [ 73.741666666666703, 40.020833333333371 ], [ 73.741099378797784, 40.010289510091184 ], [ 73.737968614366352, 40.00625 ], [ 73.741206868489613, 40.002071974012622 ], [ 73.729733954535632, 39.989710489908887 ], [ 73.728198920355936, 39.983729214138492 ], [ 73.723043823242222, 39.979733954535625 ], [ 73.717375013563398, 39.978279283311664 ], [ 73.716099378797779, 39.968622843424512 ], [ 73.704733954535627, 39.956377156575556 ], [ 73.703315904405414, 39.950850931803423 ], [ 73.7, 39.95 ], [ 73.692469278971387, 39.949264865451426 ], [ 73.691049194335974, 39.939506530761754 ], [ 73.686660766601591, 39.934019639756976 ], [ 73.664506361219651, 39.932715691460537 ], [ 73.660493638780423, 39.929784308539531 ], [ 73.651367865668433, 39.928549024793874 ], [ 73.65, 39.933333333333366 ], [ 73.649646674262186, 39.935757785373298 ], [ 73.644121297200556, 39.941310967339447 ], [ 73.635075547960099, 39.942019992404546 ], [ 73.631591118706638, 39.945480007595521 ], [ 73.625, 39.945833333333354 ], [ 73.621684095594659, 39.944982401529984 ], [ 73.619982571072086, 39.93835093180342 ], [ 73.614456176757841, 39.93693271213111 ], [ 73.598043823242222, 39.921400621202288 ], [ 73.591666666666697, 39.92083333333337 ], [ 73.591099378797779, 39.914456176757845 ], [ 73.583900621202289, 39.906377156575552 ], [ 73.582766045464439, 39.901956176757849 ], [ 73.578599378797776, 39.896579996744826 ], [ 73.579733954535627, 39.893622843424509 ], [ 73.596400621202292, 39.876011657714876 ], [ 73.595100911458374, 39.867547946506107 ], [ 73.588350762261314, 39.865815734863318 ], [ 73.586932712131116, 39.860289510091178 ], [ 73.583900621202289, 39.856377156575554 ], [ 73.583333333333371, 39.8541666666667 ], [ 73.5625, 39.8541666666667 ], [ 73.561532253689265, 39.850395880805152 ], [ 73.55637715657555, 39.846400621202292 ], [ 73.550850762261319, 39.844982401529982 ], [ 73.549432712131107, 39.839456176757849 ], [ 73.542233954535618, 39.831377156575556 ], [ 73.541099378797782, 39.822789510091177 ], [ 73.533900621202292, 39.81471048990889 ], [ 73.533333333333374, 39.8125 ], [ 73.532980007595526, 39.810075547960103 ], [ 73.528813340928849, 39.805879550510014 ], [ 73.529519992404545, 39.797575547960101 ], [ 73.537146674262189, 39.789924452039962 ], [ 73.537853325737885, 39.785075547960105 ], [ 73.541313340928852, 39.781591118706629 ], [ 73.5416666666667, 39.770833333333364 ], [ 73.549100409613743, 39.770172119140661 ], [ 73.550567287868958, 39.764456176757847 ], [ 73.55359937879777, 39.760543823242223 ], [ 73.554166666666703, 39.754166666666698 ], [ 73.5625, 39.754166666666698 ], [ 73.569091118706638, 39.754519992404546 ], [ 73.572575547960099, 39.757980007595521 ], [ 73.581591118706626, 39.758686659071216 ], [ 73.594116889105933, 39.771186659071212 ], [ 73.627424452039961, 39.770480007595516 ], [ 73.639242214626776, 39.758686659071216 ], [ 73.669091118706632, 39.757980007595521 ], [ 73.673286946614624, 39.753813340928851 ], [ 73.677424452039972, 39.754519992404546 ], [ 73.68125, 39.758318752712704 ], [ 73.68507554796011, 39.754519992404546 ], [ 73.689924452039961, 39.753813340928851 ], [ 73.693408881293436, 39.750353325737883 ], [ 73.704166666666708, 39.75 ], [ 73.70381334092886, 39.747575547960103 ], [ 73.700353325737879, 39.744091118706628 ], [ 73.699646674262183, 39.730908881293438 ], [ 73.692019992404553, 39.723257785373299 ], [ 73.691313340928858, 39.714242214626772 ], [ 73.687853325737876, 39.710757785373296 ], [ 73.687146674262195, 39.705908881293432 ], [ 73.683686659071213, 39.702424452039963 ], [ 73.682980007595518, 39.697575547960099 ], [ 73.654519992404545, 39.669091118706632 ], [ 73.653813340928849, 39.664242214626768 ], [ 73.646186659071219, 39.656591118706629 ], [ 73.645480007595523, 39.643408881293432 ], [ 73.632980007595521, 39.630883110894132 ], [ 73.633689371744822, 39.622545199924076 ], [ 73.639242214626776, 39.617019992404543 ], [ 73.641666666666708, 39.616666666666696 ], [ 73.64131334092886, 39.605908881293438 ], [ 73.629519992404553, 39.594091118706629 ], [ 73.628813340928858, 39.589242214626765 ], [ 73.621186659071213, 39.581591118706626 ], [ 73.620480007595518, 39.564242214626766 ], [ 73.612853325737888, 39.556591118706628 ], [ 73.612144300672782, 39.547545539008276 ], [ 73.606591118706632, 39.542019992404548 ], [ 73.601742214626768, 39.541313340928852 ], [ 73.598257785373292, 39.537853325737878 ], [ 73.591666666666697, 39.5375 ], [ 73.590747070312531, 39.53391621907555 ], [ 73.581377156575556, 39.525567287868952 ], [ 73.576956176757847, 39.524432712131109 ], [ 73.573043823242216, 39.521400621202289 ], [ 73.568622843424521, 39.520266045464439 ], [ 73.56471048990889, 39.517233954535619 ], [ 73.559184095594659, 39.51581573486331 ], [ 73.557482571072086, 39.509184265136753 ], [ 73.551956176757841, 39.507766045464443 ], [ 73.546579996744825, 39.503599378797773 ], [ 73.542477756076423, 39.505173407660621 ], [ 73.5416666666667, 39.508333333333361 ], [ 73.539242214626768, 39.507980007595521 ], [ 73.527424452039966, 39.496186659071213 ], [ 73.525, 39.495833333333366 ], [ 73.524646674262186, 39.489242214626771 ], [ 73.521186659071219, 39.485757785373295 ], [ 73.520833333333371, 39.4791666666667 ], [ 73.520833333333371, 39.470833333333367 ], [ 73.516666666666694, 39.470833333333367 ], [ 73.497789510091181, 39.470266045464442 ], [ 73.49387715657555, 39.467233954535622 ], [ 73.464456176757849, 39.466099378797772 ], [ 73.460543823242219, 39.463067287868952 ], [ 73.450887383355067, 39.461791483561228 ], [ 73.449432712131113, 39.456122843424509 ], [ 73.444817437066007, 39.450588480631538 ], [ 73.393622843424509, 39.449432712131106 ], [ 73.37721048990889, 39.433900621202284 ], [ 73.358333333333363, 39.433333333333366 ], [ 73.354827880859403, 39.432433742947076 ], [ 73.3541666666667, 39.425 ], [ 73.357482571072083, 39.424149068196641 ], [ 73.358900621202295, 39.418622843424508 ], [ 73.363067287868958, 39.413246663411485 ], [ 73.361832682291706, 39.400961642795167 ], [ 73.352210489908884, 39.392233954535619 ], [ 73.341666666666697, 39.391666666666694 ], [ 73.325913492838581, 39.391059197319905 ], [ 73.324085489908882, 39.383935716417128 ], [ 73.289456176757838, 39.382766045464436 ], [ 73.285543823242222, 39.379733954535624 ], [ 73.263409084743955, 39.378543090820344 ], [ 73.261932712131113, 39.372789510091174 ], [ 73.253237575954898, 39.363202921549508 ], [ 73.243622843424518, 39.361932712131107 ], [ 73.239710489908887, 39.358900621202288 ], [ 73.2291666666667, 39.358333333333363 ], [ 73.226742214626768, 39.358686659071211 ], [ 73.223257785373292, 39.362146674262185 ], [ 73.214950900607676, 39.362853325737873 ], [ 73.206591118706626, 39.354519992404541 ], [ 73.197575547960099, 39.353813340928852 ], [ 73.19375, 39.350014580620687 ], [ 73.189924452039961, 39.353813340928852 ], [ 73.17328694661461, 39.354519992404541 ], [ 73.169091118706632, 39.350353325737878 ], [ 73.164953613281284, 39.349646674262182 ], [ 73.160757785373292, 39.353813340928852 ], [ 73.147575547960102, 39.354519992404541 ], [ 73.142024739583363, 39.360043165418865 ], [ 73.141666666666694, 39.3625 ], [ 73.139242214626762, 39.362853325737873 ], [ 73.135757785373301, 39.366313340928848 ], [ 73.126742214626773, 39.367019992404543 ], [ 73.123257785373298, 39.370480007595518 ], [ 73.114242214626771, 39.371186659071213 ], [ 73.110757785373295, 39.374646674262181 ], [ 73.106620279947947, 39.375353325737876 ], [ 73.102424452039955, 39.371186659071213 ], [ 73.093408881293428, 39.370480007595518 ], [ 73.089924452039966, 39.367019992404543 ], [ 73.072575547960099, 39.366313340928848 ], [ 73.06702473958336, 39.36079016791453 ], [ 73.066666666666691, 39.358333333333363 ], [ 73.066666666666691, 39.35 ], [ 73.066311645507838, 39.343379550510015 ], [ 73.060757785373298, 39.337853325737875 ], [ 73.058333333333366, 39.3375 ], [ 73.057980007595518, 39.335075547960102 ], [ 73.054519992404551, 39.331591118706626 ], [ 73.054166666666703, 39.329166666666694 ], [ 73.053813340928855, 39.322575547960099 ], [ 73.050353325737873, 39.319091118706623 ], [ 73.05, 39.3125 ], [ 73.050890774197086, 39.309029473198812 ], [ 73.072789510091184, 39.288067287868955 ], [ 73.077210489908879, 39.286932712131104 ], [ 73.08125, 39.283802117241784 ], [ 73.086753336588572, 39.288067287868955 ], [ 73.089710489908882, 39.286932712131104 ], [ 73.093622843424512, 39.283900621202285 ], [ 73.098043823242222, 39.282766045464442 ], [ 73.114456176757841, 39.267233954535619 ], [ 73.120124986436664, 39.265779283311659 ], [ 73.121537611219651, 39.255086093478759 ], [ 73.126956176757844, 39.250567287868954 ], [ 73.131377156575553, 39.249432712131103 ], [ 73.135289510091184, 39.246400621202284 ], [ 73.15, 39.245833333333366 ], [ 73.150661214192738, 39.238399590386315 ], [ 73.15793728298614, 39.236532253689262 ], [ 73.161932712131104, 39.231377156575547 ], [ 73.163067287868955, 39.226956176757838 ], [ 73.170371500651072, 39.218758816189265 ], [ 73.167233954535618, 39.214710489908882 ], [ 73.166099378797782, 39.210289510091172 ], [ 73.163067287868955, 39.206377156575549 ], [ 73.1625, 39.204166666666694 ], [ 73.210757785373289, 39.204519992404542 ], [ 73.214242214626765, 39.207980007595516 ], [ 73.219091118706629, 39.208686659071212 ], [ 73.226742214626768, 39.216313340928849 ], [ 73.231591118706632, 39.217019992404545 ], [ 73.235075547960108, 39.220480007595512 ], [ 73.239924452039958, 39.221186659071208 ], [ 73.243408881293433, 39.224646674262182 ], [ 73.252424452039961, 39.225353325737878 ], [ 73.255908881293436, 39.228813340928845 ], [ 73.264924452039963, 39.229519992404541 ], [ 73.268408881293439, 39.232980007595515 ], [ 73.273257785373289, 39.233686659071211 ], [ 73.276742214626765, 39.237146674262185 ], [ 73.281591118706629, 39.237853325737873 ], [ 73.289242214626768, 39.245480007595518 ], [ 73.294091118706632, 39.246186659071206 ], [ 73.301742214626771, 39.253813340928851 ], [ 73.306591118706635, 39.254519992404539 ], [ 73.310075547960096, 39.257980007595513 ], [ 73.320833333333368, 39.258333333333361 ], [ 73.322048272026947, 39.26306728786895 ], [ 73.339710489908882, 39.261932712131106 ], [ 73.343622843424512, 39.258900621202287 ], [ 73.35, 39.258333333333361 ], [ 73.360543823242224, 39.257766045464436 ], [ 73.364456176757841, 39.254733954535617 ], [ 73.369982571072086, 39.253315734863307 ], [ 73.371400621202284, 39.247789510091174 ], [ 73.37443271213111, 39.24387715657555 ], [ 73.375887383355064, 39.238208516438831 ], [ 73.386612616644996, 39.236791483561227 ], [ 73.38806728786895, 39.231122843424508 ], [ 73.395266045464439, 39.223043823242215 ], [ 73.396547444661493, 39.213345675998291 ], [ 73.401218668619819, 39.212298583984406 ], [ 73.407586669921912, 39.217233954535615 ], [ 73.415787082248301, 39.215927971733969 ], [ 73.417233954535618, 39.210289510091172 ], [ 73.420266045464444, 39.206377156575549 ], [ 73.420833333333363, 39.2 ], [ 73.42826707628042, 39.200661214192735 ], [ 73.430075751410627, 39.207709757487009 ], [ 73.452210489908893, 39.208900621202282 ], [ 73.478464762369825, 39.234270731608099 ], [ 73.479733954535618, 39.24387715657555 ], [ 73.488429090711833, 39.253463745117216 ], [ 73.498043823242227, 39.254733954535617 ], [ 73.506122843424507, 39.261932712131106 ], [ 73.510543823242216, 39.26306728786895 ], [ 73.514456176757847, 39.266099378797769 ], [ 73.518877156575556, 39.267233954535619 ], [ 73.524032253689271, 39.271229214138486 ], [ 73.525, 39.275 ], [ 73.539660305447086, 39.274382358127198 ], [ 73.543673027886314, 39.271450975206193 ], [ 73.547993638780412, 39.270215691460535 ], [ 73.552006361219654, 39.267284308539523 ], [ 73.561832004123303, 39.265854220920168 ], [ 73.5625, 39.25 ], [ 73.566270616319485, 39.249032253689265 ], [ 73.57026604546445, 39.24387715657555 ], [ 73.572048272026947, 39.236932712131107 ], [ 73.585543823242219, 39.238067287868951 ], [ 73.589456176757849, 39.24109937879777 ], [ 73.6125, 39.241666666666696 ], [ 73.616690063476597, 39.240405103895426 ], [ 73.62019042968754, 39.235468377007408 ], [ 73.621797688802118, 39.230130852593348 ], [ 73.629190063476599, 39.227905103895431 ], [ 73.632690429687528, 39.222968377007405 ], [ 73.633976236979208, 39.218698289659315 ], [ 73.641023763020868, 39.210468377007409 ], [ 73.642631022135447, 39.205130852593342 ], [ 73.649850124783015, 39.202957322862439 ], [ 73.657690429687534, 39.193801710340743 ], [ 73.6589762369792, 39.181198289659314 ], [ 73.661857096354197, 39.17713504367407 ], [ 73.66370951334639, 39.170983208550375 ], [ 73.672865125868086, 39.163142734103758 ], [ 73.687750244140659, 39.161624484592039 ], [ 73.683976236979206, 39.156301540798637 ], [ 73.68269042968754, 39.15203179253475 ], [ 73.679809570312528, 39.147968207465304 ], [ 73.679166666666703, 39.145833333333364 ], [ 73.68137715657555, 39.145266045464439 ], [ 73.685289510091181, 39.142233954535619 ], [ 73.693877156575553, 39.141099378797769 ], [ 73.701956176757847, 39.133900621202287 ], [ 73.70762498643667, 39.132445949978326 ], [ 73.708900621202289, 39.122789510091174 ], [ 73.711932712131116, 39.11887715657555 ], [ 73.7125, 39.116666666666696 ], [ 73.7125, 39.1125 ], [ 73.713067287868967, 39.101956176757838 ], [ 73.716198052300385, 39.097916666666691 ], [ 73.713067287868967, 39.093877156575552 ], [ 73.711932712131116, 39.089456176757842 ], [ 73.707766045464439, 39.084079996744819 ], [ 73.708900621202289, 39.081122843424509 ], [ 73.716099378797779, 39.073043823242216 ], [ 73.717580159505246, 39.067274305555586 ], [ 73.733333333333363, 39.066666666666691 ], [ 73.733686659071211, 39.055908881293433 ], [ 73.737146674262192, 39.052424452039958 ], [ 73.7375, 39.03333333333336 ], [ 73.74387715657555, 39.032766045464435 ], [ 73.749253336588581, 39.028599378797772 ], [ 73.76054382324223, 39.029733954535615 ], [ 73.764583333333363, 39.032864718967041 ], [ 73.770086669921909, 39.028599378797772 ], [ 73.786596001519129, 39.029811265733535 ], [ 73.788467746310801, 39.037103949652803 ], [ 73.793622843424515, 39.041099378797767 ], [ 73.816666666666706, 39.041666666666693 ], [ 73.817019992404553, 39.035075547960098 ], [ 73.824646674262183, 39.027424452039959 ], [ 73.825353325737879, 39.022575547960095 ], [ 73.841313340928849, 39.006591118706623 ], [ 73.842019992404545, 39.001742214626766 ], [ 73.845480007595526, 38.998257785373291 ], [ 73.846186659071222, 38.976742214626761 ], [ 73.849646674262189, 38.973257785373292 ], [ 73.850353325737885, 38.960075547960095 ], [ 73.853813340928852, 38.956591118706626 ], [ 73.8541666666667, 38.954166666666694 ], [ 73.850850762261317, 38.953315904405407 ], [ 73.849432712131119, 38.94778951009117 ], [ 73.846400621202292, 38.943877156575546 ], [ 73.845266045464442, 38.939456176757837 ], [ 73.838067287868967, 38.93137715657555 ], [ 73.836791653103333, 38.921720716688391 ], [ 73.830017428927988, 38.919982571072076 ], [ 73.829166666666708, 38.916666666666693 ], [ 73.821732923719651, 38.917327880859403 ], [ 73.820833333333368, 38.920833333333363 ], [ 73.817517428927985, 38.921684095594642 ], [ 73.816099378797773, 38.92721048990888 ], [ 73.811607530381977, 38.93259650336374 ], [ 73.803420003255241, 38.933900621202284 ], [ 73.798043823242224, 38.929733954535614 ], [ 73.788714938693616, 38.92859937879777 ], [ 73.786932712131119, 38.935543823242213 ], [ 73.783900621202292, 38.939456176757837 ], [ 73.782170274522599, 38.946199205186659 ], [ 73.773043823242219, 38.938067287868947 ], [ 73.765920003255246, 38.936932712131103 ], [ 73.76054382324223, 38.941099378797773 ], [ 73.75739610460073, 38.942233954535617 ], [ 73.748043823242227, 38.933900621202284 ], [ 73.743622843424518, 38.932766045464433 ], [ 73.738155788845518, 38.928206719292561 ], [ 73.736932712131107, 38.914456176757838 ], [ 73.732413736979197, 38.909037611219645 ], [ 73.722789510091175, 38.907766045464435 ], [ 73.718877156575559, 38.904733954535615 ], [ 73.713161214192738, 38.903267076280407 ], [ 73.711932712131116, 38.88945617675784 ], [ 73.700459798177121, 38.877094862196209 ], [ 73.703599378797776, 38.873043823242213 ], [ 73.704166666666708, 38.854166666666693 ], [ 73.705131022135447, 38.850964355468776 ], [ 73.710468207465311, 38.84935709635419 ], [ 73.714531792534757, 38.846476236979193 ], [ 73.728395250108548, 38.845061916775201 ], [ 73.7291666666667, 38.8375 ], [ 73.729519992404548, 38.835075547960095 ], [ 73.737146674262192, 38.827424452039956 ], [ 73.737853325737888, 38.822575547960092 ], [ 73.745480007595518, 38.814924452039953 ], [ 73.746186659071213, 38.810075547960096 ], [ 73.749646674262195, 38.806591118706621 ], [ 73.750353325737876, 38.801742214626763 ], [ 73.757980007595521, 38.794091118706625 ], [ 73.758686659071216, 38.789242214626761 ], [ 73.76631334092886, 38.781591118706622 ], [ 73.76666666666668, 38.77916666666669 ], [ 73.76666666666668, 38.775 ], [ 73.764242214626762, 38.774646674262179 ], [ 73.760757785373286, 38.771186659071205 ], [ 73.758333333333354, 38.770833333333357 ], [ 73.757766045464436, 38.768622843424502 ], [ 73.75473395453561, 38.764710489908879 ], [ 73.753599378797759, 38.743622843424504 ], [ 73.745266045464433, 38.734270562065994 ], [ 73.746856858995244, 38.729857042100718 ], [ 73.756377156575539, 38.728599378797767 ], [ 73.76028951009117, 38.725567287868948 ], [ 73.766270785861565, 38.724032253689259 ], [ 73.770266045464425, 38.718877156575545 ], [ 73.771400621202275, 38.69778951009117 ], [ 73.778599378797765, 38.689710489908876 ], [ 73.780086432562953, 38.683916219075542 ], [ 73.789456176757838, 38.675567287868951 ], [ 73.794982401529964, 38.674149237738739 ], [ 73.796684265136733, 38.667517428927972 ], [ 73.803315734863304, 38.665815904405406 ], [ 73.804166666666688, 38.6625 ], [ 73.804519992404536, 38.647575547960095 ], [ 73.812486097547762, 38.639584011501761 ], [ 73.808686659071199, 38.635757785373286 ], [ 73.807980007595503, 38.630908881293429 ], [ 73.800353325737873, 38.623257785373291 ], [ 73.8, 38.616666666666688 ], [ 73.8, 38.6125 ], [ 73.810757785373283, 38.612146674262178 ], [ 73.814242214626759, 38.608686659071203 ], [ 73.819091118706623, 38.607980007595508 ], [ 73.822575547960085, 38.604519992404541 ], [ 73.827424452039949, 38.603813340928845 ], [ 73.843408881293428, 38.587853325737868 ], [ 73.852424452039955, 38.587146674262179 ], [ 73.860075547960093, 38.579519992404535 ], [ 73.8625, 38.579166666666687 ], [ 73.864924452039958, 38.579519992404535 ], [ 73.868408881293419, 38.582980007595509 ], [ 73.895833333333357, 38.583333333333357 ], [ 73.899149068196635, 38.58248257107207 ], [ 73.900567287868938, 38.576956176757832 ], [ 73.903599378797765, 38.573043823242209 ], [ 73.904733954535615, 38.5686228434245 ], [ 73.907766045464427, 38.564710489908876 ], [ 73.909184265136744, 38.559184095594638 ], [ 73.91471048990887, 38.557766045464433 ], [ 73.926956176757841, 38.546400621202281 ], [ 73.929166666666688, 38.545833333333356 ], [ 73.936600409613732, 38.545172119140645 ], [ 73.93838738335505, 38.538208346896724 ], [ 73.949112616644982, 38.536791653103322 ], [ 73.95, 38.53333333333336 ], [ 73.952210489908879, 38.533900621202278 ], [ 73.957586669921895, 38.538067287868948 ], [ 73.960543823242205, 38.536932712131097 ], [ 73.965920003255235, 38.532766045464435 ], [ 73.968877156575545, 38.533900621202278 ], [ 73.974253336588561, 38.538067287868948 ], [ 73.982440863715297, 38.536763170030405 ], [ 73.986932712131093, 38.531377156575545 ], [ 73.988399590386308, 38.525661214192731 ], [ 73.995833333333351, 38.525 ], [ 74.007523769802546, 38.525688001844642 ], [ 74.009127468533009, 38.536705864800368 ], [ 74.018826802571638, 38.538117472330754 ], [ 74.028430006239176, 38.546450805664087 ], [ 74.047993469238307, 38.545215861002625 ], [ 74.056173197428407, 38.538117472330754 ], [ 74.068826802571635, 38.536882527669292 ], [ 74.072839864095073, 38.533950805664084 ], [ 74.075, 38.53333333333336 ], [ 74.077210489908879, 38.533900621202278 ], [ 74.081122843424495, 38.536932712131097 ], [ 74.086649068196635, 38.53835076226131 ], [ 74.0875, 38.541666666666693 ], [ 74.086844550238737, 38.547955661349846 ], [ 74.083424546983537, 38.552851698133701 ], [ 74.077044338650197, 38.554822116427971 ], [ 74.071781582302535, 38.558498128255231 ], [ 74.070020718044731, 38.569797770182312 ], [ 74.063273790147591, 38.571881103515651 ], [ 74.061844550238732, 38.583914862738737 ], [ 74.070177883572072, 38.593711005316862 ], [ 74.071591186523463, 38.611763848198805 ], [ 74.09378899468318, 38.613155449761308 ], [ 74.097877671983525, 38.616011216905406 ], [ 74.100245836046028, 38.617322116427978 ], [ 74.106211005316865, 38.613155449761308 ], [ 74.108579169379368, 38.611844550238736 ], [ 74.11582302517364, 38.616904364691862 ], [ 74.117322116427971, 38.631288994683182 ], [ 74.120177883572069, 38.635377671983534 ], [ 74.120833333333351, 38.6375 ], [ 74.121186659071199, 38.648257785373289 ], [ 74.124646674262181, 38.651742214626758 ], [ 74.125354173448372, 38.673286607530407 ], [ 74.130908881293422, 38.678813340928841 ], [ 74.1375, 38.679166666666688 ], [ 74.138409254286046, 38.67562357584638 ], [ 74.15, 38.675 ], [ 74.164924452039955, 38.675353325737873 ], [ 74.169120449490038, 38.679519992404536 ], [ 74.173257785373281, 38.678813340928841 ], [ 74.176742214626756, 38.675353325737873 ], [ 74.1982838948568, 38.674645996093773 ], [ 74.216313340928849, 38.656591118706622 ], [ 74.216666666666697, 38.65416666666669 ], [ 74.235757785373295, 38.654519992404538 ], [ 74.239242214626756, 38.657980007595512 ], [ 74.248257785373283, 38.658686659071208 ], [ 74.251742214626759, 38.662146674262175 ], [ 74.254166666666691, 38.6625 ], [ 74.260757785373286, 38.662146674262175 ], [ 74.264242214626762, 38.658686659071208 ], [ 74.277424452039952, 38.657980007595512 ], [ 74.281620449490049, 38.653813340928842 ], [ 74.285757785373292, 38.654519992404538 ], [ 74.289953782823375, 38.658686659071208 ], [ 74.298257785373295, 38.657980007595512 ], [ 74.302453782823378, 38.653813340928842 ], [ 74.314924452039961, 38.654519992404538 ], [ 74.3232844034831, 38.662853325737871 ], [ 74.335757785373289, 38.662146674262175 ], [ 74.339242214626765, 38.658686659071208 ], [ 74.344091118706615, 38.657980007595512 ], [ 74.347575547960091, 38.654519992404538 ], [ 74.35, 38.65416666666669 ], [ 74.354166666666686, 38.65416666666669 ], [ 74.354827880859403, 38.66160040961374 ], [ 74.358333333333363, 38.6625 ], [ 74.369091118706621, 38.662146674262175 ], [ 74.372575547960096, 38.658686659071208 ], [ 74.377424452039961, 38.657980007595512 ], [ 74.380908881293422, 38.654519992404538 ], [ 74.3875, 38.65416666666669 ], [ 74.389924452039949, 38.654519992404538 ], [ 74.397575547960088, 38.662146674262175 ], [ 74.4, 38.6625 ], [ 74.400850931803404, 38.65918409559464 ], [ 74.406377156575545, 38.657766045464435 ], [ 74.410289510091175, 38.654733954535615 ], [ 74.4125, 38.65416666666669 ], [ 74.412858072916691, 38.651709662543425 ], [ 74.418408881293431, 38.646186659071205 ], [ 74.429166666666688, 38.645833333333357 ], [ 74.429524739583357, 38.643376329210092 ], [ 74.435075547960096, 38.637853325737872 ], [ 74.439924452039961, 38.637146674262176 ], [ 74.443408881293422, 38.633686659071202 ], [ 74.454166666666694, 38.633333333333354 ], [ 74.456591118706626, 38.633686659071202 ], [ 74.460787116156709, 38.637853325737872 ], [ 74.473257785373292, 38.637146674262176 ], [ 74.477453782823375, 38.632980007595506 ], [ 74.489924452039958, 38.633686659071202 ], [ 74.49375, 38.637485419379367 ], [ 74.498287116156703, 38.632980007595506 ], [ 74.502424452039961, 38.633686659071202 ], [ 74.505908881293422, 38.637146674262176 ], [ 74.510757785373286, 38.637853325737872 ], [ 74.51459927029083, 38.641668023003497 ], [ 74.520480007595509, 38.635757785373286 ], [ 74.521191406250026, 38.630876329210096 ], [ 74.526742214626765, 38.625353325737869 ], [ 74.53162350124785, 38.62464192708336 ], [ 74.537146674262175, 38.619091118706621 ], [ 74.5375, 38.6125 ], [ 74.544873555501326, 38.611844211154541 ], [ 74.549432712131107, 38.606377156575547 ], [ 74.551214938693604, 38.599432712131097 ], [ 74.568877156575553, 38.600567287868948 ], [ 74.578229437934056, 38.608900621202281 ], [ 74.581377156575542, 38.60776604546443 ], [ 74.585289510091172, 38.604733954535611 ], [ 74.589710489908882, 38.603599378797767 ], [ 74.593622843424512, 38.600567287868948 ], [ 74.598043823242222, 38.599432712131097 ], [ 74.606241183810795, 38.592128499348981 ], [ 74.610289510091178, 38.595266045464435 ], [ 74.616666666666688, 38.59583333333336 ], [ 74.620833333333366, 38.59583333333336 ], [ 74.620833333333366, 38.6 ], [ 74.627424452039961, 38.599646674262175 ], [ 74.630908881293436, 38.596186659071208 ], [ 74.635757785373286, 38.595480007595512 ], [ 74.643408881293425, 38.587853325737868 ], [ 74.648257785373289, 38.587146674262179 ], [ 74.651742214626765, 38.583686659071205 ], [ 74.656591118706629, 38.582980007595509 ], [ 74.660075547960091, 38.579519992404535 ], [ 74.664924452039955, 38.578813340928846 ], [ 74.680908881293433, 38.562853325737869 ], [ 74.683333333333366, 38.5625 ], [ 74.694091118706623, 38.562146674262173 ], [ 74.697575547960099, 38.558686659071206 ], [ 74.7, 38.558333333333358 ], [ 74.700353325737879, 38.555908881293426 ], [ 74.703813340928846, 38.552424452039951 ], [ 74.704519992404542, 38.547575547960093 ], [ 74.707980007595509, 38.544091118706618 ], [ 74.70869106716583, 38.539211697048636 ], [ 74.718408881293428, 38.529519992404538 ], [ 74.725, 38.52916666666669 ], [ 74.727424452039955, 38.529519992404538 ], [ 74.735784403483095, 38.537853325737871 ], [ 74.752424452039961, 38.537146674262175 ], [ 74.75625, 38.533347913954017 ], [ 74.760787116156706, 38.537853325737871 ], [ 74.785757785373292, 38.537146674262175 ], [ 74.789242214626768, 38.533686659071201 ], [ 74.795833333333363, 38.53333333333336 ], [ 74.796400621202281, 38.526956176757835 ], [ 74.799432712131107, 38.523043823242212 ], [ 74.800567287868958, 38.514456176757832 ], [ 74.80359937879777, 38.510543823242209 ], [ 74.805017598470087, 38.505017428927971 ], [ 74.812104119194913, 38.503198920355928 ], [ 74.816099378797773, 38.498043823242213 ], [ 74.816666666666691, 38.491666666666688 ], [ 74.81788160536027, 38.4869327121311 ], [ 74.827210489908879, 38.488067287868944 ], [ 74.831122843424509, 38.491099378797763 ], [ 74.835543823242219, 38.492233954535614 ], [ 74.840920003255235, 38.496400621202277 ], [ 74.843877156575545, 38.495266045464433 ], [ 74.847789510091175, 38.492233954535614 ], [ 74.858333333333363, 38.491666666666688 ], [ 74.858931816948811, 38.471748860677103 ], [ 74.866005452473985, 38.46993374294707 ], [ 74.866666666666703, 38.4625 ], [ 74.866313340928855, 38.460075547960095 ], [ 74.862146674262178, 38.455879720052103 ], [ 74.862853325737873, 38.447575547960092 ], [ 74.866313340928855, 38.444091118706616 ], [ 74.867019992404536, 38.430908881293426 ], [ 74.870480007595518, 38.427424452039951 ], [ 74.871186659071213, 38.422575547960093 ], [ 74.874985419379371, 38.41875 ], [ 74.870847913954023, 38.414583333333354 ], [ 74.875353325737876, 38.410046386718776 ], [ 74.874643961588575, 38.401712036132835 ], [ 74.869091118706621, 38.396186659071205 ], [ 74.858333333333363, 38.395833333333357 ], [ 74.857978990342914, 38.385046725802972 ], [ 74.852424452039955, 38.379519992404539 ], [ 74.847542995876765, 38.378808593750023 ], [ 74.842019992404545, 38.373257785373283 ], [ 74.841666666666697, 38.3625 ], [ 74.840451727973118, 38.35776604546443 ], [ 74.821739705403672, 38.358968098958357 ], [ 74.81998240152997, 38.365815904405402 ], [ 74.813350931803413, 38.367517428927975 ], [ 74.8125, 38.370833333333358 ], [ 74.810289510091181, 38.370266045464433 ], [ 74.796736823187956, 38.35768771701391 ], [ 74.794945949978327, 38.350708346896724 ], [ 74.785289510091175, 38.349432712131097 ], [ 74.781377156575545, 38.346400621202278 ], [ 74.779166666666697, 38.345833333333353 ], [ 74.779733954535615, 38.335289510091165 ], [ 74.782766045464442, 38.331377156575542 ], [ 74.784036254882835, 38.321762424045161 ], [ 74.793622843424501, 38.313067287868947 ], [ 74.799376424153678, 38.311590915256097 ], [ 74.800567287868958, 38.289456176757831 ], [ 74.80359937879777, 38.285543823242207 ], [ 74.804166666666688, 38.283333333333353 ], [ 74.800598483615474, 38.282417805989603 ], [ 74.8, 38.2625 ], [ 74.799149068196641, 38.259184095594641 ], [ 74.795833333333363, 38.258333333333354 ], [ 74.796400621202281, 38.243622843424497 ], [ 74.799432712131107, 38.239710489908873 ], [ 74.800567287868958, 38.231122843424501 ], [ 74.80359937879777, 38.227210489908877 ], [ 74.805017598470087, 38.22168409559464 ], [ 74.808333333333366, 38.220833333333353 ], [ 74.807766045464433, 38.210289510091165 ], [ 74.799432712131107, 38.200937228732656 ], [ 74.800567287868958, 38.185289510091167 ], [ 74.804733954535621, 38.179913330078143 ], [ 74.80359937879777, 38.176956176757834 ], [ 74.800567287868958, 38.17304382324221 ], [ 74.79929148356122, 38.163387383355058 ], [ 74.795833333333363, 38.1625 ], [ 74.796186659071211, 38.160075547960091 ], [ 74.799646674262178, 38.156591118706615 ], [ 74.800353325737873, 38.151742214626758 ], [ 74.803813340928855, 38.148257785373282 ], [ 74.804519992404536, 38.139242214626755 ], [ 74.816313340928843, 38.127424452039953 ], [ 74.817019992404539, 38.110075547960086 ], [ 74.820818752712697, 38.10625 ], [ 74.816681247287349, 38.102083333333354 ], [ 74.820480007595521, 38.098257785373285 ], [ 74.821188184950117, 38.085047743055576 ], [ 74.830908881293425, 38.075353325737865 ], [ 74.84583333333336, 38.075 ], [ 74.85, 38.075 ], [ 74.850353325737871, 38.068408881293422 ], [ 74.854519992404548, 38.064213053385437 ], [ 74.853813340928852, 38.055908881293419 ], [ 74.850014580620694, 38.05208333333335 ], [ 74.853813340928852, 38.048257785373281 ], [ 74.8541666666667, 38.045833333333356 ], [ 74.858036634657154, 38.044726901584234 ], [ 74.866049194335972, 38.035493469238318 ], [ 74.867460801866343, 38.025794135199689 ], [ 74.877160305447077, 38.024382358127205 ], [ 74.882864040798637, 38.020215691460535 ], [ 74.886639065212705, 38.021989271375901 ], [ 74.888426378038218, 38.02824028862851 ], [ 74.891666666666694, 38.029166666666704 ], [ 74.892580159505243, 38.032725863986578 ], [ 74.90833333333336, 38.033333333333353 ], [ 74.909184095594654, 38.030017598470089 ], [ 74.917233954535618, 38.027951727973125 ], [ 74.916099378797767, 38.001956176757844 ], [ 74.912968614366349, 37.997916666666704 ], [ 74.917233954535618, 37.992413330078158 ], [ 74.916099378797767, 37.976956176757845 ], [ 74.908795166015651, 37.968758816189272 ], [ 74.911932712131104, 37.964710489908889 ], [ 74.913067287868955, 37.960289510091179 ], [ 74.916099378797767, 37.956377156575556 ], [ 74.917233954535618, 37.951956176757847 ], [ 74.920266045464444, 37.948043823242223 ], [ 74.920833333333363, 37.9375 ], [ 74.920480007595515, 37.930908881293433 ], [ 74.916681247287357, 37.927083333333371 ], [ 74.921186659071211, 37.922546217176681 ], [ 74.920480007595515, 37.918408881293438 ], [ 74.917019992404548, 37.914924452039962 ], [ 74.9166666666667, 37.908333333333367 ], [ 74.917928398980067, 37.904143100314705 ], [ 74.922865125868086, 37.900642734103769 ], [ 74.936814371744816, 37.899219936794736 ], [ 74.9375, 37.879166666666698 ], [ 74.934184095594645, 37.878315734863314 ], [ 74.932766045464433, 37.872789510091181 ], [ 74.928770616319468, 37.867634412977466 ], [ 74.922789510091178, 37.866099378797777 ], [ 74.912496609158012, 37.856763373480938 ], [ 74.920266045464444, 37.848043823242222 ], [ 74.921400621202281, 37.835289510091179 ], [ 74.930139499240482, 37.825654771592916 ], [ 74.944933742947072, 37.824338785807328 ], [ 74.946400621202287, 37.818622843424514 ], [ 74.949432712131113, 37.81471048990889 ], [ 74.95, 37.808333333333366 ], [ 74.960757785373289, 37.808686659071213 ], [ 74.964953613281281, 37.812853325737883 ], [ 74.973257785373292, 37.812146674262188 ], [ 74.981249321831626, 37.804180569118955 ], [ 74.985075547960093, 37.807980007595518 ], [ 74.9875, 37.808333333333366 ], [ 74.990815904405409, 37.807482401529981 ], [ 74.992233954535621, 37.801956176757848 ], [ 75.003599378797773, 37.789710489908884 ], [ 75.005134412977455, 37.783729214138489 ], [ 75.01028951009117, 37.779733954535622 ], [ 75.0125, 37.779166666666697 ], [ 75.012141927083363, 37.776709832085537 ], [ 75.006591118706623, 37.771186659071212 ], [ 75.001742214626773, 37.770480007595516 ], [ 74.981251017252632, 37.750013563368086 ], [ 74.977424452039955, 37.753813340928851 ], [ 74.966666666666697, 37.754166666666698 ], [ 74.966049194335966, 37.739506530761751 ], [ 74.963117472330765, 37.735493469238314 ], [ 74.961705864800379, 37.725794135199685 ], [ 74.952006361219645, 37.724382358127201 ], [ 74.94382697211374, 37.717284308539533 ], [ 74.93366427951392, 37.715805223253071 ], [ 74.92978413899742, 37.710493469238315 ], [ 74.929166666666703, 37.704166666666701 ], [ 74.930017428927982, 37.700850931803416 ], [ 74.933333333333366, 37.7 ], [ 74.933333333333366, 37.695833333333368 ], [ 74.932482571072072, 37.692517598470083 ], [ 74.926956176757841, 37.691099378797773 ], [ 74.92304382324221, 37.688067287868954 ], [ 74.918622843424515, 37.68693271213111 ], [ 74.910543823242222, 37.679733954535621 ], [ 74.905017428927977, 37.678315734863311 ], [ 74.903599378797779, 37.672789510091178 ], [ 74.900567287868952, 37.668877156575554 ], [ 74.9, 37.6625 ], [ 74.900617472330765, 37.656173197428416 ], [ 74.903549194335966, 37.652160135904978 ], [ 74.904784138997428, 37.647839864095083 ], [ 74.907715861002629, 37.643826802571645 ], [ 74.909491984049509, 37.6376139322917 ], [ 74.914506361219651, 37.633950975206197 ], [ 74.920719401041694, 37.632174513075121 ], [ 74.924382527669295, 37.62716013590498 ], [ 74.925735473632841, 37.613299899631109 ], [ 74.931173027886317, 37.608950975206199 ], [ 74.938117472330759, 37.606965467664963 ], [ 74.936882527669297, 37.602006530761749 ], [ 74.932715861002634, 37.596302456325986 ], [ 74.933985392252637, 37.559338209364178 ], [ 74.939660305447077, 37.557715691460537 ], [ 74.943673027886319, 37.554784308539524 ], [ 74.957530721028675, 37.55343153211809 ], [ 74.959194946289088, 37.541997782389352 ], [ 74.964506361219648, 37.538117641872859 ], [ 74.981326972113749, 37.536882358127201 ], [ 74.985339694552977, 37.533950975206196 ], [ 74.993826972113752, 37.532715691460538 ], [ 74.997839694552979, 37.529784308539526 ], [ 75.002160305447077, 37.528549024793868 ], [ 75.006173027886319, 37.525617641872863 ], [ 75.015694851345515, 37.524231804741788 ], [ 75.017284138997425, 37.518673197428413 ], [ 75.02021586100264, 37.514660135904975 ], [ 75.020833333333357, 37.508333333333361 ], [ 75.023257785373289, 37.507980007595521 ], [ 75.030908881293428, 37.500353325737876 ], [ 75.03333333333336, 37.5 ], [ 75.035493638780409, 37.500617641872864 ], [ 75.039506361219651, 37.50354902479387 ], [ 75.049028184678846, 37.504934861924944 ], [ 75.050617472330757, 37.510493469238313 ], [ 75.053549194335972, 37.51450653076175 ], [ 75.055325317382838, 37.520719401041696 ], [ 75.061138916015651, 37.524966091579891 ], [ 75.066049194335974, 37.518826802571645 ], [ 75.067773098415827, 37.512796698676247 ], [ 75.077006361219645, 37.504784308539527 ], [ 75.086794365776939, 37.503359646267391 ], [ 75.088192070855072, 37.484326850043431 ], [ 75.094906955295173, 37.482406955295168 ], [ 75.096805148654539, 37.475768195258276 ], [ 75.106326972113749, 37.474382358127201 ], [ 75.110339694552977, 37.471450975206196 ], [ 75.120833333333366, 37.470833333333367 ], [ 75.121186659071213, 37.468408881293435 ], [ 75.124646674262181, 37.464924452039959 ], [ 75.125, 37.4625 ], [ 75.125567287868961, 37.456122843424509 ], [ 75.128599378797773, 37.452210489908886 ], [ 75.130134412977455, 37.446229214138484 ], [ 75.135289510091184, 37.442233954535624 ], [ 75.140815904405414, 37.440815734863314 ], [ 75.142233954535627, 37.435289510091174 ], [ 75.145266045464439, 37.43137715657555 ], [ 75.145833333333371, 37.429166666666696 ], [ 75.149291653103333, 37.42827928331166 ], [ 75.150567287868952, 37.418622843424508 ], [ 75.153599378797779, 37.414710489908884 ], [ 75.154166666666697, 37.4125 ], [ 75.153315904405417, 37.409184265136751 ], [ 75.147789510091172, 37.407766045464442 ], [ 75.139710489908879, 37.400567287868952 ], [ 75.135289510091184, 37.399432712131109 ], [ 75.123043823242213, 37.388067287868957 ], [ 75.118622843424504, 37.386932712131106 ], [ 75.102210489908884, 37.371400621202284 ], [ 75.1, 37.370833333333366 ], [ 75.100567287868955, 37.368622843424511 ], [ 75.103599378797767, 37.364710489908887 ], [ 75.104733954535618, 37.360289510091178 ], [ 75.111932712131107, 37.352210489908884 ], [ 75.113067287868958, 37.347789510091175 ], [ 75.120266045464447, 37.339710489908882 ], [ 75.121400621202284, 37.331122843424509 ], [ 75.129532538519996, 37.321996561686227 ], [ 75.125, 37.320833333333361 ], [ 75.125, 37.316666666666698 ], [ 75.076742214626762, 37.316313340928851 ], [ 75.073257785373301, 37.312853325737876 ], [ 75.064242214626773, 37.312146674262181 ], [ 75.060757785373298, 37.308686659071213 ], [ 75.055908881293433, 37.307980007595518 ], [ 75.052083333333357, 37.304181247287353 ], [ 75.048257785373295, 37.307980007595518 ], [ 75.044120279947947, 37.308686659071213 ], [ 75.039924452039955, 37.304519992404543 ], [ 75.030908881293428, 37.303813340928848 ], [ 75.027424452039966, 37.300353325737873 ], [ 75.022575547960102, 37.299646674262185 ], [ 75.019091118706626, 37.296186659071211 ], [ 75.005908881293436, 37.295480007595515 ], [ 75.002424452039961, 37.292019992404541 ], [ 74.989242214626771, 37.291313340928852 ], [ 74.985757785373295, 37.287853325737878 ], [ 74.973286946614607, 37.287146674262182 ], [ 74.96875, 37.291652086046035 ], [ 74.964924452039966, 37.287853325737878 ], [ 74.960784233940998, 37.287146674262182 ], [ 74.952084011501768, 37.295819430881103 ], [ 74.948257785373301, 37.292019992404541 ], [ 74.941666666666691, 37.291666666666693 ], [ 74.940698920355928, 37.287895880805152 ], [ 74.935543823242213, 37.283900621202285 ], [ 74.926956176757841, 37.282766045464442 ], [ 74.92304382324221, 37.279733954535622 ], [ 74.91706271701392, 37.278198920355933 ], [ 74.912968614366349, 37.272916666666696 ], [ 74.917233954535618, 37.267413330078156 ], [ 74.916056993272605, 37.23841281467017 ], [ 74.90872938368058, 37.236532253689262 ], [ 74.904733954535615, 37.231377156575547 ], [ 74.904166666666697, 37.229166666666693 ], [ 74.891666666666694, 37.229166666666693 ], [ 74.891666666666694, 37.225 ], [ 74.855908881293431, 37.224646674262182 ], [ 74.848257785373292, 37.217019992404545 ], [ 74.844120279947944, 37.216313340928849 ], [ 74.839924452039952, 37.220480007595512 ], [ 74.835787116156709, 37.221186659071208 ], [ 74.831591118706626, 37.217019992404545 ], [ 74.816666666666691, 37.216666666666697 ], [ 74.810075547960096, 37.217019992404545 ], [ 74.800354342990474, 37.226714918348556 ], [ 74.799646674262178, 37.244091118706628 ], [ 74.794121127658443, 37.24964430067277 ], [ 74.785075547960105, 37.250353325737876 ], [ 74.750357564290397, 37.28504655626088 ], [ 74.75, 37.2875 ], [ 74.747575547960096, 37.287146674262182 ], [ 74.744091118706621, 37.283686659071208 ], [ 74.714242214626765, 37.282980007595512 ], [ 74.698257785373286, 37.267019992404542 ], [ 74.679166666666688, 37.266666666666694 ], [ 74.679166666666688, 37.258333333333361 ], [ 74.678813340928841, 37.247575547960096 ], [ 74.675353325737873, 37.244091118706628 ], [ 74.675, 37.2375 ], [ 74.664242214626768, 37.237146674262185 ], [ 74.660757785373292, 37.233686659071211 ], [ 74.654166666666697, 37.233333333333363 ], [ 74.653240288628496, 37.236573621961831 ], [ 74.646601528591603, 37.238471645779107 ], [ 74.645215691460535, 37.24799346923831 ], [ 74.637019856770863, 37.257438320583795 ], [ 74.628697543674079, 37.25895097520619 ], [ 74.62299346923831, 37.254784308539527 ], [ 74.592479112413216, 37.253498670789959 ], [ 74.591049024793861, 37.243673197428414 ], [ 74.582544623480928, 37.234084913465743 ], [ 74.570096672905848, 37.232715691460534 ], [ 74.56049346923831, 37.241049024793867 ], [ 74.547839864095081, 37.242284308539524 ], [ 74.543826802571644, 37.24521569146053 ], [ 74.5416666666667, 37.245833333333366 ], [ 74.539242214626768, 37.245480007595518 ], [ 74.535757785373292, 37.242019992404543 ], [ 74.522575547960102, 37.241313340928848 ], [ 74.519091118706626, 37.237853325737873 ], [ 74.510075547960099, 37.237146674262185 ], [ 74.506591118706623, 37.233686659071211 ], [ 74.5, 37.233333333333363 ], [ 74.499432712131096, 37.222789510091175 ], [ 74.496400621202284, 37.218877156575552 ], [ 74.494982401529967, 37.213350931803411 ], [ 74.48835093180341, 37.211649068196643 ], [ 74.486649068196641, 37.205017598470079 ], [ 74.480017598470084, 37.20331573486331 ], [ 74.479166666666686, 37.2 ], [ 74.47083333333336, 37.2 ], [ 74.471188184950108, 37.193379550510009 ], [ 74.476742214626768, 37.187853325737876 ], [ 74.481621805826848, 37.187142266167562 ], [ 74.491313340928841, 37.177424452039958 ], [ 74.491666666666688, 37.175 ], [ 74.488268195258271, 37.174028354220951 ], [ 74.486705864800371, 37.163294135199678 ], [ 74.477006530761741, 37.161882358127201 ], [ 74.4719921535916, 37.158219401041691 ], [ 74.470215691460524, 37.152006361219648 ], [ 74.466552734375028, 37.146991984049507 ], [ 74.45825873480905, 37.144620768229196 ], [ 74.461882358127198, 37.13966030544708 ], [ 74.4625, 37.129166666666691 ], [ 74.464748297797328, 37.128637017144122 ], [ 74.468585035536051, 37.125529649522598 ], [ 74.477248297797331, 37.124470350477459 ], [ 74.481085035536054, 37.121362982855928 ], [ 74.490742323133702, 37.120182291666694 ], [ 74.492148674858967, 37.1156673855252 ], [ 74.488029479980497, 37.110581461588566 ], [ 74.4875, 37.1 ], [ 74.487854173448383, 37.089213392469645 ], [ 74.493408881293433, 37.083686659071205 ], [ 74.495833333333366, 37.083333333333364 ], [ 74.49668426513675, 37.080017428927981 ], [ 74.5, 37.079166666666694 ], [ 74.500354173448372, 37.06838005913631 ], [ 74.506250508626323, 37.062513224283883 ], [ 74.518408881293425, 37.074646674262183 ], [ 74.523257785373289, 37.075353325737872 ], [ 74.527453782823372, 37.079519992404542 ], [ 74.531624518500465, 37.078807576497425 ], [ 74.537146674262175, 37.073257785373293 ], [ 74.537853325737871, 37.060075547960096 ], [ 74.541313340928852, 37.056591118706628 ], [ 74.542022365993944, 37.047545369466171 ], [ 74.547575547960093, 37.042019992404541 ], [ 74.552456834581193, 37.041308593750024 ], [ 74.557980007595518, 37.035757785373292 ], [ 74.558333333333366, 37.03333333333336 ], [ 74.552006530761744, 37.032715861002629 ], [ 74.543826802571644, 37.025617472330758 ], [ 74.535339864095079, 37.024382527669296 ], [ 74.527160135904978, 37.017284138997425 ], [ 74.516251627604191, 37.01569654676652 ], [ 74.524382358127198, 37.00632697211374 ], [ 74.525617641872856, 37.002006361219642 ], [ 74.536882358127201, 36.989660305447075 ], [ 74.538117641872859, 36.977006361219644 ], [ 74.541049024793864, 36.972993638780409 ], [ 74.5416666666667, 36.9625 ], [ 74.53333333333336, 36.9625 ], [ 74.516666666666694, 36.9625 ], [ 74.514456176757832, 36.963067287868952 ], [ 74.510543823242216, 36.966099378797772 ], [ 74.505017598470076, 36.967517428927977 ], [ 74.503599378797773, 36.973043823242215 ], [ 74.500567287868947, 36.976956176757838 ], [ 74.499432712131096, 36.981377156575547 ], [ 74.495437452528236, 36.986532253689262 ], [ 74.489456176757841, 36.988067287868951 ], [ 74.48554382324221, 36.99109937879777 ], [ 74.472789510091175, 36.992233954535614 ], [ 74.460543823242219, 37.003599378797773 ], [ 74.44778951009117, 37.004733954535617 ], [ 74.443877156575553, 37.007766045464436 ], [ 74.430066257052971, 37.008994547526072 ], [ 74.429166666666688, 37.0125 ], [ 74.426956176757841, 37.011932712131106 ], [ 74.421801079644126, 37.007937282986141 ], [ 74.42026604546443, 37.001956176757837 ], [ 74.412961832682313, 36.993758816189263 ], [ 74.416099378797767, 36.98971048990888 ], [ 74.417233954535618, 36.980381605360272 ], [ 74.410289510091175, 36.978599378797767 ], [ 74.406377156575545, 36.975567287868948 ], [ 74.401956176757835, 36.974432712131104 ], [ 74.393877156575542, 36.967233954535615 ], [ 74.356122843424501, 36.966099378797772 ], [ 74.352210489908884, 36.963067287868952 ], [ 74.347789510091175, 36.961932712131102 ], [ 74.343877156575545, 36.958900621202282 ], [ 74.341666666666697, 36.958333333333357 ], [ 74.341099378797765, 36.956122843424502 ], [ 74.329733954535612, 36.943877156575546 ], [ 74.32831573486331, 36.938350762261308 ], [ 74.32154184977216, 36.936612616644993 ], [ 74.320124816894563, 36.925887383355061 ], [ 74.316666666666691, 36.925 ], [ 74.313350931803413, 36.924149237738739 ], [ 74.311932712131096, 36.918622843424508 ], [ 74.308900621202284, 36.914710489908877 ], [ 74.308333333333351, 36.9125 ], [ 74.272789510091172, 36.911932712131104 ], [ 74.260543823242216, 36.900567287868952 ], [ 74.25195617675783, 36.899432712131102 ], [ 74.248043823242213, 36.896400621202282 ], [ 74.234548272026927, 36.895266045464439 ], [ 74.233333333333363, 36.9 ], [ 74.221610005696633, 36.900719875759577 ], [ 74.22083333333336, 36.90833333333336 ], [ 74.205908881293425, 36.908686659071208 ], [ 74.202424452039949, 36.912146674262182 ], [ 74.189242214626759, 36.912853325737871 ], [ 74.185757785373283, 36.916313340928845 ], [ 74.170833333333363, 36.916666666666693 ], [ 74.170215013292122, 36.905172729492215 ], [ 74.160543823242207, 36.896400621202282 ], [ 74.154827880859401, 36.894933742947075 ], [ 74.154166666666697, 36.8875 ], [ 74.151956176757835, 36.886932712131099 ], [ 74.148043823242205, 36.88390062120228 ], [ 74.142517598470079, 36.882482571072075 ], [ 74.14081573486331, 36.875850762261308 ], [ 74.13528951009117, 36.874432712131103 ], [ 74.129785834418428, 36.869842868381099 ], [ 74.128599378797759, 36.847789510091175 ], [ 74.12400224473744, 36.84227701822919 ], [ 74.097789510091175, 36.841099378797772 ], [ 74.093877156575545, 36.838067287868952 ], [ 74.074253336588569, 36.836932712131102 ], [ 74.06875, 36.841198052300371 ], [ 74.064710489908876, 36.838067287868952 ], [ 74.055054050021724, 36.836791653103326 ], [ 74.053315734863304, 36.830017428927974 ], [ 74.05, 36.829166666666694 ], [ 74.022789510091172, 36.829733954535612 ], [ 74.018877156575542, 36.832766045464439 ], [ 74.014456176757832, 36.833900621202282 ], [ 74.010543823242216, 36.836932712131102 ], [ 74.007586669921892, 36.838067287868952 ], [ 74.002210489908876, 36.833900621202282 ], [ 73.999253336588566, 36.832766045464439 ], [ 73.993877156575536, 36.836932712131102 ], [ 73.972789510091161, 36.838067287868952 ], [ 73.95923682318795, 36.850645616319468 ], [ 73.957482401529973, 36.857482571072076 ], [ 73.954166666666694, 36.858333333333363 ], [ 73.953813340928846, 36.864924452039958 ], [ 73.946186659071202, 36.872575547960096 ], [ 73.945833333333368, 36.875 ], [ 73.930908881293433, 36.875353325737876 ], [ 73.927424452039972, 36.878813340928843 ], [ 73.918408881293445, 36.879519992404539 ], [ 73.910757785373306, 36.887146674262176 ], [ 73.905908881293442, 36.887853325737872 ], [ 73.902424452039966, 36.891313340928846 ], [ 73.9, 36.891666666666694 ], [ 73.900353325737882, 36.894091118706626 ], [ 73.904153103298654, 36.897917344835093 ], [ 73.892019992404556, 36.910075547960098 ], [ 73.891666666666708, 36.9125 ], [ 73.876742214626773, 36.912853325737871 ], [ 73.873257785373298, 36.916313340928845 ], [ 73.855908881293445, 36.917019992404541 ], [ 73.852424452039969, 36.920480007595515 ], [ 73.833333333333371, 36.920833333333363 ], [ 73.829875013563409, 36.919945949978327 ], [ 73.828599378797776, 36.910289510091175 ], [ 73.825567287868964, 36.906377156575545 ], [ 73.824432712131113, 36.901956176757835 ], [ 73.821400621202287, 36.898043823242212 ], [ 73.819924926757849, 36.892293972439262 ], [ 73.799062771267401, 36.891099378797769 ], [ 73.789592149522605, 36.899538167317736 ], [ 73.785543823242222, 36.896400621202282 ], [ 73.778420003255249, 36.895266045464439 ], [ 73.773043823242219, 36.899432712131102 ], [ 73.768622843424509, 36.900567287868952 ], [ 73.764710489908893, 36.903599378797772 ], [ 73.756122843424521, 36.904733954535615 ], [ 73.752083333333374, 36.907864718967041 ], [ 73.748043823242227, 36.904733954535615 ], [ 73.732586669921915, 36.903599378797772 ], [ 73.727210489908884, 36.907766045464435 ], [ 73.706122843424509, 36.908900621202285 ], [ 73.702210489908893, 36.911932712131104 ], [ 73.670833333333363, 36.9125 ], [ 73.664242214626768, 36.912146674262182 ], [ 73.660757785373306, 36.908686659071208 ], [ 73.655908881293442, 36.907980007595512 ], [ 73.652424452039966, 36.904519992404538 ], [ 73.643408881293439, 36.903813340928849 ], [ 73.639924452039963, 36.900353325737875 ], [ 73.61912027994795, 36.899646674262179 ], [ 73.614924452039972, 36.903813340928849 ], [ 73.610075547960108, 36.904519992404538 ], [ 73.606591118706632, 36.907980007595512 ], [ 73.6, 36.90833333333336 ], [ 73.599032253689273, 36.904562717013917 ], [ 73.593877156575559, 36.900567287868952 ], [ 73.589456176757849, 36.899432712131102 ], [ 73.585543823242219, 36.896400621202282 ], [ 73.580017428927988, 36.894982571072077 ], [ 73.578253173828159, 36.888107638888911 ], [ 73.546746826171912, 36.886892361111137 ], [ 73.545266045464444, 36.881122843424507 ], [ 73.542233954535618, 36.877210489908883 ], [ 73.5416666666667, 36.875 ], [ 73.539242214626768, 36.875353325737876 ], [ 73.535757785373292, 36.878813340928843 ], [ 73.526742214626765, 36.879519992404539 ], [ 73.512857733832504, 36.893379041883705 ], [ 73.5125, 36.895833333333357 ], [ 73.501956176757844, 36.895266045464439 ], [ 73.497916666666697, 36.892135281033013 ], [ 73.49387715657555, 36.895266045464439 ], [ 73.484220716688398, 36.896541680230058 ], [ 73.483333333333363, 36.9 ], [ 73.480908881293431, 36.899646674262179 ], [ 73.477424452039969, 36.896186659071205 ], [ 73.472575547960105, 36.895480007595509 ], [ 73.469091118706629, 36.892019992404542 ], [ 73.460786946614618, 36.891313340928846 ], [ 73.45625, 36.8958187527127 ], [ 73.452424452039963, 36.892019992404542 ], [ 73.445833333333368, 36.891666666666694 ], [ 73.443408881293436, 36.892019992404542 ], [ 73.439924452039961, 36.895480007595509 ], [ 73.43162027994795, 36.896186659071205 ], [ 73.427424452039958, 36.892019992404542 ], [ 73.414953613281284, 36.891313340928846 ], [ 73.410757785373292, 36.895480007595509 ], [ 73.398284233941013, 36.896186659071205 ], [ 73.389924452039963, 36.887853325737872 ], [ 73.380908881293436, 36.887146674262176 ], [ 73.377424452039961, 36.883686659071209 ], [ 73.364242214626771, 36.882980007595513 ], [ 73.360757785373295, 36.879519992404539 ], [ 73.339950900607676, 36.878813340928843 ], [ 73.331591118706626, 36.887146674262176 ], [ 73.327449883355072, 36.887853325737872 ], [ 73.310757785373298, 36.871186659071206 ], [ 73.3, 36.870833333333358 ], [ 73.299432712131107, 36.873043823242213 ], [ 73.296400621202295, 36.876956176757837 ], [ 73.294945949978327, 36.88262498643666 ], [ 73.285289510091175, 36.88390062120228 ], [ 73.281377156575559, 36.886932712131099 ], [ 73.276956176757849, 36.88806728786895 ], [ 73.273043823242219, 36.891099378797769 ], [ 73.261753336588569, 36.892233954535619 ], [ 73.255134412977469, 36.887103949652804 ], [ 73.254166666666706, 36.883333333333361 ], [ 73.243408881293433, 36.883686659071209 ], [ 73.239924452039958, 36.887146674262176 ], [ 73.233333333333363, 36.8875 ], [ 73.2125, 36.8875 ], [ 73.212141927083366, 36.885042995876759 ], [ 73.206591118706626, 36.879519992404539 ], [ 73.2, 36.879166666666691 ], [ 73.197575547960099, 36.878813340928843 ], [ 73.194091118706623, 36.875353325737876 ], [ 73.18162027994795, 36.874646674262181 ], [ 73.177424452039958, 36.878813340928843 ], [ 73.168408881293431, 36.879519992404539 ], [ 73.160757785373292, 36.887146674262176 ], [ 73.155908881293428, 36.887853325737872 ], [ 73.152424452039966, 36.891313340928846 ], [ 73.144120279947941, 36.892019992404542 ], [ 73.139924452039963, 36.887853325737872 ], [ 73.135075547960099, 36.887146674262176 ], [ 73.131591118706623, 36.883686659071209 ], [ 73.122575547960096, 36.882980007595513 ], [ 73.11875, 36.879181247287349 ], [ 73.114924452039958, 36.882980007595513 ], [ 73.101742214626768, 36.883686659071209 ], [ 73.098257785373292, 36.887146674262176 ], [ 73.081620279947941, 36.887853325737872 ], [ 73.077424452039963, 36.883686659071209 ], [ 73.0625, 36.883333333333361 ], [ 73.062853325737876, 36.880908881293429 ], [ 73.066313340928843, 36.877424452039953 ], [ 73.066666666666691, 36.870833333333358 ], [ 73.060289510091181, 36.870266045464433 ], [ 73.05637715657555, 36.867233954535614 ], [ 73.042566257052982, 36.866005452473985 ], [ 73.0416666666667, 36.8625 ], [ 73.040451727973121, 36.857766045464437 ], [ 73.026956176757849, 36.858900621202281 ], [ 73.021579996744819, 36.863067287868951 ], [ 73.001956176757844, 36.8619327121311 ], [ 72.997916666666697, 36.858801947699675 ], [ 72.99387715657555, 36.8619327121311 ], [ 72.985289510091178, 36.863067287868951 ], [ 72.981377156575547, 36.86609937879777 ], [ 72.976956176757838, 36.867233954535614 ], [ 72.968877156575545, 36.874432712131103 ], [ 72.964456176757835, 36.875567287868947 ], [ 72.959079996744819, 36.879733954535617 ], [ 72.954513210720521, 36.877981906467042 ], [ 72.946400621202287, 36.86887715657555 ], [ 72.945833333333368, 36.866666666666696 ], [ 72.9454752604167, 36.864209662543431 ], [ 72.939924452039961, 36.858686659071203 ], [ 72.9375, 36.858333333333363 ], [ 72.937144978841175, 36.851713053385446 ], [ 72.931591118706621, 36.846186659071208 ], [ 72.901742214626765, 36.845480007595512 ], [ 72.898257785373289, 36.842019992404538 ], [ 72.893408881293425, 36.841313340928842 ], [ 72.889924452039963, 36.837853325737875 ], [ 72.8875, 36.8375 ], [ 72.876956176757844, 36.838067287868952 ], [ 72.873043823242213, 36.841099378797772 ], [ 72.860289510091178, 36.842233954535615 ], [ 72.856377156575547, 36.845266045464435 ], [ 72.849253336588575, 36.846400621202285 ], [ 72.843877156575545, 36.842233954535615 ], [ 72.836753336588572, 36.841099378797772 ], [ 72.83125, 36.845364718967041 ], [ 72.827210489908879, 36.842233954535615 ], [ 72.815729437934053, 36.841099378797772 ], [ 72.80637715657555, 36.849432712131104 ], [ 72.799253336588563, 36.850567287868948 ], [ 72.793877156575547, 36.846400621202285 ], [ 72.772048272026936, 36.845266045464435 ], [ 72.769945949978322, 36.853458319769992 ], [ 72.76028951009117, 36.854733954535618 ], [ 72.756377156575553, 36.857766045464437 ], [ 72.75, 36.858333333333363 ], [ 72.749149068196644, 36.855017428927979 ], [ 72.745833333333366, 36.854166666666693 ], [ 72.744865587022602, 36.85039605034725 ], [ 72.739710489908887, 36.846400621202285 ], [ 72.735289510091178, 36.845266045464435 ], [ 72.727210489908884, 36.838067287868952 ], [ 72.721684265136744, 36.83664923773874 ], [ 72.72083333333336, 36.833333333333357 ], [ 72.714242214626765, 36.833686659071205 ], [ 72.706591118706626, 36.841313340928842 ], [ 72.672575547960093, 36.842019992404538 ], [ 72.669091118706618, 36.845480007595512 ], [ 72.654166666666697, 36.84583333333336 ], [ 72.614242214626756, 36.845480007595512 ], [ 72.606250678168436, 36.83751390245228 ], [ 72.602424452039955, 36.841313340928842 ], [ 72.598287116156712, 36.842019992404538 ], [ 72.594091118706629, 36.837853325737875 ], [ 72.572575547960099, 36.837146674262179 ], [ 72.569091118706623, 36.833686659071205 ], [ 72.564242214626759, 36.832980007595509 ], [ 72.560757785373283, 36.829519992404542 ], [ 72.558333333333366, 36.829166666666694 ], [ 72.557766045464433, 36.82695617675784 ], [ 72.546400621202281, 36.814710489908876 ], [ 72.544945949978327, 36.80904168023006 ], [ 72.535289510091175, 36.807766045464433 ], [ 72.531377156575545, 36.804733954535614 ], [ 72.521720716688392, 36.803458319769987 ], [ 72.519982401529973, 36.796684095594642 ], [ 72.514456176757832, 36.795266045464437 ], [ 72.49387715657555, 36.775567287868952 ], [ 72.467578294542122, 36.774385918511307 ], [ 72.466666666666697, 36.770833333333357 ], [ 72.458333333333357, 36.770833333333357 ], [ 72.456122843424509, 36.771400621202282 ], [ 72.452210489908879, 36.774432712131102 ], [ 72.443622843424507, 36.775567287868952 ], [ 72.439710489908876, 36.778599378797765 ], [ 72.43418426513675, 36.780017428927977 ], [ 72.433333333333366, 36.78333333333336 ], [ 72.429166666666688, 36.78333333333336 ], [ 72.410075547960091, 36.782980007595512 ], [ 72.406591118706629, 36.779519992404538 ], [ 72.391666666666694, 36.77916666666669 ], [ 72.391313340928846, 36.776742214626765 ], [ 72.387853325737879, 36.773257785373289 ], [ 72.387142266167558, 36.7683783637153 ], [ 72.376715935601155, 36.757980007595513 ], [ 72.355908881293431, 36.758686659071202 ], [ 72.352424452039955, 36.762146674262176 ], [ 72.347575547960091, 36.762853325737872 ], [ 72.343379550510008, 36.767019992404542 ], [ 72.335075547960088, 36.766313340928846 ], [ 72.331591118706626, 36.762853325737872 ], [ 72.329166666666694, 36.7625 ], [ 72.328267076280412, 36.758994547526065 ], [ 72.320833333333354, 36.758333333333361 ], [ 72.320266045464436, 36.756122843424507 ], [ 72.31723395453561, 36.752210489908876 ], [ 72.315815734863307, 36.746684095594645 ], [ 72.310289510091167, 36.745266045464433 ], [ 72.304913330078151, 36.74109937879777 ], [ 72.293622843424501, 36.742233954535614 ], [ 72.289710489908884, 36.745266045464433 ], [ 72.272789510091172, 36.746400621202284 ], [ 72.268877156575542, 36.749432712131103 ], [ 72.245833333333351, 36.75 ], [ 72.244906955295164, 36.746759711371553 ], [ 72.239506530761744, 36.745215861002627 ], [ 72.235493469238307, 36.74228413899742 ], [ 72.229934861924932, 36.740694851345509 ], [ 72.228372531467045, 36.729960801866341 ], [ 72.218673197428416, 36.728549194335962 ], [ 72.209069993760878, 36.720215861002629 ], [ 72.206173197428413, 36.721450805664084 ], [ 72.202076721191432, 36.724443223741346 ], [ 72.193826802571635, 36.717284138997421 ], [ 72.183333333333351, 36.71666666666669 ], [ 72.183900621202284, 36.706122843424502 ], [ 72.195266045464436, 36.693877156575546 ], [ 72.19654184977216, 36.684220716688394 ], [ 72.2, 36.683333333333358 ], [ 72.2, 36.666666666666693 ], [ 72.2, 36.6625 ], [ 72.199149068196633, 36.65918409559464 ], [ 72.195833333333354, 36.65833333333336 ], [ 72.185075547960096, 36.657980007595512 ], [ 72.181591118706621, 36.654519992404538 ], [ 72.177453782823378, 36.653813340928842 ], [ 72.173257785373281, 36.657980007595512 ], [ 72.154166666666697, 36.65833333333336 ], [ 72.151742214626765, 36.657980007595512 ], [ 72.148257785373289, 36.654519992404538 ], [ 72.143408881293425, 36.653813340928842 ], [ 72.135757785373286, 36.646186659071205 ], [ 72.1107871161567, 36.645480007595509 ], [ 72.106591118706618, 36.649646674262179 ], [ 72.09583333333336, 36.65 ], [ 72.095266045464427, 36.643622843424502 ], [ 72.092233954535615, 36.639710489908879 ], [ 72.091099378797765, 36.63528951009117 ], [ 72.088067287868952, 36.631377156575546 ], [ 72.086897616916261, 36.596747843424502 ], [ 72.083333333333357, 36.59583333333336 ], [ 72.083333333333357, 36.59166666666669 ], [ 72.0375, 36.59166666666669 ], [ 72.035075547960091, 36.591313340928842 ], [ 72.029524739583351, 36.585790337456622 ], [ 72.028813340928835, 36.580908881293425 ], [ 72.025353325737868, 36.577424452039956 ], [ 72.024646674262172, 36.572575547960092 ], [ 72.021186659071205, 36.569091118706623 ], [ 72.020480007595509, 36.564242214626759 ], [ 72.014956834581184, 36.55869140625002 ], [ 72.010075547960085, 36.557980007595511 ], [ 72.006591118706623, 36.554519992404536 ], [ 71.993408881293419, 36.553813340928841 ], [ 71.989924452039958, 36.550353325737873 ], [ 71.972575547960091, 36.549646674262178 ], [ 71.969091118706615, 36.546186659071203 ], [ 71.966666666666711, 36.545833333333356 ], [ 71.966666666666683, 36.541666666666693 ], [ 71.960075547960088, 36.542019992404533 ], [ 71.956591118706612, 36.545480007595508 ], [ 71.925, 36.545833333333356 ], [ 71.924432712131093, 36.535289510091168 ], [ 71.92130211724178, 36.53125 ], [ 71.924531216091594, 36.527083333333358 ], [ 71.921400621202281, 36.523043823242212 ], [ 71.920129055447063, 36.51341959635419 ], [ 71.91471048990887, 36.50890062120228 ], [ 71.910289510091161, 36.507766045464436 ], [ 71.906377156575545, 36.50473395453561 ], [ 71.901956176757835, 36.503599378797766 ], [ 71.896579996744819, 36.499432712131096 ], [ 71.868622843424504, 36.500567287868947 ], [ 71.864583333333357, 36.503698052300372 ], [ 71.859079996744811, 36.499432712131096 ], [ 71.847789510091161, 36.500567287868947 ], [ 71.843877156575545, 36.503599378797766 ], [ 71.835289510091172, 36.50473395453561 ], [ 71.829913330078142, 36.50890062120228 ], [ 71.818622843424507, 36.507766045464436 ], [ 71.814710489908876, 36.50473395453561 ], [ 71.808956909179713, 36.503257581922767 ], [ 71.807766045464433, 36.481122843424501 ], [ 71.799432712131093, 36.471770562065998 ], [ 71.800731574164516, 36.463396538628494 ], [ 71.806122843424504, 36.458900621202282 ], [ 71.812104119194899, 36.457365587022593 ], [ 71.816099378797759, 36.452210489908879 ], [ 71.81723395453561, 36.44778951009117 ], [ 71.820266045464436, 36.443877156575546 ], [ 71.821684265136739, 36.438350762261308 ], [ 71.825, 36.4375 ], [ 71.825, 36.433333333333358 ], [ 71.824646674262183, 36.422575547960093 ], [ 71.817019992404553, 36.414924452039955 ], [ 71.816313340928858, 36.410075547960091 ], [ 71.81285332573789, 36.406591118706622 ], [ 71.812146674262195, 36.401742214626758 ], [ 71.808686659071213, 36.398257785373289 ], [ 71.808333333333366, 36.395833333333357 ], [ 71.806122843424518, 36.396400621202275 ], [ 71.802210489908887, 36.399432712131102 ], [ 71.797789510091178, 36.400567287868945 ], [ 71.789710489908884, 36.407766045464435 ], [ 71.785289510091189, 36.408900621202278 ], [ 71.781377156575559, 36.411932712131097 ], [ 71.776956176757849, 36.413067287868948 ], [ 71.773043823242219, 36.416099378797767 ], [ 71.767517428927988, 36.417517428927972 ], [ 71.765815904405414, 36.424149237738739 ], [ 71.760289510091184, 36.425567287868944 ], [ 71.756377156575553, 36.428599378797763 ], [ 71.751956176757844, 36.429733954535614 ], [ 71.746801079644129, 36.433729383680578 ], [ 71.744982571072086, 36.440815904405405 ], [ 71.739456176757855, 36.44223395453561 ], [ 71.735543823242224, 36.445266045464429 ], [ 71.726956176757852, 36.44640062120228 ], [ 71.723043823242222, 36.449432712131099 ], [ 71.714456176757849, 36.45056728786895 ], [ 71.710543823242219, 36.453599378797769 ], [ 71.701956176757847, 36.454733954535612 ], [ 71.698043823242216, 36.457766045464432 ], [ 71.689456176757844, 36.458900621202282 ], [ 71.685543823242227, 36.461932712131102 ], [ 71.676956176757841, 36.463067287868945 ], [ 71.667586263020866, 36.471416219075543 ], [ 71.66581590440542, 36.478315904405406 ], [ 71.6625, 36.479166666666686 ], [ 71.655908881293442, 36.478813340928845 ], [ 71.652424452039966, 36.475353325737871 ], [ 71.6375, 36.475 ], [ 71.6375, 36.46666666666669 ], [ 71.636932712131113, 36.456122843424502 ], [ 71.633900621202287, 36.452210489908879 ], [ 71.63276604546445, 36.4436228434245 ], [ 71.625567287868961, 36.435543823242213 ], [ 71.62443271213111, 36.422789510091171 ], [ 71.617233954535621, 36.414710489908877 ], [ 71.615962388780417, 36.405086263020856 ], [ 71.610543823242224, 36.400567287868945 ], [ 71.606122843424515, 36.399432712131102 ], [ 71.602210489908884, 36.396400621202275 ], [ 71.596684095594654, 36.39498257107207 ], [ 71.59498257107208, 36.388350762261304 ], [ 71.589456176757849, 36.386932712131099 ], [ 71.585543823242219, 36.38390062120228 ], [ 71.576956176757847, 36.382766045464429 ], [ 71.573043823242216, 36.37973395453561 ], [ 71.567062717013926, 36.378198920355928 ], [ 71.56193271213111, 36.371579996744813 ], [ 71.563238864474854, 36.363379584418425 ], [ 71.570437282986148, 36.361532253689255 ], [ 71.574432712131113, 36.35637715657554 ], [ 71.575850762261325, 36.35085076226131 ], [ 71.582482571072077, 36.349149237738736 ], [ 71.583333333333371, 36.345833333333353 ], [ 71.582980007595523, 36.330908881293425 ], [ 71.579519992404542, 36.327424452039949 ], [ 71.579166666666708, 36.325 ], [ 71.560251871744825, 36.325529649522593 ], [ 71.556414794921906, 36.328637017144118 ], [ 71.544892713758713, 36.329696316189256 ], [ 71.539583333333368, 36.325396050347244 ], [ 71.535581461588578, 36.328637017144118 ], [ 71.531085205078156, 36.329696316189256 ], [ 71.525999281141523, 36.333815511067726 ], [ 71.520530870225727, 36.332111952039952 ], [ 71.524603949652814, 36.327083333333356 ], [ 71.521362982855933, 36.323081461588565 ], [ 71.520303683810795, 36.314418538411481 ], [ 71.503011406792567, 36.296384345160611 ], [ 71.483333333333363, 36.295833333333356 ], [ 71.482766045464444, 36.289456176757831 ], [ 71.479733954535618, 36.285543823242207 ], [ 71.478279283311664, 36.279875013563391 ], [ 71.468622843424512, 36.278599378797765 ], [ 71.464710489908882, 36.275567287868945 ], [ 71.45508626302086, 36.274295722113735 ], [ 71.450567287868964, 36.268877156575542 ], [ 71.449432712131113, 36.2561228434245 ], [ 71.442233954535624, 36.248043823242206 ], [ 71.441099378797773, 36.239456176757834 ], [ 71.438067287868961, 36.23554382324221 ], [ 71.436649237738749, 36.230017428927972 ], [ 71.430017428927982, 36.228315904405406 ], [ 71.429166666666703, 36.225 ], [ 71.422575547960108, 36.224646674262175 ], [ 71.414924452039969, 36.217019992404538 ], [ 71.405908881293442, 36.216313340928842 ], [ 71.394091118706626, 36.204519992404535 ], [ 71.368408881293433, 36.203813340928839 ], [ 71.364924452039958, 36.200353325737865 ], [ 71.358333333333363, 36.2 ], [ 71.358333333333363, 36.183333333333351 ], [ 71.357980007595515, 36.180908881293426 ], [ 71.354519992404548, 36.177424452039951 ], [ 71.353813340928852, 36.172575547960086 ], [ 71.350353325737885, 36.169091118706618 ], [ 71.35, 36.166666666666686 ], [ 71.322789510091184, 36.16609937879776 ], [ 71.318877156575553, 36.163067287868941 ], [ 71.310289510091181, 36.161932712131097 ], [ 71.302210489908887, 36.154733954535608 ], [ 71.297789510091178, 36.153599378797765 ], [ 71.285543823242222, 36.142233954535612 ], [ 71.281122843424512, 36.141099378797762 ], [ 71.277210489908882, 36.138067287868942 ], [ 71.270086669921909, 36.136932712131099 ], [ 71.264710489908893, 36.141099378797762 ], [ 71.261540391710099, 36.142233954535612 ], [ 71.250702921549518, 36.132404242621547 ], [ 71.24943271213111, 36.122789510091167 ], [ 71.246400621202284, 36.118877156575543 ], [ 71.245266045464447, 36.110289510091164 ], [ 71.24140218098961, 36.105303955078142 ], [ 71.250316704644135, 36.103016153971375 ], [ 71.244873385959238, 36.096489122178838 ], [ 71.231122843424515, 36.095266045464427 ], [ 71.223043823242222, 36.088067287868945 ], [ 71.217375013563398, 36.086612616644985 ], [ 71.216099378797779, 36.076956176757832 ], [ 71.213067287868952, 36.073043823242209 ], [ 71.211932712131102, 36.0686228434245 ], [ 71.208900621202289, 36.064710489908876 ], [ 71.207766045464439, 36.060289510091167 ], [ 71.200461832682322, 36.052092149522586 ], [ 71.203599378797776, 36.04804382324221 ], [ 71.204166666666694, 36.041666666666686 ], [ 71.201742214626762, 36.041313340928852 ], [ 71.198257785373301, 36.037853325737885 ], [ 71.193408881293436, 36.037146674262189 ], [ 71.187858072916697, 36.031623501247864 ], [ 71.1875, 36.029166666666704 ], [ 71.172575547960108, 36.028813340928856 ], [ 71.169091118706632, 36.025353325737882 ], [ 71.160075547960105, 36.024646674262186 ], [ 71.156591118706629, 36.021186659071219 ], [ 71.147575547960102, 36.020480007595523 ], [ 71.144091118706626, 36.017019992404549 ], [ 71.141666666666694, 36.016666666666687 ], [ 71.141313340928846, 36.014242214626769 ], [ 71.137146674262183, 36.010046217176686 ], [ 71.137853325737879, 36.005908881293436 ], [ 71.142019992404542, 36.001712883843354 ], [ 71.141313340928846, 35.989242214626771 ], [ 71.137853325737879, 35.985757785373295 ], [ 71.137146674262183, 35.980908881293438 ], [ 71.129519992404539, 35.973257785373299 ], [ 71.128808593750037, 35.968376498752207 ], [ 71.123257785373298, 35.962853325737882 ], [ 71.118408881293433, 35.962146674262186 ], [ 71.098257785373292, 35.942019992404546 ], [ 71.09583333333336, 35.941666666666684 ], [ 71.09498257107208, 35.93835093180342 ], [ 71.088350762261314, 35.936649068196651 ], [ 71.0875, 35.933333333333366 ], [ 71.085075547960102, 35.932980007595518 ], [ 71.081591118706626, 35.929519992404551 ], [ 71.079166666666694, 35.929166666666688 ], [ 71.078599378797776, 35.926956176757848 ], [ 71.07556728786895, 35.923043823242224 ], [ 71.074362182617222, 35.90507236056861 ], [ 71.070833333333368, 35.904166666666697 ], [ 71.071186659071216, 35.893408881293439 ], [ 71.074646674262183, 35.889924452039963 ], [ 71.075, 35.883333333333368 ], [ 71.071684095594648, 35.882482401529984 ], [ 71.070266045464436, 35.876956176757844 ], [ 71.067233954535624, 35.87304382324222 ], [ 71.066099378797773, 35.868622843424511 ], [ 71.057750447591175, 35.859253099229633 ], [ 71.051956176757841, 35.857766045464444 ], [ 71.043877156575547, 35.850567287868955 ], [ 71.036753336588575, 35.849432712131112 ], [ 71.031377156575545, 35.853599378797774 ], [ 71.029166666666697, 35.8541666666667 ], [ 71.028813340928849, 35.805883110894129 ], [ 71.014924452039963, 35.792019992404548 ], [ 71.010075547960099, 35.791313340928852 ], [ 71.006591118706623, 35.787853325737878 ], [ 70.997575547960096, 35.787146674262189 ], [ 70.994091118706621, 35.783686659071215 ], [ 70.991666666666703, 35.783333333333367 ], [ 70.991313340928855, 35.772575547960102 ], [ 70.987853325737873, 35.769091118706633 ], [ 70.987146674262178, 35.764242214626769 ], [ 70.978813340928852, 35.755882263183629 ], [ 70.979519992404548, 35.735075547960101 ], [ 70.982980007595515, 35.731591118706632 ], [ 70.983689032660621, 35.72254553900828 ], [ 70.989242214626771, 35.717019992404545 ], [ 70.994091118706621, 35.716313340928849 ], [ 70.997575547960096, 35.712853325737882 ], [ 71.008333333333368, 35.7125 ], [ 71.008686659071216, 35.701742214626769 ], [ 71.012146674262183, 35.698257785373293 ], [ 71.0125, 35.683333333333366 ], [ 71.005908881293436, 35.682980007595518 ], [ 71.002424452039961, 35.679519992404543 ], [ 70.997575547960096, 35.678813340928855 ], [ 70.994091118706621, 35.675353325737881 ], [ 70.985075547960093, 35.674646674262185 ], [ 70.977424452039955, 35.667019992404548 ], [ 70.975, 35.6666666666667 ], [ 70.975, 35.65 ], [ 70.97083333333336, 35.65 ], [ 70.968408881293428, 35.649646674262186 ], [ 70.95869106716583, 35.639955139160186 ], [ 70.957980007595509, 35.635075547960099 ], [ 70.954519992404542, 35.631591118706631 ], [ 70.953813340928846, 35.626742214626766 ], [ 70.950353325737879, 35.623257785373298 ], [ 70.95, 35.620833333333366 ], [ 70.930908881293433, 35.621186659071213 ], [ 70.927424452039958, 35.624646674262188 ], [ 70.922575547960093, 35.625353325737876 ], [ 70.919091118706632, 35.628813340928851 ], [ 70.914242214626768, 35.629519992404546 ], [ 70.910757785373292, 35.632980007595521 ], [ 70.8875, 35.633333333333368 ], [ 70.883333333333368, 35.633333333333368 ], [ 70.883900621202287, 35.626956176757844 ], [ 70.887031385633705, 35.622916666666697 ], [ 70.883900621202287, 35.61887715657555 ], [ 70.882482571072075, 35.613350931803417 ], [ 70.875850762261308, 35.611649068196648 ], [ 70.875, 35.608333333333363 ], [ 70.879733954535624, 35.607118394639791 ], [ 70.878599378797773, 35.593622843424512 ], [ 70.87443271213111, 35.588246663411489 ], [ 70.875567287868947, 35.572789510091177 ], [ 70.878599378797773, 35.568877156575553 ], [ 70.879733954535624, 35.564456176757844 ], [ 70.882864718967042, 35.560416666666697 ], [ 70.878599378797773, 35.554913330078158 ], [ 70.879733954535624, 35.543622843424508 ], [ 70.882766045464436, 35.539710489908884 ], [ 70.883900621202287, 35.535289510091175 ], [ 70.886932712131099, 35.531377156575552 ], [ 70.8875, 35.516666666666694 ], [ 70.886880832248295, 35.505157131618958 ], [ 70.881377156575553, 35.500567287868954 ], [ 70.875708346896729, 35.499112616644993 ], [ 70.874291653103327, 35.488387383355068 ], [ 70.867517428927982, 35.486649068196648 ], [ 70.86609937879777, 35.481122843424508 ], [ 70.863067287868958, 35.477210489908884 ], [ 70.8625, 35.475 ], [ 70.860289510091178, 35.475567287868955 ], [ 70.856377156575547, 35.478599378797774 ], [ 70.831122843424509, 35.479733954535618 ], [ 70.827210489908879, 35.482766045464437 ], [ 70.82278951009117, 35.483900621202288 ], [ 70.818877156575553, 35.486932712131107 ], [ 70.813350931803413, 35.488350931803417 ], [ 70.811649068196644, 35.494982401529981 ], [ 70.806122843424504, 35.496400621202291 ], [ 70.79804382324221, 35.503599378797773 ], [ 70.793622843424501, 35.504733954535624 ], [ 70.788467746310786, 35.508729214138484 ], [ 70.7875, 35.5125 ], [ 70.785289510091175, 35.511932712131106 ], [ 70.777210489908882, 35.504733954535624 ], [ 70.771684265136741, 35.503315734863314 ], [ 70.770833333333357, 35.5 ], [ 70.768408881293425, 35.499646674262181 ], [ 70.764924452039963, 35.496186659071213 ], [ 70.755908881293436, 35.495480007595518 ], [ 70.752424452039961, 35.492019992404543 ], [ 70.75, 35.491666666666696 ], [ 70.743622843424504, 35.492233954535621 ], [ 70.739710489908887, 35.49526604546444 ], [ 70.734184265136747, 35.49668426513675 ], [ 70.732766045464444, 35.502210489908883 ], [ 70.704733954535612, 35.531122843424512 ], [ 70.703599378797776, 35.535543823242222 ], [ 70.699604119194902, 35.540698920355936 ], [ 70.693622843424507, 35.542233954535618 ], [ 70.689710489908876, 35.545266045464444 ], [ 70.6875, 35.545833333333363 ], [ 70.681122843424504, 35.545266045464444 ], [ 70.677210489908887, 35.542233954535618 ], [ 70.672789510091178, 35.541099378797774 ], [ 70.663419765896293, 35.532750447591177 ], [ 70.661932712131104, 35.526956176757842 ], [ 70.657373555501323, 35.521489291720954 ], [ 70.642566257052977, 35.520172119140653 ], [ 70.641666666666694, 35.516666666666694 ], [ 70.63950653076175, 35.516049024793865 ], [ 70.636882358127195, 35.513499620225723 ], [ 70.649319458007838, 35.511689419216609 ], [ 70.650617641872856, 35.487030877007406 ], [ 70.646450975206193, 35.481326802571644 ], [ 70.645215691460535, 35.47453087700741 ], [ 70.649382358127198, 35.468826802571648 ], [ 70.65, 35.466666666666697 ], [ 70.648862881130668, 35.462235344780844 ], [ 70.64375, 35.46619788275828 ], [ 70.639710489908879, 35.463067287868952 ], [ 70.605190361870683, 35.461901177300376 ], [ 70.596400621202278, 35.452210489908886 ], [ 70.594933742947077, 35.446494547526072 ], [ 70.5875, 35.445833333333361 ], [ 70.576742214626762, 35.445480007595513 ], [ 70.573257785373286, 35.442019992404546 ], [ 70.570833333333354, 35.441666666666698 ], [ 70.569927639431455, 35.445195685492649 ], [ 70.551956176757841, 35.446400621202287 ], [ 70.54804382324221, 35.449432712131106 ], [ 70.545833333333363, 35.45 ], [ 70.545833333333363, 35.4625 ], [ 70.546400621202281, 35.464710489908882 ], [ 70.549432712131107, 35.468622843424512 ], [ 70.550567287868944, 35.484079996744825 ], [ 70.546400621202281, 35.489456176757841 ], [ 70.54526604546443, 35.49387715657555 ], [ 70.542233954535618, 35.497789510091174 ], [ 70.541099378797767, 35.514710489908886 ], [ 70.537235344780839, 35.519696214464005 ], [ 70.543877156575547, 35.521400621202289 ], [ 70.547789510091178, 35.524432712131109 ], [ 70.55637715657555, 35.525567287868952 ], [ 70.562486775716167, 35.530662367079024 ], [ 70.558900621202284, 35.535289510091175 ], [ 70.557766045464433, 35.561285061306457 ], [ 70.565815734863307, 35.56335093180342 ], [ 70.566666666666691, 35.566666666666698 ], [ 70.566099378797773, 35.568877156575553 ], [ 70.563067287868947, 35.572789510091177 ], [ 70.561932712131096, 35.581377156575556 ], [ 70.553583780924512, 35.590746900770434 ], [ 70.547789510091178, 35.592233954535622 ], [ 70.538419765896293, 35.60058288574222 ], [ 70.536612616644987, 35.607624816894564 ], [ 70.526956176757835, 35.608900621202288 ], [ 70.514710489908879, 35.62026604546444 ], [ 70.505054050021727, 35.621541849772164 ], [ 70.503599378797773, 35.627210489908883 ], [ 70.500567287868947, 35.631122843424514 ], [ 70.5, 35.65 ], [ 70.500353325737876, 35.656591118706629 ], [ 70.503813340928843, 35.660075547960105 ], [ 70.504166666666691, 35.670833333333363 ], [ 70.503505452473988, 35.678267076280413 ], [ 70.5, 35.679166666666703 ], [ 70.499149068196644, 35.682482401529981 ], [ 70.495833333333366, 35.683333333333366 ], [ 70.491666666666688, 35.683333333333366 ], [ 70.490815734863304, 35.680017598470087 ], [ 70.485289510091178, 35.678599378797777 ], [ 70.481377156575547, 35.675567287868958 ], [ 70.476956176757838, 35.674432712131107 ], [ 70.471579996744822, 35.670266045464444 ], [ 70.468622843424498, 35.671400621202288 ], [ 70.464710489908882, 35.674432712131107 ], [ 70.451956176757832, 35.675567287868958 ], [ 70.443877156575553, 35.68276604546444 ], [ 70.426956176757841, 35.683900621202291 ], [ 70.42304382324221, 35.68693271213111 ], [ 70.418622843424501, 35.688067287868954 ], [ 70.410543823242207, 35.695266045464443 ], [ 70.401956176757835, 35.696400621202287 ], [ 70.398043823242219, 35.699432712131106 ], [ 70.393622843424509, 35.700567287868957 ], [ 70.377210489908876, 35.716099378797779 ], [ 70.370833333333366, 35.716666666666697 ], [ 70.369982401529967, 35.713350931803419 ], [ 70.364456176757841, 35.711932712131109 ], [ 70.36054382324221, 35.708900621202289 ], [ 70.356122843424501, 35.707766045464439 ], [ 70.348043823242207, 35.700567287868957 ], [ 70.342062547471812, 35.699032253689268 ], [ 70.337968783908451, 35.69375 ], [ 70.341605970594642, 35.689056905110711 ], [ 70.314710489908876, 35.663067287868955 ], [ 70.30918426513675, 35.661649068196645 ], [ 70.307365587022588, 35.654562547471819 ], [ 70.302210489908873, 35.650567287868952 ], [ 70.2875, 35.65 ], [ 70.280908881293428, 35.650353325737882 ], [ 70.267024400499153, 35.664212205674943 ], [ 70.266666666666694, 35.6666666666667 ], [ 70.266666666666694, 35.675 ], [ 70.266313340928846, 35.677424452039965 ], [ 70.258686659071202, 35.685075547960103 ], [ 70.257980007595506, 35.697546217176679 ], [ 70.262146674262183, 35.701742214626769 ], [ 70.2625, 35.716666666666697 ], [ 70.263117641872853, 35.739660135904984 ], [ 70.266049024793858, 35.743673197428421 ], [ 70.267638312445769, 35.749231804741783 ], [ 70.278416442871119, 35.750800408257412 ], [ 70.279784308539519, 35.763236660427552 ], [ 70.271389940049943, 35.772910054524772 ], [ 70.274382358127198, 35.777006530761753 ], [ 70.275617641872856, 35.779903327094218 ], [ 70.267284308539516, 35.789506530761749 ], [ 70.266049024793858, 35.796302456325989 ], [ 70.270215691460521, 35.802006530761751 ], [ 70.271450975206193, 35.810493469238317 ], [ 70.274382358127198, 35.814506530761754 ], [ 70.275617641872856, 35.821302456325988 ], [ 70.271450975206193, 35.82700653076175 ], [ 70.270215691460521, 35.831965467664965 ], [ 70.277160135904978, 35.8339509752062 ], [ 70.285339864095079, 35.841049024793868 ], [ 70.291006808810792, 35.842669338650211 ], [ 70.291666666666686, 35.85833333333337 ], [ 70.272575547960088, 35.858686659071211 ], [ 70.264584011501753, 35.866652764214443 ], [ 70.260416666666686, 35.86251458062069 ], [ 70.256591118706623, 35.866313340928855 ], [ 70.251742214626759, 35.867019992404551 ], [ 70.248257785373283, 35.870480007595518 ], [ 70.243408881293433, 35.871186659071213 ], [ 70.239924452039958, 35.874646674262188 ], [ 70.226742214626753, 35.875353325737883 ], [ 70.223257785373292, 35.878813340928851 ], [ 70.205908881293425, 35.879519992404546 ], [ 70.198257785373286, 35.887146674262183 ], [ 70.195833333333354, 35.8875 ], [ 70.191666666666691, 35.8875 ], [ 70.188219028049062, 35.886461893717481 ], [ 70.186857265896293, 35.868698289659321 ], [ 70.183976067437086, 35.864635043674078 ], [ 70.182559882269985, 35.850750901964012 ], [ 70.166344875759577, 35.849357265896302 ], [ 70.160468377007405, 35.853523932562965 ], [ 70.15, 35.8541666666667 ], [ 70.149432712131102, 35.851956176757845 ], [ 70.12973395453561, 35.831377156575556 ], [ 70.128599378797759, 35.826956176757847 ], [ 70.125567287868947, 35.823043823242223 ], [ 70.12378506130645, 35.816099378797773 ], [ 70.114456176757841, 35.817233954535624 ], [ 70.109079996744811, 35.821400621202287 ], [ 70.104977586534318, 35.819826592339446 ], [ 70.103315734863301, 35.81335093180342 ], [ 70.1, 35.8125 ], [ 70.064242214626759, 35.812853325737883 ], [ 70.060757785373283, 35.816313340928851 ], [ 70.055908881293419, 35.817019992404546 ], [ 70.052424452039958, 35.820480007595521 ], [ 70.05, 35.820833333333368 ], [ 70.049006313747853, 35.824705505371128 ], [ 70.04654727511938, 35.824154324001768 ], [ 70.04526604546443, 35.814456176757844 ], [ 70.040747239854625, 35.809037611219651 ], [ 70.030054050021718, 35.807624816894567 ], [ 70.028599378797765, 35.801956176757848 ], [ 70.020250447591167, 35.79258643256297 ], [ 70.014456176757832, 35.791099378797774 ], [ 70.010543823242216, 35.788067287868955 ], [ 70.008333333333354, 35.7875 ], [ 70.006122843424507, 35.788067287868955 ], [ 70.002210489908876, 35.791099378797774 ], [ 69.995086669921903, 35.792233954535625 ], [ 69.988718668619811, 35.787298583984409 ], [ 69.98404727511938, 35.788345675998301 ], [ 69.98276604546443, 35.798043823242224 ], [ 69.979733954535618, 35.801956176757848 ], [ 69.978267076280403, 35.807672119140662 ], [ 69.970833333333374, 35.808333333333366 ], [ 69.966666666666711, 35.808333333333351 ], [ 69.966099378797779, 35.806122843424511 ], [ 69.963067287868967, 35.802210489908887 ], [ 69.961791653103333, 35.792554050021735 ], [ 69.955017428927988, 35.790815734863315 ], [ 69.953198920355945, 35.783729214138489 ], [ 69.94804382324223, 35.779733954535622 ], [ 69.9166666666667, 35.779166666666697 ], [ 69.91581590440542, 35.775850931803419 ], [ 69.9125, 35.775 ], [ 69.909007093641534, 35.774103630913665 ], [ 69.907766045464442, 35.761753336588576 ], [ 69.911932712131119, 35.756377156575553 ], [ 69.913067287868955, 35.75322943793406 ], [ 69.903583780924521, 35.742586432562966 ], [ 69.896684095594651, 35.740815734863311 ], [ 69.895266045464453, 35.735289510091178 ], [ 69.886917114257855, 35.7259197658963 ], [ 69.883333333333368, 35.725 ], [ 69.882980007595521, 35.722575547960105 ], [ 69.879519992404553, 35.719091118706629 ], [ 69.879166666666706, 35.716666666666697 ], [ 69.876742214626773, 35.716313340928849 ], [ 69.873257785373298, 35.712853325737882 ], [ 69.864242214626771, 35.712146674262186 ], [ 69.860757785373295, 35.708686659071212 ], [ 69.847575547960105, 35.707980007595516 ], [ 69.844091118706629, 35.704519992404549 ], [ 69.839950900607676, 35.703813340928853 ], [ 69.83159111870664, 35.712146674262186 ], [ 69.816666666666706, 35.7125 ], [ 69.816043090820344, 35.70090925428606 ], [ 69.810289510091181, 35.699432712131106 ], [ 69.806377156575564, 35.696400621202287 ], [ 69.80039605034726, 35.694865587022605 ], [ 69.796400621202295, 35.68971048990889 ], [ 69.795266045464444, 35.685289510091181 ], [ 69.792233954535632, 35.68137715657555 ], [ 69.791099378797782, 35.676956176757848 ], [ 69.788067287868955, 35.673043823242217 ], [ 69.786932712131119, 35.651956176757842 ], [ 69.778599378797779, 35.64260389539934 ], [ 69.779733954535629, 35.635289510091177 ], [ 69.782766045464442, 35.631377156575553 ], [ 69.784184095594654, 35.62585093180342 ], [ 69.7875, 35.625 ], [ 69.787146674262189, 35.614242214626771 ], [ 69.775353325737882, 35.602424452039962 ], [ 69.774646674262186, 35.580908881293432 ], [ 69.76631334092886, 35.572548929850292 ], [ 69.767019992404556, 35.568408881293436 ], [ 69.770480007595523, 35.564924452039961 ], [ 69.770833333333371, 35.554166666666696 ], [ 69.768408881293439, 35.553813340928848 ], [ 69.764924452039963, 35.550353325737881 ], [ 69.760075547960099, 35.549646674262185 ], [ 69.752424452039961, 35.542019992404548 ], [ 69.75, 35.5416666666667 ], [ 69.74757554796011, 35.541313340928852 ], [ 69.744091118706635, 35.537853325737878 ], [ 69.722575547960105, 35.537146674262182 ], [ 69.719091118706629, 35.533686659071215 ], [ 69.702453613281278, 35.532980007595519 ], [ 69.698257785373301, 35.537146674262182 ], [ 69.691666666666706, 35.5375 ], [ 69.684110175238757, 35.536745876736141 ], [ 69.682702975802982, 35.524603780110709 ], [ 69.686921522352463, 35.518742540147599 ], [ 69.675630357530423, 35.506314256456193 ], [ 69.675, 35.504166666666698 ], [ 69.672575547960108, 35.503813340928851 ], [ 69.669091118706632, 35.500353325737876 ], [ 69.647575547960102, 35.499646674262181 ], [ 69.64375, 35.495847913954023 ], [ 69.639924452039963, 35.499646674262181 ], [ 69.62745361328129, 35.500353325737876 ], [ 69.623257785373298, 35.496186659071213 ], [ 69.620833333333366, 35.495833333333366 ], [ 69.616666666666703, 35.495833333333366 ], [ 69.616313340928855, 35.493408881293433 ], [ 69.608686659071211, 35.485757785373295 ], [ 69.608333333333363, 35.4791666666667 ], [ 69.606122843424515, 35.478599378797774 ], [ 69.598043823242222, 35.471400621202285 ], [ 69.584232923719654, 35.470172119140656 ], [ 69.582766045464439, 35.464456176757842 ], [ 69.574027167426252, 35.454821438259579 ], [ 69.560289510091181, 35.453599378797776 ], [ 69.55625, 35.450468783908448 ], [ 69.552210489908887, 35.453599378797776 ], [ 69.547789510091178, 35.454733954535619 ], [ 69.535543823242222, 35.466099378797772 ], [ 69.514456176757847, 35.467233954535622 ], [ 69.510543823242216, 35.470266045464442 ], [ 69.486753336588578, 35.471400621202285 ], [ 69.481377156575562, 35.467233954535622 ], [ 69.476956176757852, 35.466099378797772 ], [ 69.473043823242222, 35.463067287868952 ], [ 69.468622843424512, 35.461932712131109 ], [ 69.464710489908882, 35.458900621202289 ], [ 69.451956176757847, 35.457766045464439 ], [ 69.448043823242216, 35.454733954535619 ], [ 69.441666666666706, 35.454166666666694 ], [ 69.441137017144129, 35.447751702202723 ], [ 69.433862982855942, 35.439748297797337 ], [ 69.432803683810803, 35.43525170220272 ], [ 69.428637017144126, 35.43010745578345 ], [ 69.430078803168442, 35.425766499837266 ], [ 69.433333333333366, 35.425 ], [ 69.433333333333366, 35.420833333333363 ], [ 69.425, 35.420833333333363 ], [ 69.422575547960108, 35.421186659071211 ], [ 69.419091118706632, 35.424646674262185 ], [ 69.405908881293442, 35.425353325737881 ], [ 69.402424452039966, 35.428813340928848 ], [ 69.397575547960102, 35.429519992404543 ], [ 69.39375, 35.433318752712701 ], [ 69.389924452039963, 35.429519992404543 ], [ 69.385075547960099, 35.428813340928848 ], [ 69.381591118706623, 35.425353325737881 ], [ 69.368408881293433, 35.424646674262185 ], [ 69.364924452039958, 35.421186659071211 ], [ 69.3625, 35.420833333333363 ], [ 69.358333333333363, 35.420833333333363 ], [ 69.357766045464444, 35.418622843424508 ], [ 69.354733954535618, 35.414710489908884 ], [ 69.353599378797782, 35.410289510091175 ], [ 69.350567287868955, 35.406377156575552 ], [ 69.349149237738743, 35.400850931803419 ], [ 69.34583333333336, 35.4 ], [ 69.343622843424512, 35.400567287868952 ], [ 69.339710489908882, 35.403599378797772 ], [ 69.326956176757847, 35.404733954535622 ], [ 69.323043823242216, 35.407766045464442 ], [ 69.320086669921906, 35.408900621202285 ], [ 69.31458333333336, 35.404635450575114 ], [ 69.310543823242227, 35.407766045464442 ], [ 69.295086669921901, 35.408900621202285 ], [ 69.289710489908884, 35.404733954535622 ], [ 69.275899590386317, 35.403505452473986 ], [ 69.274432712131102, 35.397789510091172 ], [ 69.270437282986137, 35.392634412977458 ], [ 69.266666666666694, 35.391666666666694 ], [ 69.266099378797776, 35.393877156575549 ], [ 69.26306728786895, 35.397789510091172 ], [ 69.261649237738752, 35.403315734863313 ], [ 69.254875013563407, 35.405054050021732 ], [ 69.253599378797773, 35.414710489908884 ], [ 69.250567287868961, 35.418622843424508 ], [ 69.25, 35.420833333333363 ], [ 69.245833333333366, 35.420833333333363 ], [ 69.241666666666703, 35.420833333333363 ], [ 69.240815904405409, 35.417517598470084 ], [ 69.235289510091178, 35.416099378797774 ], [ 69.231377156575547, 35.413067287868955 ], [ 69.222789510091175, 35.411932712131104 ], [ 69.217413330078159, 35.407766045464442 ], [ 69.200987752278678, 35.408971659342477 ], [ 69.192233954535624, 35.418622843424508 ], [ 69.191666666666691, 35.420833333333363 ], [ 69.172575547960108, 35.420480007595515 ], [ 69.167024739583368, 35.41495683458119 ], [ 69.166313340928852, 35.410075547960098 ], [ 69.158347235785627, 35.402084011501763 ], [ 69.16248609754777, 35.397915988498291 ], [ 69.152451239691871, 35.387854003906277 ], [ 69.126742214626773, 35.387146674262183 ], [ 69.123257785373298, 35.383686659071209 ], [ 69.114242214626771, 35.382980007595513 ], [ 69.110757785373295, 35.379519992404546 ], [ 69.1, 35.379166666666698 ], [ 69.099149237738743, 35.375850931803413 ], [ 69.093622843424512, 35.374432712131103 ], [ 69.089710489908882, 35.371400621202284 ], [ 69.085289510091172, 35.37026604546444 ], [ 69.081377156575556, 35.367233954535621 ], [ 69.066666666666691, 35.366666666666696 ], [ 69.066313340928843, 35.364242214626763 ], [ 69.062853325737876, 35.360757785373295 ], [ 69.062146674262181, 35.355908881293431 ], [ 69.058686659071213, 35.352424452039962 ], [ 69.057980007595518, 35.347575547960098 ], [ 69.050353325737873, 35.339924452039959 ], [ 69.05, 35.325 ], [ 69.047789510091178, 35.324432712131106 ], [ 69.043877156575547, 35.321400621202287 ], [ 69.038350762261317, 35.319982401529977 ], [ 69.036932712131104, 35.314456176757844 ], [ 69.033900621202292, 35.310543823242213 ], [ 69.032766045464442, 35.306122843424511 ], [ 69.021293131510447, 35.293761359320776 ], [ 69.024432712131102, 35.289710489908884 ], [ 69.025567287868952, 35.278420003255235 ], [ 69.021400621202289, 35.273043823242219 ], [ 69.020833333333357, 35.254166666666698 ], [ 69.020833333333357, 35.25 ], [ 69.014418538411491, 35.249470520019557 ], [ 69.009332614474857, 35.245351325141087 ], [ 69.004939100477458, 35.246719699435793 ], [ 69.004166666666691, 35.25 ], [ 69.003813340928843, 35.256591118706623 ], [ 68.998287963867213, 35.262144300672773 ], [ 68.989242214626771, 35.262853325737879 ], [ 68.985757785373295, 35.266313340928846 ], [ 68.983333333333363, 35.266666666666694 ], [ 68.982980007595515, 35.269091118706626 ], [ 68.973288302951417, 35.278808932834231 ], [ 68.97083333333336, 35.279166666666697 ], [ 68.968408881293428, 35.278813340928849 ], [ 68.964924452039966, 35.275353325737875 ], [ 68.9625, 35.275 ], [ 68.955908881293439, 35.274646674262179 ], [ 68.952424452039963, 35.271186659071212 ], [ 68.945833333333368, 35.270833333333364 ], [ 68.943622843424507, 35.271400621202289 ], [ 68.935543823242213, 35.278599378797772 ], [ 68.928420003255241, 35.279733954535622 ], [ 68.92304382324221, 35.275567287868952 ], [ 68.895086669921909, 35.274432712131102 ], [ 68.889710489908879, 35.278599378797772 ], [ 68.881122843424507, 35.279733954535622 ], [ 68.873043823242213, 35.286932712131104 ], [ 68.867517428927982, 35.288350931803414 ], [ 68.86609937879777, 35.293877156575547 ], [ 68.862103949652806, 35.299032253689262 ], [ 68.858333333333363, 35.3 ], [ 68.8541666666667, 35.3 ], [ 68.853549194335969, 35.293673197428411 ], [ 68.850617472330754, 35.289660135904974 ], [ 68.849382527669306, 35.285339864095079 ], [ 68.846450805664091, 35.281326802571641 ], [ 68.845030721028678, 35.271568467881977 ], [ 68.831173197428413, 35.270215691460535 ], [ 68.827160135904975, 35.267284308539523 ], [ 68.8125, 35.266666666666694 ], [ 68.81193271213111, 35.26445617675784 ], [ 68.804733954535621, 35.256377156575553 ], [ 68.803315734863304, 35.250850931803413 ], [ 68.8, 35.25 ], [ 68.800353325737873, 35.247575547960096 ], [ 68.804152086046031, 35.24375 ], [ 68.800353325737873, 35.239924452039958 ], [ 68.799645487467473, 35.222546725802978 ], [ 68.794091118706632, 35.217019992404545 ], [ 68.7875, 35.216666666666697 ], [ 68.775, 35.216666666666697 ], [ 68.774090745714005, 35.213123575846382 ], [ 68.751956176757844, 35.211932712131102 ], [ 68.748043823242213, 35.208900621202282 ], [ 68.741666666666688, 35.208333333333364 ], [ 68.738098483615474, 35.207417636447509 ], [ 68.7375, 35.1875 ], [ 68.726742214626768, 35.187146674262181 ], [ 68.719091118706629, 35.179519992404543 ], [ 68.714953782823372, 35.178813340928848 ], [ 68.710757785373289, 35.182980007595518 ], [ 68.708333333333357, 35.183333333333358 ], [ 68.707980007595509, 35.180908881293433 ], [ 68.687853325737876, 35.160757785373292 ], [ 68.687146674262181, 35.155908881293428 ], [ 68.683686659071213, 35.152424452039959 ], [ 68.682977803548198, 35.143380398220515 ], [ 68.673257785373295, 35.133686659071209 ], [ 68.6666666666667, 35.133333333333361 ], [ 68.660075547960091, 35.133686659071209 ], [ 68.656591118706629, 35.137146674262183 ], [ 68.6375, 35.1375 ], [ 68.618622843424504, 35.136932712131106 ], [ 68.600616115993944, 35.119816419813397 ], [ 68.599432712131104, 35.097048272026939 ], [ 68.606377156575547, 35.095266045464435 ], [ 68.611880832248289, 35.090676201714437 ], [ 68.6125, 35.079166666666694 ], [ 68.611586676703581, 35.075607638888918 ], [ 68.581122843424509, 35.074432712131106 ], [ 68.575746663411479, 35.070266045464436 ], [ 68.568622843424507, 35.071400621202287 ], [ 68.564710489908876, 35.074432712131106 ], [ 68.554166666666688, 35.075 ], [ 68.551742214626756, 35.074646674262183 ], [ 68.548257785373295, 35.071186659071209 ], [ 68.543408881293431, 35.070480007595513 ], [ 68.537858072916691, 35.064957004123293 ], [ 68.5375, 35.0625 ], [ 68.514242214626762, 35.062146674262181 ], [ 68.510416666666686, 35.058347913954023 ], [ 68.506591118706623, 35.062146674262181 ], [ 68.497575547960096, 35.062853325737876 ], [ 68.494091118706621, 35.066313340928843 ], [ 68.491666666666688, 35.066666666666691 ], [ 68.480908881293431, 35.067019992404539 ], [ 68.477424452039955, 35.070480007595513 ], [ 68.468408881293428, 35.071186659071209 ], [ 68.464924452039952, 35.074646674262183 ], [ 68.433333333333366, 35.075 ], [ 68.426742214626756, 35.074646674262183 ], [ 68.423257785373295, 35.071186659071209 ], [ 68.418408881293431, 35.070480007595513 ], [ 68.414924452039955, 35.067019992404539 ], [ 68.410075547960091, 35.066313340928843 ], [ 68.406591118706629, 35.062853325737876 ], [ 68.389242214626762, 35.062146674262181 ], [ 68.385757785373286, 35.058686659071206 ], [ 68.380908881293422, 35.057980007595511 ], [ 68.377424452039961, 35.054519992404543 ], [ 68.375, 35.054166666666696 ], [ 68.370833333333366, 35.054166666666696 ], [ 68.367517598470073, 35.055017428927982 ], [ 68.366666666666688, 35.058333333333358 ], [ 68.365757412380674, 35.061876424153674 ], [ 68.343622843424498, 35.063067287868954 ], [ 68.339710489908882, 35.066099378797773 ], [ 68.335289510091172, 35.067233954535617 ], [ 68.327210489908879, 35.074432712131106 ], [ 68.308333333333351, 35.075 ], [ 68.305908881293433, 35.074646674262183 ], [ 68.302424452039958, 35.071186659071209 ], [ 68.276742214626765, 35.070480007595513 ], [ 68.273257785373289, 35.067019992404539 ], [ 68.270833333333357, 35.066666666666691 ], [ 68.270480007595509, 35.060075547960096 ], [ 68.267019992404542, 35.056591118706628 ], [ 68.266313340928846, 35.051742214626763 ], [ 68.262853325737865, 35.048257785373295 ], [ 68.2625, 35.0375 ], [ 68.261649068196633, 35.034184095594647 ], [ 68.256122843424507, 35.032766045464435 ], [ 68.252210489908876, 35.029733954535615 ], [ 68.247789510091167, 35.028599378797772 ], [ 68.24387715657555, 35.025567287868952 ], [ 68.195833333333354, 35.025 ], [ 68.191666666666691, 35.025 ], [ 68.191666666666691, 35.020833333333357 ], [ 68.191666666666691, 35.016666666666694 ], [ 68.192019992404539, 35.014242214626762 ], [ 68.195480007595506, 35.010757785373293 ], [ 68.195833333333354, 35.008333333333361 ], [ 68.199604119194902, 35.007365587022598 ], [ 68.203599378797762, 35.002210489908883 ], [ 68.204733954535612, 34.997789510091174 ], [ 68.207766045464439, 34.99387715657555 ], [ 68.209184265136741, 34.988350762261312 ], [ 68.216270785861568, 34.986532253689262 ], [ 68.220266045464427, 34.981377156575547 ], [ 68.221400621202278, 34.968622843424505 ], [ 68.224432712131104, 34.964710489908882 ], [ 68.225704277886308, 34.95508626302086 ], [ 68.231122843424501, 34.95056728786895 ], [ 68.236649068196641, 34.949149237738744 ], [ 68.238067287868944, 34.943622843424507 ], [ 68.24109937879777, 34.939710489908883 ], [ 68.242517598470073, 34.934184095594645 ], [ 68.249604119194899, 34.932365587022595 ], [ 68.253599378797773, 34.92721048990888 ], [ 68.25473395453561, 34.897789510091172 ], [ 68.258900621202287, 34.892413330078149 ], [ 68.257766045464436, 34.876956176757837 ], [ 68.25473395453561, 34.873043823242213 ], [ 68.253599378797773, 34.851956176757838 ], [ 68.250567287868947, 34.848043823242215 ], [ 68.249432712131096, 34.839456176757835 ], [ 68.24109937879777, 34.830103895399333 ], [ 68.242859056260869, 34.825221761067731 ], [ 68.247789510091167, 34.82140062120228 ], [ 68.257413906521293, 34.820129055447076 ], [ 68.261932712131099, 34.814710489908876 ], [ 68.26306728786895, 34.801956176757841 ], [ 68.266099378797762, 34.79804382324221 ], [ 68.266666666666694, 34.795833333333356 ], [ 68.266308593750026, 34.793376329210098 ], [ 68.260757785373286, 34.787853325737871 ], [ 68.255908881293422, 34.787146674262175 ], [ 68.252424452039961, 34.783686659071208 ], [ 68.245833333333351, 34.78333333333336 ], [ 68.239242214626756, 34.782980007595512 ], [ 68.235757785373295, 34.779519992404538 ], [ 68.226742214626753, 34.778813340928842 ], [ 68.223257785373292, 34.775353325737875 ], [ 68.205908881293425, 34.774646674262179 ], [ 68.202424452039949, 34.771186659071205 ], [ 68.2, 34.770833333333357 ], [ 68.199149068196633, 34.767517428927974 ], [ 68.195833333333354, 34.766666666666694 ], [ 68.193408881293422, 34.766313340928846 ], [ 68.185757785373283, 34.758686659071202 ], [ 68.180908881293419, 34.757980007595513 ], [ 68.177424452039958, 34.754519992404539 ], [ 68.160075547960091, 34.753813340928843 ], [ 68.154524739583351, 34.748290337456623 ], [ 68.154166666666697, 34.745833333333358 ], [ 68.151742214626765, 34.746186659071206 ], [ 68.147916666666688, 34.749985419379364 ], [ 68.144091118706626, 34.746186659071206 ], [ 68.141666666666694, 34.745833333333358 ], [ 68.14081573486331, 34.749149237738742 ], [ 68.1375, 34.75 ], [ 68.136838785807313, 34.742566257052978 ], [ 68.129780917697502, 34.740754869249159 ], [ 68.128557332356792, 34.713520304362007 ], [ 68.114710489908873, 34.70056728786895 ], [ 68.110289510091164, 34.699432712131099 ], [ 68.10221048990887, 34.692233954535617 ], [ 68.097789510091175, 34.691099378797766 ], [ 68.093877156575545, 34.688067287868947 ], [ 68.091666666666683, 34.6875 ], [ 68.091313340928849, 34.685075547960096 ], [ 68.087514580620692, 34.68125 ], [ 68.091652086046039, 34.677083333333357 ], [ 68.087146674262186, 34.672546386718771 ], [ 68.087853325737882, 34.651742214626758 ], [ 68.092019992404545, 34.647546386718773 ], [ 68.091313340928849, 34.630908881293429 ], [ 68.083686659071219, 34.623257785373291 ], [ 68.082980007595523, 34.618408881293426 ], [ 68.079519992404542, 34.614924452039958 ], [ 68.078811645507841, 34.601713053385438 ], [ 68.073257785373301, 34.596186659071208 ], [ 68.064212036132844, 34.595477634006102 ], [ 68.058686659071213, 34.589924452039952 ], [ 68.057980007595518, 34.585075547960095 ], [ 68.050353325737873, 34.577424452039956 ], [ 68.05, 34.570833333333354 ], [ 68.043408881293431, 34.570480007595506 ], [ 68.039924452039969, 34.567019992404539 ], [ 68.031620279947944, 34.566313340928843 ], [ 68.027424452039966, 34.570480007595506 ], [ 68.018408881293439, 34.571186659071202 ], [ 68.014924452039963, 34.574646674262176 ], [ 68.004166666666691, 34.575 ], [ 68.003267076280409, 34.578505452473983 ], [ 67.995833333333366, 34.579166666666687 ], [ 67.993408881293433, 34.579519992404535 ], [ 67.989924452039958, 34.582980007595509 ], [ 67.985075547960093, 34.583686659071205 ], [ 67.981591118706632, 34.587146674262179 ], [ 67.9791666666667, 34.5875 ], [ 67.978813340928852, 34.594091118706622 ], [ 67.973286946614621, 34.59964497884117 ], [ 67.966666666666697, 34.6 ], [ 67.965779283311662, 34.603458319769992 ], [ 67.956122843424509, 34.604733954535611 ], [ 67.950967746310795, 34.608729383680583 ], [ 67.95, 34.6125 ], [ 67.941666666666691, 34.6125 ], [ 67.926956176757841, 34.6119327121311 ], [ 67.923043823242224, 34.608900621202281 ], [ 67.913387383355058, 34.607624986436655 ], [ 67.911688910590314, 34.601006740993945 ], [ 67.907586669921912, 34.599432712131097 ], [ 67.902210489908882, 34.603599378797767 ], [ 67.893622843424509, 34.604733954535611 ], [ 67.889710489908879, 34.60776604546443 ], [ 67.870833333333366, 34.608333333333356 ], [ 67.867375013563404, 34.609220716688391 ], [ 67.86609937879777, 34.618877156575543 ], [ 67.863067287868958, 34.622789510091167 ], [ 67.8625, 34.625 ], [ 67.830908881293439, 34.625353325737869 ], [ 67.823257785373301, 34.632980007595506 ], [ 67.818408881293436, 34.633686659071202 ], [ 67.814924452039961, 34.637146674262176 ], [ 67.7916666666667, 34.6375 ], [ 67.78333333333336, 34.6375 ], [ 67.78248257107208, 34.640815904405407 ], [ 67.779166666666697, 34.641666666666694 ], [ 67.776742214626765, 34.642019992404535 ], [ 67.773257785373289, 34.645480007595509 ], [ 67.745833333333366, 34.645833333333357 ], [ 67.739242214626771, 34.646186659071205 ], [ 67.735757785373295, 34.649646674262179 ], [ 67.722575547960105, 34.650353325737868 ], [ 67.719091118706629, 34.653813340928842 ], [ 67.710786946614618, 34.654519992404538 ], [ 67.706591118706626, 34.650353325737868 ], [ 67.7, 34.65 ], [ 67.697575547960099, 34.649646674262179 ], [ 67.689924452039961, 34.642019992404535 ], [ 67.685075547960096, 34.641313340928846 ], [ 67.681591118706621, 34.637853325737872 ], [ 67.660786946614607, 34.637146674262176 ], [ 67.656591118706629, 34.641313340928846 ], [ 67.652453613281281, 34.642019992404535 ], [ 67.648257785373289, 34.637853325737872 ], [ 67.644120279947941, 34.637146674262176 ], [ 67.639924452039963, 34.641313340928846 ], [ 67.620833333333366, 34.641666666666694 ], [ 67.620480007595518, 34.648257785373289 ], [ 67.614953613281273, 34.653811645507837 ], [ 67.608333333333363, 34.65416666666669 ], [ 67.593622843424512, 34.653599378797765 ], [ 67.589583333333366, 34.650468614366346 ], [ 67.585543823242219, 34.653599378797765 ], [ 67.563409084743952, 34.654790242513045 ], [ 67.56193271213111, 34.660543823242215 ], [ 67.550567287868944, 34.672789510091171 ], [ 67.55, 34.675 ], [ 67.547789510091178, 34.675567287868951 ], [ 67.543877156575547, 34.67859937879777 ], [ 67.531122843424512, 34.679733954535614 ], [ 67.527210489908882, 34.682766045464433 ], [ 67.522789510091172, 34.683900621202284 ], [ 67.518877156575542, 34.686932712131103 ], [ 67.499253336588566, 34.688067287868947 ], [ 67.49387715657555, 34.683900621202284 ], [ 67.489456176757841, 34.682766045464433 ], [ 67.48554382324221, 34.679733954535614 ], [ 67.481122843424501, 34.67859937879777 ], [ 67.471752929687526, 34.670250447591172 ], [ 67.470266045464442, 34.664456176757838 ], [ 67.467233954535615, 34.660543823242215 ], [ 67.465757581922773, 34.654790242513045 ], [ 67.454166666666694, 34.65416666666669 ], [ 67.454166666666694, 34.65833333333336 ], [ 67.442575751410615, 34.658956909179715 ], [ 67.441666666666691, 34.6625 ], [ 67.4375, 34.6625 ] ] ] ] } }
]
}
